[START] 2026-06-16 14:34:10
[INFO] host=dhler2u01-fat
[INFO] repo_dir=/mnt/beegfs/2a/mb12724/franc/small-language-modelling
[INFO] source_dir=/mnt/beegfs/2a/mb12724/franc/small-language-modelling/SLM
[INFO] run_script=/mnt/beegfs/2a/mb12724/franc/small-language-modelling/compute_slm_representation_overlaps.py
[INFO] data_root=/mnt/beegfs/2a/mb12724/franc/small-language-modelling/data
[INFO] collected_results_root=/mnt/beegfs/2a/mb12724/franc/small-language-modelling/collected_results
[INFO] run_name=slm_TR2_uniform_L5_v1
[INFO] run_id=rhm_transformer_v2_P_65536_seed_rules_1_seed_sample_1_seed_model_1
[INFO] run_dir_override=unset
[INFO] resolved_run_dir=/mnt/beegfs/2a/mb12724/franc/small-language-modelling/data/slm_TR2_uniform_L5_v1/rhm_transformer_v2_P_65536_seed_rules_1_seed_sample_1_seed_model_1
[INFO] output_name=overlap_stream_TR2_L5_v1
[INFO] overlap_target=representations
[INFO] metric=gram
[INFO] representation_mode=block_update
[INFO] reference_source=auto
[INFO] subset_train_size=512
[INFO] subset_valid_size=512
[INFO] subset_seed=12345
[INFO] batch_size=256
[INFO] num_checkpoints=0
[INFO] max_step=none
[INFO] include_embedding=1
[INFO] include_final_norm=1
[INFO] temp_root=output_directory
[INFO] keep_temp=0
[INFO] device=cuda
[INFO] conda_env=rhm
[INFO] original_cuda_visible_devices=GPU-fe585e8c-910e-cb6f-46cd-956c26e92992
[INFO] cuda_visible_devices=0
[INFO] torch= 2.3.1+cu118
[INFO] cuda_available= True
[INFO] gpu= Tesla V100-SXM2-32GB
[CMD] python -u /mnt/beegfs/2a/mb12724/franc/small-language-modelling/compute_slm_representation_overlaps.py --repo_dir /mnt/beegfs/2a/mb12724/franc/small-language-modelling --source_dir /mnt/beegfs/2a/mb12724/franc/small-language-modelling/SLM --data_root /mnt/beegfs/2a/mb12724/franc/small-language-modelling/data --collected_results_root /mnt/beegfs/2a/mb12724/franc/small-language-modelling/collected_results --device cuda --overlap_target representations --metric gram --representation_mode block_update --reference_source auto --subset_train_size 512 --subset_valid_size 512 --subset_seed 12345 --batch_size 256 --num_checkpoints 0 --run_name slm_TR2_uniform_L5_v1 --run_id rhm_transformer_v2_P_65536_seed_rules_1_seed_sample_1_seed_model_1 --output_name overlap_stream_TR2_L5_v1 --include_embedding --include_final_norm
[RUN] launching overlap computation
[INFO] run_dir=/mnt/beegfs/2a/mb12724/franc/small-language-modelling/data/slm_TR2_uniform_L5_v1/rhm_transformer_v2_P_65536_seed_rules_1_seed_sample_1_seed_model_1
[INFO] checkpoints=100/100
[INFO] output_dir=/mnt/beegfs/2a/mb12724/franc/small-language-modelling/collected_results/overlap_stream_TR2_L5_v1
[INFO] extracting representations 1/100: checkpoint_step_1.pt
# parameters: 7298312
[INFO] extracting representations 2/100: checkpoint_step_2.pt
# parameters: 7298312
[INFO] extracting representations 3/100: checkpoint_step_3.pt
# parameters: 7298312
[INFO] extracting representations 4/100: checkpoint_step_4.pt
# parameters: 7298312
[INFO] extracting representations 5/100: checkpoint_step_5.pt
# parameters: 7298312
[INFO] extracting representations 6/100: checkpoint_step_6.pt
# parameters: 7298312
[INFO] extracting representations 7/100: checkpoint_step_7.pt
# parameters: 7298312
[INFO] extracting representations 8/100: checkpoint_step_8.pt
# parameters: 7298312
[INFO] extracting representations 9/100: checkpoint_step_9.pt
# parameters: 7298312
[INFO] extracting representations 10/100: checkpoint_step_10.pt
# parameters: 7298312
[INFO] extracting representations 11/100: checkpoint_step_11.pt
# parameters: 7298312
[INFO] extracting representations 12/100: checkpoint_step_12.pt
# parameters: 7298312
[INFO] extracting representations 13/100: checkpoint_step_13.pt
# parameters: 7298312
[INFO] extracting representations 14/100: checkpoint_step_14.pt
# parameters: 7298312
[INFO] extracting representations 15/100: checkpoint_step_15.pt
# parameters: 7298312
[INFO] extracting representations 16/100: checkpoint_step_16.pt
# parameters: 7298312
[INFO] extracting representations 17/100: checkpoint_step_17.pt
# parameters: 7298312
[INFO] extracting representations 18/100: checkpoint_step_18.pt
# parameters: 7298312
[INFO] extracting representations 19/100: checkpoint_step_19.pt
# parameters: 7298312
[INFO] extracting representations 20/100: checkpoint_step_20.pt
# parameters: 7298312
[INFO] extracting representations 21/100: checkpoint_step_21.pt
# parameters: 7298312
[INFO] extracting representations 22/100: checkpoint_step_22.pt
# parameters: 7298312
[INFO] extracting representations 23/100: checkpoint_step_23.pt
# parameters: 7298312
[INFO] extracting representations 24/100: checkpoint_step_24.pt
# parameters: 7298312
[INFO] extracting representations 25/100: checkpoint_step_25.pt
# parameters: 7298312
[INFO] extracting representations 26/100: checkpoint_step_26.pt
# parameters: 7298312
[INFO] extracting representations 27/100: checkpoint_step_27.pt
# parameters: 7298312
[INFO] extracting representations 28/100: checkpoint_step_28.pt
# parameters: 7298312
[INFO] extracting representations 29/100: checkpoint_step_29.pt
# parameters: 7298312
[INFO] extracting representations 30/100: checkpoint_step_30.pt
# parameters: 7298312
[INFO] extracting representations 31/100: checkpoint_step_33.pt
# parameters: 7298312
[INFO] extracting representations 32/100: checkpoint_step_37.pt
# parameters: 7298312
[INFO] extracting representations 33/100: checkpoint_step_41.pt
# parameters: 7298312
[INFO] extracting representations 34/100: checkpoint_step_46.pt
# parameters: 7298312
[INFO] extracting representations 35/100: checkpoint_step_52.pt
# parameters: 7298312
[INFO] extracting representations 36/100: checkpoint_step_59.pt
# parameters: 7298312
[INFO] extracting representations 37/100: checkpoint_step_66.pt
# parameters: 7298312
[INFO] extracting representations 38/100: checkpoint_step_74.pt
# parameters: 7298312
[INFO] extracting representations 39/100: checkpoint_step_83.pt
# parameters: 7298312
[INFO] extracting representations 40/100: checkpoint_step_93.pt
# parameters: 7298312
[INFO] extracting representations 41/100: checkpoint_step_105.pt
# parameters: 7298312
[INFO] extracting representations 42/100: checkpoint_step_118.pt
# parameters: 7298312
[INFO] extracting representations 43/100: checkpoint_step_132.pt
# parameters: 7298312
[INFO] extracting representations 44/100: checkpoint_step_148.pt
# parameters: 7298312
[INFO] extracting representations 45/100: checkpoint_step_167.pt
# parameters: 7298312
[INFO] extracting representations 46/100: checkpoint_step_187.pt
# parameters: 7298312
[INFO] extracting representations 47/100: checkpoint_step_210.pt
# parameters: 7298312
[INFO] extracting representations 48/100: checkpoint_step_236.pt
# parameters: 7298312
[INFO] extracting representations 49/100: checkpoint_step_266.pt
# parameters: 7298312
[INFO] extracting representations 50/100: checkpoint_step_298.pt
# parameters: 7298312
[INFO] extracting representations 51/100: checkpoint_step_335.pt
# parameters: 7298312
[INFO] extracting representations 52/100: checkpoint_step_376.pt
# parameters: 7298312
[INFO] extracting representations 53/100: checkpoint_step_423.pt
# parameters: 7298312
[INFO] extracting representations 54/100: checkpoint_step_475.pt
# parameters: 7298312
[INFO] extracting representations 55/100: checkpoint_step_534.pt
# parameters: 7298312
[INFO] extracting representations 56/100: checkpoint_step_599.pt
# parameters: 7298312
[INFO] extracting representations 57/100: checkpoint_step_673.pt
# parameters: 7298312
[INFO] extracting representations 58/100: checkpoint_step_756.pt
# parameters: 7298312
[INFO] extracting representations 59/100: checkpoint_step_850.pt
# parameters: 7298312
[INFO] extracting representations 60/100: checkpoint_step_955.pt
# parameters: 7298312
[INFO] extracting representations 61/100: checkpoint_step_1072.pt
# parameters: 7298312
[INFO] extracting representations 62/100: checkpoint_step_1205.pt
# parameters: 7298312
[INFO] extracting representations 63/100: checkpoint_step_1353.pt
# parameters: 7298312
[INFO] extracting representations 64/100: checkpoint_step_1520.pt
# parameters: 7298312
[INFO] extracting representations 65/100: checkpoint_step_1707.pt
# parameters: 7298312
[INFO] extracting representations 66/100: checkpoint_step_1918.pt
# parameters: 7298312
[INFO] extracting representations 67/100: checkpoint_step_2154.pt
# parameters: 7298312
[INFO] extracting representations 68/100: checkpoint_step_2420.pt
# parameters: 7298312
[INFO] extracting representations 69/100: checkpoint_step_2719.pt
# parameters: 7298312
[INFO] extracting representations 70/100: checkpoint_step_3054.pt
# parameters: 7298312
[INFO] extracting representations 71/100: checkpoint_step_3430.pt
# parameters: 7298312
[INFO] extracting representations 72/100: checkpoint_step_3854.pt
# parameters: 7298312
[INFO] extracting representations 73/100: checkpoint_step_4329.pt
# parameters: 7298312
[INFO] extracting representations 74/100: checkpoint_step_4863.pt
# parameters: 7298312
[INFO] extracting representations 75/100: checkpoint_step_5462.pt
# parameters: 7298312
[INFO] extracting representations 76/100: checkpoint_step_6136.pt
# parameters: 7298312
[INFO] extracting representations 77/100: checkpoint_step_6893.pt
# parameters: 7298312
[INFO] extracting representations 78/100: checkpoint_step_7743.pt
# parameters: 7298312
[INFO] extracting representations 79/100: checkpoint_step_8697.pt
# parameters: 7298312
[INFO] extracting representations 80/100: checkpoint_step_9770.pt
# parameters: 7298312
[INFO] extracting representations 81/100: checkpoint_step_10975.pt
# parameters: 7298312
[INFO] extracting representations 82/100: checkpoint_step_12328.pt
# parameters: 7298312
[INFO] extracting representations 83/100: checkpoint_step_13849.pt
# parameters: 7298312
[INFO] extracting representations 84/100: checkpoint_step_15557.pt
# parameters: 7298312
[INFO] extracting representations 85/100: checkpoint_step_17475.pt
# parameters: 7298312
[INFO] extracting representations 86/100: checkpoint_step_19630.pt
# parameters: 7298312
[INFO] extracting representations 87/100: checkpoint_step_22051.pt
# parameters: 7298312
[INFO] extracting representations 88/100: checkpoint_step_24771.pt
# parameters: 7298312
[INFO] extracting representations 89/100: checkpoint_step_27826.pt
# parameters: 7298312
[INFO] extracting representations 90/100: checkpoint_step_31257.pt
# parameters: 7298312
[INFO] extracting representations 91/100: checkpoint_step_35112.pt
# parameters: 7298312
[INFO] extracting representations 92/100: checkpoint_step_39442.pt
# parameters: 7298312
[INFO] extracting representations 93/100: checkpoint_step_44306.pt
# parameters: 7298312
[INFO] extracting representations 94/100: checkpoint_step_49770.pt
# parameters: 7298312
[INFO] extracting representations 95/100: checkpoint_step_55908.pt
# parameters: 7298312
[INFO] extracting representations 96/100: checkpoint_step_62803.pt
# parameters: 7298312
[INFO] extracting representations 97/100: checkpoint_step_70548.pt
# parameters: 7298312
[INFO] extracting representations 98/100: checkpoint_step_79248.pt
# parameters: 7298312
[INFO] extracting representations 99/100: checkpoint_step_89022.pt
# parameters: 7298312
[INFO] extracting representations 100/100: checkpoint_step_100000.pt
# parameters: 7298312
[INFO] CKA split=train position=0 layer=0
[INFO] CKA split=train position=0 layer=1
[INFO] CKA split=train position=0 layer=2
[INFO] CKA split=train position=0 layer=3
[INFO] CKA split=train position=0 layer=4
[INFO] CKA split=train position=0 layer=5
[INFO] CKA split=train position=0 layer=6
[INFO] CKA split=train position=0 layer=7
[INFO] CKA split=train position=0 layer=8
[INFO] CKA split=train position=0 layer=9
[INFO] CKA split=train position=1 layer=0
[INFO] CKA split=train position=1 layer=1
[INFO] CKA split=train position=1 layer=2
[INFO] CKA split=train position=1 layer=3
[INFO] CKA split=train position=1 layer=4
[INFO] CKA split=train position=1 layer=5
[INFO] CKA split=train position=1 layer=6
[INFO] CKA split=train position=1 layer=7
[INFO] CKA split=train position=1 layer=8
[INFO] CKA split=train position=1 layer=9
[INFO] CKA split=train position=2 layer=0
[INFO] CKA split=train position=2 layer=1
[INFO] CKA split=train position=2 layer=2
[INFO] CKA split=train position=2 layer=3
[INFO] CKA split=train position=2 layer=4
[INFO] CKA split=train position=2 layer=5
[INFO] CKA split=train position=2 layer=6
[INFO] CKA split=train position=2 layer=7
[INFO] CKA split=train position=2 layer=8
[INFO] CKA split=train position=2 layer=9
[INFO] CKA split=train position=3 layer=0
[INFO] CKA split=train position=3 layer=1
[INFO] CKA split=train position=3 layer=2
[INFO] CKA split=train position=3 layer=3
[INFO] CKA split=train position=3 layer=4
[INFO] CKA split=train position=3 layer=5
[INFO] CKA split=train position=3 layer=6
[INFO] CKA split=train position=3 layer=7
[INFO] CKA split=train position=3 layer=8
[INFO] CKA split=train position=3 layer=9
[INFO] CKA split=train position=4 layer=0
[INFO] CKA split=train position=4 layer=1
[INFO] CKA split=train position=4 layer=2
[INFO] CKA split=train position=4 layer=3
[INFO] CKA split=train position=4 layer=4
[INFO] CKA split=train position=4 layer=5
[INFO] CKA split=train position=4 layer=6
[INFO] CKA split=train position=4 layer=7
[INFO] CKA split=train position=4 layer=8
[INFO] CKA split=train position=4 layer=9
[INFO] CKA split=train position=5 layer=0
[INFO] CKA split=train position=5 layer=1
[INFO] CKA split=train position=5 layer=2
[INFO] CKA split=train position=5 layer=3
[INFO] CKA split=train position=5 layer=4
[INFO] CKA split=train position=5 layer=5
[INFO] CKA split=train position=5 layer=6
[INFO] CKA split=train position=5 layer=7
[INFO] CKA split=train position=5 layer=8
[INFO] CKA split=train position=5 layer=9
[INFO] CKA split=train position=6 layer=0
[INFO] CKA split=train position=6 layer=1
[INFO] CKA split=train position=6 layer=2
[INFO] CKA split=train position=6 layer=3
[INFO] CKA split=train position=6 layer=4
[INFO] CKA split=train position=6 layer=5
[INFO] CKA split=train position=6 layer=6
[INFO] CKA split=train position=6 layer=7
[INFO] CKA split=train position=6 layer=8
[INFO] CKA split=train position=6 layer=9
[INFO] CKA split=train position=7 layer=0
[INFO] CKA split=train position=7 layer=1
[INFO] CKA split=train position=7 layer=2
[INFO] CKA split=train position=7 layer=3
[INFO] CKA split=train position=7 layer=4
[INFO] CKA split=train position=7 layer=5
[INFO] CKA split=train position=7 layer=6
[INFO] CKA split=train position=7 layer=7
[INFO] CKA split=train position=7 layer=8
[INFO] CKA split=train position=7 layer=9
[INFO] CKA split=train position=8 layer=0
[INFO] CKA split=train position=8 layer=1
[INFO] CKA split=train position=8 layer=2
[INFO] CKA split=train position=8 layer=3
[INFO] CKA split=train position=8 layer=4
[INFO] CKA split=train position=8 layer=5
[INFO] CKA split=train position=8 layer=6
[INFO] CKA split=train position=8 layer=7
[INFO] CKA split=train position=8 layer=8
[INFO] CKA split=train position=8 layer=9
[INFO] CKA split=train position=9 layer=0
[INFO] CKA split=train position=9 layer=1
[INFO] CKA split=train position=9 layer=2
[INFO] CKA split=train position=9 layer=3
[INFO] CKA split=train position=9 layer=4
[INFO] CKA split=train position=9 layer=5
[INFO] CKA split=train position=9 layer=6
[INFO] CKA split=train position=9 layer=7
[INFO] CKA split=train position=9 layer=8
[INFO] CKA split=train position=9 layer=9
[INFO] CKA split=train position=10 layer=0
[INFO] CKA split=train position=10 layer=1
[INFO] CKA split=train position=10 layer=2
[INFO] CKA split=train position=10 layer=3
[INFO] CKA split=train position=10 layer=4
[INFO] CKA split=train position=10 layer=5
[INFO] CKA split=train position=10 layer=6
[INFO] CKA split=train position=10 layer=7
[INFO] CKA split=train position=10 layer=8
[INFO] CKA split=train position=10 layer=9
[INFO] CKA split=train position=11 layer=0
[INFO] CKA split=train position=11 layer=1
[INFO] CKA split=train position=11 layer=2
[INFO] CKA split=train position=11 layer=3
[INFO] CKA split=train position=11 layer=4
[INFO] CKA split=train position=11 layer=5
[INFO] CKA split=train position=11 layer=6
[INFO] CKA split=train position=11 layer=7
[INFO] CKA split=train position=11 layer=8
[INFO] CKA split=train position=11 layer=9
[INFO] CKA split=train position=12 layer=0
[INFO] CKA split=train position=12 layer=1
[INFO] CKA split=train position=12 layer=2
[INFO] CKA split=train position=12 layer=3
[INFO] CKA split=train position=12 layer=4
[INFO] CKA split=train position=12 layer=5
[INFO] CKA split=train position=12 layer=6
[INFO] CKA split=train position=12 layer=7
[INFO] CKA split=train position=12 layer=8
[INFO] CKA split=train position=12 layer=9
[INFO] CKA split=train position=13 layer=0
[INFO] CKA split=train position=13 layer=1
[INFO] CKA split=train position=13 layer=2
[INFO] CKA split=train position=13 layer=3
[INFO] CKA split=train position=13 layer=4
[INFO] CKA split=train position=13 layer=5
[INFO] CKA split=train position=13 layer=6
[INFO] CKA split=train position=13 layer=7
[INFO] CKA split=train position=13 layer=8
[INFO] CKA split=train position=13 layer=9
[INFO] CKA split=train position=14 layer=0
[INFO] CKA split=train position=14 layer=1
[INFO] CKA split=train position=14 layer=2
[INFO] CKA split=train position=14 layer=3
[INFO] CKA split=train position=14 layer=4
[INFO] CKA split=train position=14 layer=5
[INFO] CKA split=train position=14 layer=6
[INFO] CKA split=train position=14 layer=7
[INFO] CKA split=train position=14 layer=8
[INFO] CKA split=train position=14 layer=9
[INFO] CKA split=train position=15 layer=0
[INFO] CKA split=train position=15 layer=1
[INFO] CKA split=train position=15 layer=2
[INFO] CKA split=train position=15 layer=3
[INFO] CKA split=train position=15 layer=4
[INFO] CKA split=train position=15 layer=5
[INFO] CKA split=train position=15 layer=6
[INFO] CKA split=train position=15 layer=7
[INFO] CKA split=train position=15 layer=8
[INFO] CKA split=train position=15 layer=9
[INFO] CKA split=train position=16 layer=0
[INFO] CKA split=train position=16 layer=1
[INFO] CKA split=train position=16 layer=2
[INFO] CKA split=train position=16 layer=3
[INFO] CKA split=train position=16 layer=4
[INFO] CKA split=train position=16 layer=5
[INFO] CKA split=train position=16 layer=6
[INFO] CKA split=train position=16 layer=7
[INFO] CKA split=train position=16 layer=8
[INFO] CKA split=train position=16 layer=9
[INFO] CKA split=train position=17 layer=0
[INFO] CKA split=train position=17 layer=1
[INFO] CKA split=train position=17 layer=2
[INFO] CKA split=train position=17 layer=3
[INFO] CKA split=train position=17 layer=4
[INFO] CKA split=train position=17 layer=5
[INFO] CKA split=train position=17 layer=6
[INFO] CKA split=train position=17 layer=7
[INFO] CKA split=train position=17 layer=8
[INFO] CKA split=train position=17 layer=9
[INFO] CKA split=train position=18 layer=0
[INFO] CKA split=train position=18 layer=1
[INFO] CKA split=train position=18 layer=2
[INFO] CKA split=train position=18 layer=3
[INFO] CKA split=train position=18 layer=4
[INFO] CKA split=train position=18 layer=5
[INFO] CKA split=train position=18 layer=6
[INFO] CKA split=train position=18 layer=7
[INFO] CKA split=train position=18 layer=8
[INFO] CKA split=train position=18 layer=9
[INFO] CKA split=train position=19 layer=0
[INFO] CKA split=train position=19 layer=1
[INFO] CKA split=train position=19 layer=2
[INFO] CKA split=train position=19 layer=3
[INFO] CKA split=train position=19 layer=4
[INFO] CKA split=train position=19 layer=5
[INFO] CKA split=train position=19 layer=6
[INFO] CKA split=train position=19 layer=7
[INFO] CKA split=train position=19 layer=8
[INFO] CKA split=train position=19 layer=9
[INFO] CKA split=train position=20 layer=0
[INFO] CKA split=train position=20 layer=1
[INFO] CKA split=train position=20 layer=2
[INFO] CKA split=train position=20 layer=3
[INFO] CKA split=train position=20 layer=4
[INFO] CKA split=train position=20 layer=5
[INFO] CKA split=train position=20 layer=6
[INFO] CKA split=train position=20 layer=7
[INFO] CKA split=train position=20 layer=8
[INFO] CKA split=train position=20 layer=9
[INFO] CKA split=train position=21 layer=0
[INFO] CKA split=train position=21 layer=1
[INFO] CKA split=train position=21 layer=2
[INFO] CKA split=train position=21 layer=3
[INFO] CKA split=train position=21 layer=4
[INFO] CKA split=train position=21 layer=5
[INFO] CKA split=train position=21 layer=6
[INFO] CKA split=train position=21 layer=7
[INFO] CKA split=train position=21 layer=8
[INFO] CKA split=train position=21 layer=9
[INFO] CKA split=train position=22 layer=0
[INFO] CKA split=train position=22 layer=1
[INFO] CKA split=train position=22 layer=2
[INFO] CKA split=train position=22 layer=3
[INFO] CKA split=train position=22 layer=4
[INFO] CKA split=train position=22 layer=5
[INFO] CKA split=train position=22 layer=6
[INFO] CKA split=train position=22 layer=7
[INFO] CKA split=train position=22 layer=8
[INFO] CKA split=train position=22 layer=9
[INFO] CKA split=train position=23 layer=0
[INFO] CKA split=train position=23 layer=1
[INFO] CKA split=train position=23 layer=2
[INFO] CKA split=train position=23 layer=3
[INFO] CKA split=train position=23 layer=4
[INFO] CKA split=train position=23 layer=5
[INFO] CKA split=train position=23 layer=6
[INFO] CKA split=train position=23 layer=7
[INFO] CKA split=train position=23 layer=8
[INFO] CKA split=train position=23 layer=9
[INFO] CKA split=train position=24 layer=0
[INFO] CKA split=train position=24 layer=1
[INFO] CKA split=train position=24 layer=2
[INFO] CKA split=train position=24 layer=3
[INFO] CKA split=train position=24 layer=4
[INFO] CKA split=train position=24 layer=5
[INFO] CKA split=train position=24 layer=6
[INFO] CKA split=train position=24 layer=7
[INFO] CKA split=train position=24 layer=8
[INFO] CKA split=train position=24 layer=9
[INFO] CKA split=train position=25 layer=0
[INFO] CKA split=train position=25 layer=1
[INFO] CKA split=train position=25 layer=2
[INFO] CKA split=train position=25 layer=3
[INFO] CKA split=train position=25 layer=4
[INFO] CKA split=train position=25 layer=5
[INFO] CKA split=train position=25 layer=6
[INFO] CKA split=train position=25 layer=7
[INFO] CKA split=train position=25 layer=8
[INFO] CKA split=train position=25 layer=9
[INFO] CKA split=train position=26 layer=0
[INFO] CKA split=train position=26 layer=1
[INFO] CKA split=train position=26 layer=2
[INFO] CKA split=train position=26 layer=3
[INFO] CKA split=train position=26 layer=4
[INFO] CKA split=train position=26 layer=5
[INFO] CKA split=train position=26 layer=6
[INFO] CKA split=train position=26 layer=7
[INFO] CKA split=train position=26 layer=8
[INFO] CKA split=train position=26 layer=9
[INFO] CKA split=train position=27 layer=0
[INFO] CKA split=train position=27 layer=1
[INFO] CKA split=train position=27 layer=2
[INFO] CKA split=train position=27 layer=3
[INFO] CKA split=train position=27 layer=4
[INFO] CKA split=train position=27 layer=5
[INFO] CKA split=train position=27 layer=6
[INFO] CKA split=train position=27 layer=7
[INFO] CKA split=train position=27 layer=8
[INFO] CKA split=train position=27 layer=9
[INFO] CKA split=train position=28 layer=0
[INFO] CKA split=train position=28 layer=1
[INFO] CKA split=train position=28 layer=2
[INFO] CKA split=train position=28 layer=3
[INFO] CKA split=train position=28 layer=4
[INFO] CKA split=train position=28 layer=5
[INFO] CKA split=train position=28 layer=6
[INFO] CKA split=train position=28 layer=7
[INFO] CKA split=train position=28 layer=8
[INFO] CKA split=train position=28 layer=9
[INFO] CKA split=train position=29 layer=0
[INFO] CKA split=train position=29 layer=1
[INFO] CKA split=train position=29 layer=2
[INFO] CKA split=train position=29 layer=3
[INFO] CKA split=train position=29 layer=4
[INFO] CKA split=train position=29 layer=5
[INFO] CKA split=train position=29 layer=6
[INFO] CKA split=train position=29 layer=7
[INFO] CKA split=train position=29 layer=8
[INFO] CKA split=train position=29 layer=9
[INFO] CKA split=train position=30 layer=0
[INFO] CKA split=train position=30 layer=1
[INFO] CKA split=train position=30 layer=2
[INFO] CKA split=train position=30 layer=3
[INFO] CKA split=train position=30 layer=4
[INFO] CKA split=train position=30 layer=5
[INFO] CKA split=train position=30 layer=6
[INFO] CKA split=train position=30 layer=7
[INFO] CKA split=train position=30 layer=8
[INFO] CKA split=train position=30 layer=9
[INFO] CKA split=train position=31 layer=0
[INFO] CKA split=train position=31 layer=1
[INFO] CKA split=train position=31 layer=2
[INFO] CKA split=train position=31 layer=3
[INFO] CKA split=train position=31 layer=4
[INFO] CKA split=train position=31 layer=5
[INFO] CKA split=train position=31 layer=6
[INFO] CKA split=train position=31 layer=7
[INFO] CKA split=train position=31 layer=8
[INFO] CKA split=train position=31 layer=9
[INFO] CKA split=train position=32 layer=0
[INFO] CKA split=train position=32 layer=1
[INFO] CKA split=train position=32 layer=2
[INFO] CKA split=train position=32 layer=3
[INFO] CKA split=train position=32 layer=4
[INFO] CKA split=train position=32 layer=5
[INFO] CKA split=train position=32 layer=6
[INFO] CKA split=train position=32 layer=7
[INFO] CKA split=train position=32 layer=8
[INFO] CKA split=train position=32 layer=9
[INFO] CKA split=train position=33 layer=0
[INFO] CKA split=train position=33 layer=1
[INFO] CKA split=train position=33 layer=2
[INFO] CKA split=train position=33 layer=3
[INFO] CKA split=train position=33 layer=4
[INFO] CKA split=train position=33 layer=5
[INFO] CKA split=train position=33 layer=6
[INFO] CKA split=train position=33 layer=7
[INFO] CKA split=train position=33 layer=8
[INFO] CKA split=train position=33 layer=9
[INFO] CKA split=train position=34 layer=0
[INFO] CKA split=train position=34 layer=1
[INFO] CKA split=train position=34 layer=2
[INFO] CKA split=train position=34 layer=3
[INFO] CKA split=train position=34 layer=4
[INFO] CKA split=train position=34 layer=5
[INFO] CKA split=train position=34 layer=6
[INFO] CKA split=train position=34 layer=7
[INFO] CKA split=train position=34 layer=8
[INFO] CKA split=train position=34 layer=9
[INFO] CKA split=train position=35 layer=0
[INFO] CKA split=train position=35 layer=1
[INFO] CKA split=train position=35 layer=2
[INFO] CKA split=train position=35 layer=3
[INFO] CKA split=train position=35 layer=4
[INFO] CKA split=train position=35 layer=5
[INFO] CKA split=train position=35 layer=6
[INFO] CKA split=train position=35 layer=7
[INFO] CKA split=train position=35 layer=8
[INFO] CKA split=train position=35 layer=9
[INFO] CKA split=train position=36 layer=0
[INFO] CKA split=train position=36 layer=1
[INFO] CKA split=train position=36 layer=2
[INFO] CKA split=train position=36 layer=3
[INFO] CKA split=train position=36 layer=4
[INFO] CKA split=train position=36 layer=5
[INFO] CKA split=train position=36 layer=6
[INFO] CKA split=train position=36 layer=7
[INFO] CKA split=train position=36 layer=8
[INFO] CKA split=train position=36 layer=9
[INFO] CKA split=train position=37 layer=0
[INFO] CKA split=train position=37 layer=1
[INFO] CKA split=train position=37 layer=2
[INFO] CKA split=train position=37 layer=3
[INFO] CKA split=train position=37 layer=4
[INFO] CKA split=train position=37 layer=5
[INFO] CKA split=train position=37 layer=6
[INFO] CKA split=train position=37 layer=7
[INFO] CKA split=train position=37 layer=8
[INFO] CKA split=train position=37 layer=9
[INFO] CKA split=train position=38 layer=0
[INFO] CKA split=train position=38 layer=1
[INFO] CKA split=train position=38 layer=2
[INFO] CKA split=train position=38 layer=3
[INFO] CKA split=train position=38 layer=4
[INFO] CKA split=train position=38 layer=5
[INFO] CKA split=train position=38 layer=6
[INFO] CKA split=train position=38 layer=7
[INFO] CKA split=train position=38 layer=8
[INFO] CKA split=train position=38 layer=9
[INFO] CKA split=train position=39 layer=0
[INFO] CKA split=train position=39 layer=1
[INFO] CKA split=train position=39 layer=2
[INFO] CKA split=train position=39 layer=3
[INFO] CKA split=train position=39 layer=4
[INFO] CKA split=train position=39 layer=5
[INFO] CKA split=train position=39 layer=6
[INFO] CKA split=train position=39 layer=7
[INFO] CKA split=train position=39 layer=8
[INFO] CKA split=train position=39 layer=9
[INFO] CKA split=train position=40 layer=0
[INFO] CKA split=train position=40 layer=1
[INFO] CKA split=train position=40 layer=2
[INFO] CKA split=train position=40 layer=3
[INFO] CKA split=train position=40 layer=4
[INFO] CKA split=train position=40 layer=5
[INFO] CKA split=train position=40 layer=6
[INFO] CKA split=train position=40 layer=7
[INFO] CKA split=train position=40 layer=8
[INFO] CKA split=train position=40 layer=9
[INFO] CKA split=train position=41 layer=0
[INFO] CKA split=train position=41 layer=1
[INFO] CKA split=train position=41 layer=2
[INFO] CKA split=train position=41 layer=3
[INFO] CKA split=train position=41 layer=4
[INFO] CKA split=train position=41 layer=5
[INFO] CKA split=train position=41 layer=6
[INFO] CKA split=train position=41 layer=7
[INFO] CKA split=train position=41 layer=8
[INFO] CKA split=train position=41 layer=9
[INFO] CKA split=train position=42 layer=0
[INFO] CKA split=train position=42 layer=1
[INFO] CKA split=train position=42 layer=2
[INFO] CKA split=train position=42 layer=3
[INFO] CKA split=train position=42 layer=4
[INFO] CKA split=train position=42 layer=5
[INFO] CKA split=train position=42 layer=6
[INFO] CKA split=train position=42 layer=7
[INFO] CKA split=train position=42 layer=8
[INFO] CKA split=train position=42 layer=9
[INFO] CKA split=train position=43 layer=0
[INFO] CKA split=train position=43 layer=1
[INFO] CKA split=train position=43 layer=2
[INFO] CKA split=train position=43 layer=3
[INFO] CKA split=train position=43 layer=4
[INFO] CKA split=train position=43 layer=5
[INFO] CKA split=train position=43 layer=6
[INFO] CKA split=train position=43 layer=7
[INFO] CKA split=train position=43 layer=8
[INFO] CKA split=train position=43 layer=9
[INFO] CKA split=train position=44 layer=0
[INFO] CKA split=train position=44 layer=1
[INFO] CKA split=train position=44 layer=2
[INFO] CKA split=train position=44 layer=3
[INFO] CKA split=train position=44 layer=4
[INFO] CKA split=train position=44 layer=5
[INFO] CKA split=train position=44 layer=6
[INFO] CKA split=train position=44 layer=7
[INFO] CKA split=train position=44 layer=8
[INFO] CKA split=train position=44 layer=9
[INFO] CKA split=train position=45 layer=0
[INFO] CKA split=train position=45 layer=1
[INFO] CKA split=train position=45 layer=2
[INFO] CKA split=train position=45 layer=3
[INFO] CKA split=train position=45 layer=4
[INFO] CKA split=train position=45 layer=5
[INFO] CKA split=train position=45 layer=6
[INFO] CKA split=train position=45 layer=7
[INFO] CKA split=train position=45 layer=8
[INFO] CKA split=train position=45 layer=9
[INFO] CKA split=train position=46 layer=0
[INFO] CKA split=train position=46 layer=1
[INFO] CKA split=train position=46 layer=2
[INFO] CKA split=train position=46 layer=3
[INFO] CKA split=train position=46 layer=4
[INFO] CKA split=train position=46 layer=5
[INFO] CKA split=train position=46 layer=6
[INFO] CKA split=train position=46 layer=7
[INFO] CKA split=train position=46 layer=8
[INFO] CKA split=train position=46 layer=9
[INFO] CKA split=train position=47 layer=0
[INFO] CKA split=train position=47 layer=1
[INFO] CKA split=train position=47 layer=2
[INFO] CKA split=train position=47 layer=3
[INFO] CKA split=train position=47 layer=4
[INFO] CKA split=train position=47 layer=5
[INFO] CKA split=train position=47 layer=6
[INFO] CKA split=train position=47 layer=7
[INFO] CKA split=train position=47 layer=8
[INFO] CKA split=train position=47 layer=9
[INFO] CKA split=train position=48 layer=0
[INFO] CKA split=train position=48 layer=1
[INFO] CKA split=train position=48 layer=2
[INFO] CKA split=train position=48 layer=3
[INFO] CKA split=train position=48 layer=4
[INFO] CKA split=train position=48 layer=5
[INFO] CKA split=train position=48 layer=6
[INFO] CKA split=train position=48 layer=7
[INFO] CKA split=train position=48 layer=8
[INFO] CKA split=train position=48 layer=9
[INFO] CKA split=train position=49 layer=0
[INFO] CKA split=train position=49 layer=1
[INFO] CKA split=train position=49 layer=2
[INFO] CKA split=train position=49 layer=3
[INFO] CKA split=train position=49 layer=4
[INFO] CKA split=train position=49 layer=5
[INFO] CKA split=train position=49 layer=6
[INFO] CKA split=train position=49 layer=7
[INFO] CKA split=train position=49 layer=8
[INFO] CKA split=train position=49 layer=9
[INFO] CKA split=train position=50 layer=0
[INFO] CKA split=train position=50 layer=1
[INFO] CKA split=train position=50 layer=2
[INFO] CKA split=train position=50 layer=3
[INFO] CKA split=train position=50 layer=4
[INFO] CKA split=train position=50 layer=5
[INFO] CKA split=train position=50 layer=6
[INFO] CKA split=train position=50 layer=7
[INFO] CKA split=train position=50 layer=8
[INFO] CKA split=train position=50 layer=9
[INFO] CKA split=train position=51 layer=0
[INFO] CKA split=train position=51 layer=1
[INFO] CKA split=train position=51 layer=2
[INFO] CKA split=train position=51 layer=3
[INFO] CKA split=train position=51 layer=4
[INFO] CKA split=train position=51 layer=5
[INFO] CKA split=train position=51 layer=6
[INFO] CKA split=train position=51 layer=7
[INFO] CKA split=train position=51 layer=8
[INFO] CKA split=train position=51 layer=9
[INFO] CKA split=train position=52 layer=0
[INFO] CKA split=train position=52 layer=1
[INFO] CKA split=train position=52 layer=2
[INFO] CKA split=train position=52 layer=3
[INFO] CKA split=train position=52 layer=4
[INFO] CKA split=train position=52 layer=5
[INFO] CKA split=train position=52 layer=6
[INFO] CKA split=train position=52 layer=7
[INFO] CKA split=train position=52 layer=8
[INFO] CKA split=train position=52 layer=9
[INFO] CKA split=train position=53 layer=0
[INFO] CKA split=train position=53 layer=1
[INFO] CKA split=train position=53 layer=2
[INFO] CKA split=train position=53 layer=3
[INFO] CKA split=train position=53 layer=4
[INFO] CKA split=train position=53 layer=5
[INFO] CKA split=train position=53 layer=6
[INFO] CKA split=train position=53 layer=7
[INFO] CKA split=train position=53 layer=8
[INFO] CKA split=train position=53 layer=9
[INFO] CKA split=train position=54 layer=0
[INFO] CKA split=train position=54 layer=1
[INFO] CKA split=train position=54 layer=2
[INFO] CKA split=train position=54 layer=3
[INFO] CKA split=train position=54 layer=4
[INFO] CKA split=train position=54 layer=5
[INFO] CKA split=train position=54 layer=6
[INFO] CKA split=train position=54 layer=7
[INFO] CKA split=train position=54 layer=8
[INFO] CKA split=train position=54 layer=9
[INFO] CKA split=train position=55 layer=0
[INFO] CKA split=train position=55 layer=1
[INFO] CKA split=train position=55 layer=2
[INFO] CKA split=train position=55 layer=3
[INFO] CKA split=train position=55 layer=4
[INFO] CKA split=train position=55 layer=5
[INFO] CKA split=train position=55 layer=6
[INFO] CKA split=train position=55 layer=7
[INFO] CKA split=train position=55 layer=8
[INFO] CKA split=train position=55 layer=9
[INFO] CKA split=train position=56 layer=0
[INFO] CKA split=train position=56 layer=1
[INFO] CKA split=train position=56 layer=2
[INFO] CKA split=train position=56 layer=3
[INFO] CKA split=train position=56 layer=4
[INFO] CKA split=train position=56 layer=5
[INFO] CKA split=train position=56 layer=6
[INFO] CKA split=train position=56 layer=7
[INFO] CKA split=train position=56 layer=8
[INFO] CKA split=train position=56 layer=9
[INFO] CKA split=train position=57 layer=0
[INFO] CKA split=train position=57 layer=1
[INFO] CKA split=train position=57 layer=2
[INFO] CKA split=train position=57 layer=3
[INFO] CKA split=train position=57 layer=4
[INFO] CKA split=train position=57 layer=5
[INFO] CKA split=train position=57 layer=6
[INFO] CKA split=train position=57 layer=7
[INFO] CKA split=train position=57 layer=8
[INFO] CKA split=train position=57 layer=9
[INFO] CKA split=train position=58 layer=0
[INFO] CKA split=train position=58 layer=1
[INFO] CKA split=train position=58 layer=2
[INFO] CKA split=train position=58 layer=3
[INFO] CKA split=train position=58 layer=4
[INFO] CKA split=train position=58 layer=5
[INFO] CKA split=train position=58 layer=6
[INFO] CKA split=train position=58 layer=7
[INFO] CKA split=train position=58 layer=8
[INFO] CKA split=train position=58 layer=9
[INFO] CKA split=train position=59 layer=0
[INFO] CKA split=train position=59 layer=1
[INFO] CKA split=train position=59 layer=2
[INFO] CKA split=train position=59 layer=3
[INFO] CKA split=train position=59 layer=4
[INFO] CKA split=train position=59 layer=5
[INFO] CKA split=train position=59 layer=6
[INFO] CKA split=train position=59 layer=7
[INFO] CKA split=train position=59 layer=8
[INFO] CKA split=train position=59 layer=9
[INFO] CKA split=train position=60 layer=0
[INFO] CKA split=train position=60 layer=1
[INFO] CKA split=train position=60 layer=2
[INFO] CKA split=train position=60 layer=3
[INFO] CKA split=train position=60 layer=4
[INFO] CKA split=train position=60 layer=5
[INFO] CKA split=train position=60 layer=6
[INFO] CKA split=train position=60 layer=7
[INFO] CKA split=train position=60 layer=8
[INFO] CKA split=train position=60 layer=9
[INFO] CKA split=train position=61 layer=0
[INFO] CKA split=train position=61 layer=1
[INFO] CKA split=train position=61 layer=2
[INFO] CKA split=train position=61 layer=3
[INFO] CKA split=train position=61 layer=4
[INFO] CKA split=train position=61 layer=5
[INFO] CKA split=train position=61 layer=6
[INFO] CKA split=train position=61 layer=7
[INFO] CKA split=train position=61 layer=8
[INFO] CKA split=train position=61 layer=9
[INFO] CKA split=train position=62 layer=0
[INFO] CKA split=train position=62 layer=1
[INFO] CKA split=train position=62 layer=2
[INFO] CKA split=train position=62 layer=3
[INFO] CKA split=train position=62 layer=4
[INFO] CKA split=train position=62 layer=5
[INFO] CKA split=train position=62 layer=6
[INFO] CKA split=train position=62 layer=7
[INFO] CKA split=train position=62 layer=8
[INFO] CKA split=train position=62 layer=9
[INFO] CKA split=train position=63 layer=0
[INFO] CKA split=train position=63 layer=1
[INFO] CKA split=train position=63 layer=2
[INFO] CKA split=train position=63 layer=3
[INFO] CKA split=train position=63 layer=4
[INFO] CKA split=train position=63 layer=5
[INFO] CKA split=train position=63 layer=6
[INFO] CKA split=train position=63 layer=7
[INFO] CKA split=train position=63 layer=8
[INFO] CKA split=train position=63 layer=9
[INFO] CKA split=train position=64 layer=0
[INFO] CKA split=train position=64 layer=1
[INFO] CKA split=train position=64 layer=2
[INFO] CKA split=train position=64 layer=3
[INFO] CKA split=train position=64 layer=4
[INFO] CKA split=train position=64 layer=5
[INFO] CKA split=train position=64 layer=6
[INFO] CKA split=train position=64 layer=7
[INFO] CKA split=train position=64 layer=8
[INFO] CKA split=train position=64 layer=9
[INFO] CKA split=train position=65 layer=0
[INFO] CKA split=train position=65 layer=1
[INFO] CKA split=train position=65 layer=2
[INFO] CKA split=train position=65 layer=3
[INFO] CKA split=train position=65 layer=4
[INFO] CKA split=train position=65 layer=5
[INFO] CKA split=train position=65 layer=6
[INFO] CKA split=train position=65 layer=7
[INFO] CKA split=train position=65 layer=8
[INFO] CKA split=train position=65 layer=9
[INFO] CKA split=train position=66 layer=0
[INFO] CKA split=train position=66 layer=1
[INFO] CKA split=train position=66 layer=2
[INFO] CKA split=train position=66 layer=3
[INFO] CKA split=train position=66 layer=4
[INFO] CKA split=train position=66 layer=5
[INFO] CKA split=train position=66 layer=6
[INFO] CKA split=train position=66 layer=7
[INFO] CKA split=train position=66 layer=8
[INFO] CKA split=train position=66 layer=9
[INFO] CKA split=train position=67 layer=0
[INFO] CKA split=train position=67 layer=1
[INFO] CKA split=train position=67 layer=2
[INFO] CKA split=train position=67 layer=3
[INFO] CKA split=train position=67 layer=4
[INFO] CKA split=train position=67 layer=5
[INFO] CKA split=train position=67 layer=6
[INFO] CKA split=train position=67 layer=7
[INFO] CKA split=train position=67 layer=8
[INFO] CKA split=train position=67 layer=9
[INFO] CKA split=train position=68 layer=0
[INFO] CKA split=train position=68 layer=1
[INFO] CKA split=train position=68 layer=2
[INFO] CKA split=train position=68 layer=3
[INFO] CKA split=train position=68 layer=4
[INFO] CKA split=train position=68 layer=5
[INFO] CKA split=train position=68 layer=6
[INFO] CKA split=train position=68 layer=7
[INFO] CKA split=train position=68 layer=8
[INFO] CKA split=train position=68 layer=9
[INFO] CKA split=train position=69 layer=0
[INFO] CKA split=train position=69 layer=1
[INFO] CKA split=train position=69 layer=2
[INFO] CKA split=train position=69 layer=3
[INFO] CKA split=train position=69 layer=4
[INFO] CKA split=train position=69 layer=5
[INFO] CKA split=train position=69 layer=6
[INFO] CKA split=train position=69 layer=7
[INFO] CKA split=train position=69 layer=8
[INFO] CKA split=train position=69 layer=9
[INFO] CKA split=train position=70 layer=0
[INFO] CKA split=train position=70 layer=1
[INFO] CKA split=train position=70 layer=2
[INFO] CKA split=train position=70 layer=3
[INFO] CKA split=train position=70 layer=4
[INFO] CKA split=train position=70 layer=5
[INFO] CKA split=train position=70 layer=6
[INFO] CKA split=train position=70 layer=7
[INFO] CKA split=train position=70 layer=8
[INFO] CKA split=train position=70 layer=9
[INFO] CKA split=train position=71 layer=0
[INFO] CKA split=train position=71 layer=1
[INFO] CKA split=train position=71 layer=2
[INFO] CKA split=train position=71 layer=3
[INFO] CKA split=train position=71 layer=4
[INFO] CKA split=train position=71 layer=5
[INFO] CKA split=train position=71 layer=6
[INFO] CKA split=train position=71 layer=7
[INFO] CKA split=train position=71 layer=8
[INFO] CKA split=train position=71 layer=9
[INFO] CKA split=train position=72 layer=0
[INFO] CKA split=train position=72 layer=1
[INFO] CKA split=train position=72 layer=2
[INFO] CKA split=train position=72 layer=3
[INFO] CKA split=train position=72 layer=4
[INFO] CKA split=train position=72 layer=5
[INFO] CKA split=train position=72 layer=6
[INFO] CKA split=train position=72 layer=7
[INFO] CKA split=train position=72 layer=8
[INFO] CKA split=train position=72 layer=9
[INFO] CKA split=train position=73 layer=0
[INFO] CKA split=train position=73 layer=1
[INFO] CKA split=train position=73 layer=2
[INFO] CKA split=train position=73 layer=3
[INFO] CKA split=train position=73 layer=4
[INFO] CKA split=train position=73 layer=5
[INFO] CKA split=train position=73 layer=6
[INFO] CKA split=train position=73 layer=7
[INFO] CKA split=train position=73 layer=8
[INFO] CKA split=train position=73 layer=9
[INFO] CKA split=train position=74 layer=0
[INFO] CKA split=train position=74 layer=1
[INFO] CKA split=train position=74 layer=2
[INFO] CKA split=train position=74 layer=3
[INFO] CKA split=train position=74 layer=4
[INFO] CKA split=train position=74 layer=5
[INFO] CKA split=train position=74 layer=6
[INFO] CKA split=train position=74 layer=7
[INFO] CKA split=train position=74 layer=8
[INFO] CKA split=train position=74 layer=9
[INFO] CKA split=train position=75 layer=0
[INFO] CKA split=train position=75 layer=1
[INFO] CKA split=train position=75 layer=2
[INFO] CKA split=train position=75 layer=3
[INFO] CKA split=train position=75 layer=4
[INFO] CKA split=train position=75 layer=5
[INFO] CKA split=train position=75 layer=6
[INFO] CKA split=train position=75 layer=7
[INFO] CKA split=train position=75 layer=8
[INFO] CKA split=train position=75 layer=9
[INFO] CKA split=train position=76 layer=0
[INFO] CKA split=train position=76 layer=1
[INFO] CKA split=train position=76 layer=2
[INFO] CKA split=train position=76 layer=3
[INFO] CKA split=train position=76 layer=4
[INFO] CKA split=train position=76 layer=5
[INFO] CKA split=train position=76 layer=6
[INFO] CKA split=train position=76 layer=7
[INFO] CKA split=train position=76 layer=8
[INFO] CKA split=train position=76 layer=9
[INFO] CKA split=train position=77 layer=0
[INFO] CKA split=train position=77 layer=1
[INFO] CKA split=train position=77 layer=2
[INFO] CKA split=train position=77 layer=3
[INFO] CKA split=train position=77 layer=4
[INFO] CKA split=train position=77 layer=5
[INFO] CKA split=train position=77 layer=6
[INFO] CKA split=train position=77 layer=7
[INFO] CKA split=train position=77 layer=8
[INFO] CKA split=train position=77 layer=9
[INFO] CKA split=train position=78 layer=0
[INFO] CKA split=train position=78 layer=1
[INFO] CKA split=train position=78 layer=2
[INFO] CKA split=train position=78 layer=3
[INFO] CKA split=train position=78 layer=4
[INFO] CKA split=train position=78 layer=5
[INFO] CKA split=train position=78 layer=6
[INFO] CKA split=train position=78 layer=7
[INFO] CKA split=train position=78 layer=8
[INFO] CKA split=train position=78 layer=9
[INFO] CKA split=train position=79 layer=0
[INFO] CKA split=train position=79 layer=1
[INFO] CKA split=train position=79 layer=2
[INFO] CKA split=train position=79 layer=3
[INFO] CKA split=train position=79 layer=4
[INFO] CKA split=train position=79 layer=5
[INFO] CKA split=train position=79 layer=6
[INFO] CKA split=train position=79 layer=7
[INFO] CKA split=train position=79 layer=8
[INFO] CKA split=train position=79 layer=9
[INFO] CKA split=train position=80 layer=0
[INFO] CKA split=train position=80 layer=1
[INFO] CKA split=train position=80 layer=2
[INFO] CKA split=train position=80 layer=3
[INFO] CKA split=train position=80 layer=4
[INFO] CKA split=train position=80 layer=5
[INFO] CKA split=train position=80 layer=6
[INFO] CKA split=train position=80 layer=7
[INFO] CKA split=train position=80 layer=8
[INFO] CKA split=train position=80 layer=9
[INFO] CKA split=train position=81 layer=0
[INFO] CKA split=train position=81 layer=1
[INFO] CKA split=train position=81 layer=2
[INFO] CKA split=train position=81 layer=3
[INFO] CKA split=train position=81 layer=4
[INFO] CKA split=train position=81 layer=5
[INFO] CKA split=train position=81 layer=6
[INFO] CKA split=train position=81 layer=7
[INFO] CKA split=train position=81 layer=8
[INFO] CKA split=train position=81 layer=9
[INFO] CKA split=train position=82 layer=0
[INFO] CKA split=train position=82 layer=1
[INFO] CKA split=train position=82 layer=2
[INFO] CKA split=train position=82 layer=3
[INFO] CKA split=train position=82 layer=4
[INFO] CKA split=train position=82 layer=5
[INFO] CKA split=train position=82 layer=6
[INFO] CKA split=train position=82 layer=7
[INFO] CKA split=train position=82 layer=8
[INFO] CKA split=train position=82 layer=9
[INFO] CKA split=train position=83 layer=0
[INFO] CKA split=train position=83 layer=1
[INFO] CKA split=train position=83 layer=2
[INFO] CKA split=train position=83 layer=3
[INFO] CKA split=train position=83 layer=4
[INFO] CKA split=train position=83 layer=5
[INFO] CKA split=train position=83 layer=6
[INFO] CKA split=train position=83 layer=7
[INFO] CKA split=train position=83 layer=8
[INFO] CKA split=train position=83 layer=9
[INFO] CKA split=train position=84 layer=0
[INFO] CKA split=train position=84 layer=1
[INFO] CKA split=train position=84 layer=2
[INFO] CKA split=train position=84 layer=3
[INFO] CKA split=train position=84 layer=4
[INFO] CKA split=train position=84 layer=5
[INFO] CKA split=train position=84 layer=6
[INFO] CKA split=train position=84 layer=7
[INFO] CKA split=train position=84 layer=8
[INFO] CKA split=train position=84 layer=9
[INFO] CKA split=train position=85 layer=0
[INFO] CKA split=train position=85 layer=1
[INFO] CKA split=train position=85 layer=2
[INFO] CKA split=train position=85 layer=3
[INFO] CKA split=train position=85 layer=4
[INFO] CKA split=train position=85 layer=5
[INFO] CKA split=train position=85 layer=6
[INFO] CKA split=train position=85 layer=7
[INFO] CKA split=train position=85 layer=8
[INFO] CKA split=train position=85 layer=9
[INFO] CKA split=train position=86 layer=0
[INFO] CKA split=train position=86 layer=1
[INFO] CKA split=train position=86 layer=2
[INFO] CKA split=train position=86 layer=3
[INFO] CKA split=train position=86 layer=4
[INFO] CKA split=train position=86 layer=5
[INFO] CKA split=train position=86 layer=6
[INFO] CKA split=train position=86 layer=7
[INFO] CKA split=train position=86 layer=8
[INFO] CKA split=train position=86 layer=9
[INFO] CKA split=train position=87 layer=0
[INFO] CKA split=train position=87 layer=1
[INFO] CKA split=train position=87 layer=2
[INFO] CKA split=train position=87 layer=3
[INFO] CKA split=train position=87 layer=4
[INFO] CKA split=train position=87 layer=5
[INFO] CKA split=train position=87 layer=6
[INFO] CKA split=train position=87 layer=7
[INFO] CKA split=train position=87 layer=8
[INFO] CKA split=train position=87 layer=9
[INFO] CKA split=train position=88 layer=0
[INFO] CKA split=train position=88 layer=1
[INFO] CKA split=train position=88 layer=2
[INFO] CKA split=train position=88 layer=3
[INFO] CKA split=train position=88 layer=4
[INFO] CKA split=train position=88 layer=5
[INFO] CKA split=train position=88 layer=6
[INFO] CKA split=train position=88 layer=7
[INFO] CKA split=train position=88 layer=8
[INFO] CKA split=train position=88 layer=9
[INFO] CKA split=train position=89 layer=0
[INFO] CKA split=train position=89 layer=1
[INFO] CKA split=train position=89 layer=2
[INFO] CKA split=train position=89 layer=3
[INFO] CKA split=train position=89 layer=4
[INFO] CKA split=train position=89 layer=5
[INFO] CKA split=train position=89 layer=6
[INFO] CKA split=train position=89 layer=7
[INFO] CKA split=train position=89 layer=8
[INFO] CKA split=train position=89 layer=9
[INFO] CKA split=train position=90 layer=0
[INFO] CKA split=train position=90 layer=1
[INFO] CKA split=train position=90 layer=2
[INFO] CKA split=train position=90 layer=3
[INFO] CKA split=train position=90 layer=4
[INFO] CKA split=train position=90 layer=5
[INFO] CKA split=train position=90 layer=6
[INFO] CKA split=train position=90 layer=7
[INFO] CKA split=train position=90 layer=8
[INFO] CKA split=train position=90 layer=9
[INFO] CKA split=train position=91 layer=0
[INFO] CKA split=train position=91 layer=1
[INFO] CKA split=train position=91 layer=2
[INFO] CKA split=train position=91 layer=3
[INFO] CKA split=train position=91 layer=4
[INFO] CKA split=train position=91 layer=5
[INFO] CKA split=train position=91 layer=6
[INFO] CKA split=train position=91 layer=7
[INFO] CKA split=train position=91 layer=8
[INFO] CKA split=train position=91 layer=9
[INFO] CKA split=train position=92 layer=0
[INFO] CKA split=train position=92 layer=1
[INFO] CKA split=train position=92 layer=2
[INFO] CKA split=train position=92 layer=3
[INFO] CKA split=train position=92 layer=4
[INFO] CKA split=train position=92 layer=5
[INFO] CKA split=train position=92 layer=6
[INFO] CKA split=train position=92 layer=7
[INFO] CKA split=train position=92 layer=8
[INFO] CKA split=train position=92 layer=9
[INFO] CKA split=train position=93 layer=0
[INFO] CKA split=train position=93 layer=1
[INFO] CKA split=train position=93 layer=2
[INFO] CKA split=train position=93 layer=3
[INFO] CKA split=train position=93 layer=4
[INFO] CKA split=train position=93 layer=5
[INFO] CKA split=train position=93 layer=6
[INFO] CKA split=train position=93 layer=7
[INFO] CKA split=train position=93 layer=8
[INFO] CKA split=train position=93 layer=9
[INFO] CKA split=train position=94 layer=0
[INFO] CKA split=train position=94 layer=1
[INFO] CKA split=train position=94 layer=2
[INFO] CKA split=train position=94 layer=3
[INFO] CKA split=train position=94 layer=4
[INFO] CKA split=train position=94 layer=5
[INFO] CKA split=train position=94 layer=6
[INFO] CKA split=train position=94 layer=7
[INFO] CKA split=train position=94 layer=8
[INFO] CKA split=train position=94 layer=9
[INFO] CKA split=train position=95 layer=0
[INFO] CKA split=train position=95 layer=1
[INFO] CKA split=train position=95 layer=2
[INFO] CKA split=train position=95 layer=3
[INFO] CKA split=train position=95 layer=4
[INFO] CKA split=train position=95 layer=5
[INFO] CKA split=train position=95 layer=6
[INFO] CKA split=train position=95 layer=7
[INFO] CKA split=train position=95 layer=8
[INFO] CKA split=train position=95 layer=9
[INFO] CKA split=train position=96 layer=0
[INFO] CKA split=train position=96 layer=1
[INFO] CKA split=train position=96 layer=2
[INFO] CKA split=train position=96 layer=3
[INFO] CKA split=train position=96 layer=4
[INFO] CKA split=train position=96 layer=5
[INFO] CKA split=train position=96 layer=6
[INFO] CKA split=train position=96 layer=7
[INFO] CKA split=train position=96 layer=8
[INFO] CKA split=train position=96 layer=9
[INFO] CKA split=train position=97 layer=0
[INFO] CKA split=train position=97 layer=1
[INFO] CKA split=train position=97 layer=2
[INFO] CKA split=train position=97 layer=3
[INFO] CKA split=train position=97 layer=4
[INFO] CKA split=train position=97 layer=5
[INFO] CKA split=train position=97 layer=6
[INFO] CKA split=train position=97 layer=7
[INFO] CKA split=train position=97 layer=8
[INFO] CKA split=train position=97 layer=9
[INFO] CKA split=train position=98 layer=0
[INFO] CKA split=train position=98 layer=1
[INFO] CKA split=train position=98 layer=2
[INFO] CKA split=train position=98 layer=3
[INFO] CKA split=train position=98 layer=4
[INFO] CKA split=train position=98 layer=5
[INFO] CKA split=train position=98 layer=6
[INFO] CKA split=train position=98 layer=7
[INFO] CKA split=train position=98 layer=8
[INFO] CKA split=train position=98 layer=9
[INFO] CKA split=train position=99 layer=0
[INFO] CKA split=train position=99 layer=1
[INFO] CKA split=train position=99 layer=2
[INFO] CKA split=train position=99 layer=3
[INFO] CKA split=train position=99 layer=4
[INFO] CKA split=train position=99 layer=5
[INFO] CKA split=train position=99 layer=6
[INFO] CKA split=train position=99 layer=7
[INFO] CKA split=train position=99 layer=8
[INFO] CKA split=train position=99 layer=9
[INFO] CKA split=train position=100 layer=0
[INFO] CKA split=train position=100 layer=1
[INFO] CKA split=train position=100 layer=2
[INFO] CKA split=train position=100 layer=3
[INFO] CKA split=train position=100 layer=4
[INFO] CKA split=train position=100 layer=5
[INFO] CKA split=train position=100 layer=6
[INFO] CKA split=train position=100 layer=7
[INFO] CKA split=train position=100 layer=8
[INFO] CKA split=train position=100 layer=9
[INFO] CKA split=train position=101 layer=0
[INFO] CKA split=train position=101 layer=1
[INFO] CKA split=train position=101 layer=2
[INFO] CKA split=train position=101 layer=3
[INFO] CKA split=train position=101 layer=4
[INFO] CKA split=train position=101 layer=5
[INFO] CKA split=train position=101 layer=6
[INFO] CKA split=train position=101 layer=7
[INFO] CKA split=train position=101 layer=8
[INFO] CKA split=train position=101 layer=9
[INFO] CKA split=train position=102 layer=0
[INFO] CKA split=train position=102 layer=1
[INFO] CKA split=train position=102 layer=2
[INFO] CKA split=train position=102 layer=3
[INFO] CKA split=train position=102 layer=4
[INFO] CKA split=train position=102 layer=5
[INFO] CKA split=train position=102 layer=6
[INFO] CKA split=train position=102 layer=7
[INFO] CKA split=train position=102 layer=8
[INFO] CKA split=train position=102 layer=9
[INFO] CKA split=train position=103 layer=0
[INFO] CKA split=train position=103 layer=1
[INFO] CKA split=train position=103 layer=2
[INFO] CKA split=train position=103 layer=3
[INFO] CKA split=train position=103 layer=4
[INFO] CKA split=train position=103 layer=5
[INFO] CKA split=train position=103 layer=6
[INFO] CKA split=train position=103 layer=7
[INFO] CKA split=train position=103 layer=8
[INFO] CKA split=train position=103 layer=9
[INFO] CKA split=train position=104 layer=0
[INFO] CKA split=train position=104 layer=1
[INFO] CKA split=train position=104 layer=2
[INFO] CKA split=train position=104 layer=3
[INFO] CKA split=train position=104 layer=4
[INFO] CKA split=train position=104 layer=5
[INFO] CKA split=train position=104 layer=6
[INFO] CKA split=train position=104 layer=7
[INFO] CKA split=train position=104 layer=8
[INFO] CKA split=train position=104 layer=9
[INFO] CKA split=train position=105 layer=0
[INFO] CKA split=train position=105 layer=1
[INFO] CKA split=train position=105 layer=2
[INFO] CKA split=train position=105 layer=3
[INFO] CKA split=train position=105 layer=4
[INFO] CKA split=train position=105 layer=5
[INFO] CKA split=train position=105 layer=6
[INFO] CKA split=train position=105 layer=7
[INFO] CKA split=train position=105 layer=8
[INFO] CKA split=train position=105 layer=9
[INFO] CKA split=train position=106 layer=0
[INFO] CKA split=train position=106 layer=1
[INFO] CKA split=train position=106 layer=2
[INFO] CKA split=train position=106 layer=3
[INFO] CKA split=train position=106 layer=4
[INFO] CKA split=train position=106 layer=5
[INFO] CKA split=train position=106 layer=6
[INFO] CKA split=train position=106 layer=7
[INFO] CKA split=train position=106 layer=8
[INFO] CKA split=train position=106 layer=9
[INFO] CKA split=train position=107 layer=0
[INFO] CKA split=train position=107 layer=1
[INFO] CKA split=train position=107 layer=2
[INFO] CKA split=train position=107 layer=3
[INFO] CKA split=train position=107 layer=4
[INFO] CKA split=train position=107 layer=5
[INFO] CKA split=train position=107 layer=6
[INFO] CKA split=train position=107 layer=7
[INFO] CKA split=train position=107 layer=8
[INFO] CKA split=train position=107 layer=9
[INFO] CKA split=train position=108 layer=0
[INFO] CKA split=train position=108 layer=1
[INFO] CKA split=train position=108 layer=2
[INFO] CKA split=train position=108 layer=3
[INFO] CKA split=train position=108 layer=4
[INFO] CKA split=train position=108 layer=5
[INFO] CKA split=train position=108 layer=6
[INFO] CKA split=train position=108 layer=7
[INFO] CKA split=train position=108 layer=8
[INFO] CKA split=train position=108 layer=9
[INFO] CKA split=train position=109 layer=0
[INFO] CKA split=train position=109 layer=1
[INFO] CKA split=train position=109 layer=2
[INFO] CKA split=train position=109 layer=3
[INFO] CKA split=train position=109 layer=4
[INFO] CKA split=train position=109 layer=5
[INFO] CKA split=train position=109 layer=6
[INFO] CKA split=train position=109 layer=7
[INFO] CKA split=train position=109 layer=8
[INFO] CKA split=train position=109 layer=9
[INFO] CKA split=train position=110 layer=0
[INFO] CKA split=train position=110 layer=1
[INFO] CKA split=train position=110 layer=2
[INFO] CKA split=train position=110 layer=3
[INFO] CKA split=train position=110 layer=4
[INFO] CKA split=train position=110 layer=5
[INFO] CKA split=train position=110 layer=6
[INFO] CKA split=train position=110 layer=7
[INFO] CKA split=train position=110 layer=8
[INFO] CKA split=train position=110 layer=9
[INFO] CKA split=train position=111 layer=0
[INFO] CKA split=train position=111 layer=1
[INFO] CKA split=train position=111 layer=2
[INFO] CKA split=train position=111 layer=3
[INFO] CKA split=train position=111 layer=4
[INFO] CKA split=train position=111 layer=5
[INFO] CKA split=train position=111 layer=6
[INFO] CKA split=train position=111 layer=7
[INFO] CKA split=train position=111 layer=8
[INFO] CKA split=train position=111 layer=9
[INFO] CKA split=train position=112 layer=0
[INFO] CKA split=train position=112 layer=1
[INFO] CKA split=train position=112 layer=2
[INFO] CKA split=train position=112 layer=3
[INFO] CKA split=train position=112 layer=4
[INFO] CKA split=train position=112 layer=5
[INFO] CKA split=train position=112 layer=6
[INFO] CKA split=train position=112 layer=7
[INFO] CKA split=train position=112 layer=8
[INFO] CKA split=train position=112 layer=9
[INFO] CKA split=train position=113 layer=0
[INFO] CKA split=train position=113 layer=1
[INFO] CKA split=train position=113 layer=2
[INFO] CKA split=train position=113 layer=3
[INFO] CKA split=train position=113 layer=4
[INFO] CKA split=train position=113 layer=5
[INFO] CKA split=train position=113 layer=6
[INFO] CKA split=train position=113 layer=7
[INFO] CKA split=train position=113 layer=8
[INFO] CKA split=train position=113 layer=9
[INFO] CKA split=train position=114 layer=0
[INFO] CKA split=train position=114 layer=1
[INFO] CKA split=train position=114 layer=2
[INFO] CKA split=train position=114 layer=3
[INFO] CKA split=train position=114 layer=4
[INFO] CKA split=train position=114 layer=5
[INFO] CKA split=train position=114 layer=6
[INFO] CKA split=train position=114 layer=7
[INFO] CKA split=train position=114 layer=8
[INFO] CKA split=train position=114 layer=9
[INFO] CKA split=train position=115 layer=0
[INFO] CKA split=train position=115 layer=1
[INFO] CKA split=train position=115 layer=2
[INFO] CKA split=train position=115 layer=3
[INFO] CKA split=train position=115 layer=4
[INFO] CKA split=train position=115 layer=5
[INFO] CKA split=train position=115 layer=6
[INFO] CKA split=train position=115 layer=7
[INFO] CKA split=train position=115 layer=8
[INFO] CKA split=train position=115 layer=9
[INFO] CKA split=train position=116 layer=0
[INFO] CKA split=train position=116 layer=1
[INFO] CKA split=train position=116 layer=2
[INFO] CKA split=train position=116 layer=3
[INFO] CKA split=train position=116 layer=4
[INFO] CKA split=train position=116 layer=5
[INFO] CKA split=train position=116 layer=6
[INFO] CKA split=train position=116 layer=7
[INFO] CKA split=train position=116 layer=8
[INFO] CKA split=train position=116 layer=9
[INFO] CKA split=train position=117 layer=0
[INFO] CKA split=train position=117 layer=1
[INFO] CKA split=train position=117 layer=2
[INFO] CKA split=train position=117 layer=3
[INFO] CKA split=train position=117 layer=4
[INFO] CKA split=train position=117 layer=5
[INFO] CKA split=train position=117 layer=6
[INFO] CKA split=train position=117 layer=7
[INFO] CKA split=train position=117 layer=8
[INFO] CKA split=train position=117 layer=9
[INFO] CKA split=train position=118 layer=0
[INFO] CKA split=train position=118 layer=1
[INFO] CKA split=train position=118 layer=2
[INFO] CKA split=train position=118 layer=3
[INFO] CKA split=train position=118 layer=4
[INFO] CKA split=train position=118 layer=5
[INFO] CKA split=train position=118 layer=6
[INFO] CKA split=train position=118 layer=7
[INFO] CKA split=train position=118 layer=8
[INFO] CKA split=train position=118 layer=9
[INFO] CKA split=train position=119 layer=0
[INFO] CKA split=train position=119 layer=1
[INFO] CKA split=train position=119 layer=2
[INFO] CKA split=train position=119 layer=3
[INFO] CKA split=train position=119 layer=4
[INFO] CKA split=train position=119 layer=5
[INFO] CKA split=train position=119 layer=6
[INFO] CKA split=train position=119 layer=7
[INFO] CKA split=train position=119 layer=8
[INFO] CKA split=train position=119 layer=9
[INFO] CKA split=train position=120 layer=0
[INFO] CKA split=train position=120 layer=1
[INFO] CKA split=train position=120 layer=2
[INFO] CKA split=train position=120 layer=3
[INFO] CKA split=train position=120 layer=4
[INFO] CKA split=train position=120 layer=5
[INFO] CKA split=train position=120 layer=6
[INFO] CKA split=train position=120 layer=7
[INFO] CKA split=train position=120 layer=8
[INFO] CKA split=train position=120 layer=9
[INFO] CKA split=train position=121 layer=0
[INFO] CKA split=train position=121 layer=1
[INFO] CKA split=train position=121 layer=2
[INFO] CKA split=train position=121 layer=3
[INFO] CKA split=train position=121 layer=4
[INFO] CKA split=train position=121 layer=5
[INFO] CKA split=train position=121 layer=6
[INFO] CKA split=train position=121 layer=7
[INFO] CKA split=train position=121 layer=8
[INFO] CKA split=train position=121 layer=9
[INFO] CKA split=train position=122 layer=0
[INFO] CKA split=train position=122 layer=1
[INFO] CKA split=train position=122 layer=2
[INFO] CKA split=train position=122 layer=3
[INFO] CKA split=train position=122 layer=4
[INFO] CKA split=train position=122 layer=5
[INFO] CKA split=train position=122 layer=6
[INFO] CKA split=train position=122 layer=7
[INFO] CKA split=train position=122 layer=8
[INFO] CKA split=train position=122 layer=9
[INFO] CKA split=train position=123 layer=0
[INFO] CKA split=train position=123 layer=1
[INFO] CKA split=train position=123 layer=2
[INFO] CKA split=train position=123 layer=3
[INFO] CKA split=train position=123 layer=4
[INFO] CKA split=train position=123 layer=5
[INFO] CKA split=train position=123 layer=6
[INFO] CKA split=train position=123 layer=7
[INFO] CKA split=train position=123 layer=8
[INFO] CKA split=train position=123 layer=9
[INFO] CKA split=train position=124 layer=0
[INFO] CKA split=train position=124 layer=1
[INFO] CKA split=train position=124 layer=2
[INFO] CKA split=train position=124 layer=3
[INFO] CKA split=train position=124 layer=4
[INFO] CKA split=train position=124 layer=5
[INFO] CKA split=train position=124 layer=6
[INFO] CKA split=train position=124 layer=7
[INFO] CKA split=train position=124 layer=8
[INFO] CKA split=train position=124 layer=9
[INFO] CKA split=train position=125 layer=0
[INFO] CKA split=train position=125 layer=1
[INFO] CKA split=train position=125 layer=2
[INFO] CKA split=train position=125 layer=3
[INFO] CKA split=train position=125 layer=4
[INFO] CKA split=train position=125 layer=5
[INFO] CKA split=train position=125 layer=6
[INFO] CKA split=train position=125 layer=7
[INFO] CKA split=train position=125 layer=8
[INFO] CKA split=train position=125 layer=9
[INFO] CKA split=train position=126 layer=0
[INFO] CKA split=train position=126 layer=1
[INFO] CKA split=train position=126 layer=2
[INFO] CKA split=train position=126 layer=3
[INFO] CKA split=train position=126 layer=4
[INFO] CKA split=train position=126 layer=5
[INFO] CKA split=train position=126 layer=6
[INFO] CKA split=train position=126 layer=7
[INFO] CKA split=train position=126 layer=8
[INFO] CKA split=train position=126 layer=9
[INFO] CKA split=train position=127 layer=0
[INFO] CKA split=train position=127 layer=1
[INFO] CKA split=train position=127 layer=2
[INFO] CKA split=train position=127 layer=3
[INFO] CKA split=train position=127 layer=4
[INFO] CKA split=train position=127 layer=5
[INFO] CKA split=train position=127 layer=6
[INFO] CKA split=train position=127 layer=7
[INFO] CKA split=train position=127 layer=8
[INFO] CKA split=train position=127 layer=9
[INFO] CKA split=train position=128 layer=0
[INFO] CKA split=train position=128 layer=1
[INFO] CKA split=train position=128 layer=2
[INFO] CKA split=train position=128 layer=3
[INFO] CKA split=train position=128 layer=4
[INFO] CKA split=train position=128 layer=5
[INFO] CKA split=train position=128 layer=6
[INFO] CKA split=train position=128 layer=7
[INFO] CKA split=train position=128 layer=8
[INFO] CKA split=train position=128 layer=9
[INFO] CKA split=train position=129 layer=0
[INFO] CKA split=train position=129 layer=1
[INFO] CKA split=train position=129 layer=2
[INFO] CKA split=train position=129 layer=3
[INFO] CKA split=train position=129 layer=4
[INFO] CKA split=train position=129 layer=5
[INFO] CKA split=train position=129 layer=6
[INFO] CKA split=train position=129 layer=7
[INFO] CKA split=train position=129 layer=8
[INFO] CKA split=train position=129 layer=9
[INFO] CKA split=train position=130 layer=0
[INFO] CKA split=train position=130 layer=1
[INFO] CKA split=train position=130 layer=2
[INFO] CKA split=train position=130 layer=3
[INFO] CKA split=train position=130 layer=4
[INFO] CKA split=train position=130 layer=5
[INFO] CKA split=train position=130 layer=6
[INFO] CKA split=train position=130 layer=7
[INFO] CKA split=train position=130 layer=8
[INFO] CKA split=train position=130 layer=9
[INFO] CKA split=train position=131 layer=0
[INFO] CKA split=train position=131 layer=1
[INFO] CKA split=train position=131 layer=2
[INFO] CKA split=train position=131 layer=3
[INFO] CKA split=train position=131 layer=4
[INFO] CKA split=train position=131 layer=5
[INFO] CKA split=train position=131 layer=6
[INFO] CKA split=train position=131 layer=7
[INFO] CKA split=train position=131 layer=8
[INFO] CKA split=train position=131 layer=9
[INFO] CKA split=train position=132 layer=0
[INFO] CKA split=train position=132 layer=1
[INFO] CKA split=train position=132 layer=2
[INFO] CKA split=train position=132 layer=3
[INFO] CKA split=train position=132 layer=4
[INFO] CKA split=train position=132 layer=5
[INFO] CKA split=train position=132 layer=6
[INFO] CKA split=train position=132 layer=7
[INFO] CKA split=train position=132 layer=8
[INFO] CKA split=train position=132 layer=9
[INFO] CKA split=train position=133 layer=0
[INFO] CKA split=train position=133 layer=1
[INFO] CKA split=train position=133 layer=2
[INFO] CKA split=train position=133 layer=3
[INFO] CKA split=train position=133 layer=4
[INFO] CKA split=train position=133 layer=5
[INFO] CKA split=train position=133 layer=6
[INFO] CKA split=train position=133 layer=7
[INFO] CKA split=train position=133 layer=8
[INFO] CKA split=train position=133 layer=9
[INFO] CKA split=train position=134 layer=0
[INFO] CKA split=train position=134 layer=1
[INFO] CKA split=train position=134 layer=2
[INFO] CKA split=train position=134 layer=3
[INFO] CKA split=train position=134 layer=4
[INFO] CKA split=train position=134 layer=5
[INFO] CKA split=train position=134 layer=6
[INFO] CKA split=train position=134 layer=7
[INFO] CKA split=train position=134 layer=8
[INFO] CKA split=train position=134 layer=9
[INFO] CKA split=train position=135 layer=0
[INFO] CKA split=train position=135 layer=1
[INFO] CKA split=train position=135 layer=2
[INFO] CKA split=train position=135 layer=3
[INFO] CKA split=train position=135 layer=4
[INFO] CKA split=train position=135 layer=5
[INFO] CKA split=train position=135 layer=6
[INFO] CKA split=train position=135 layer=7
[INFO] CKA split=train position=135 layer=8
[INFO] CKA split=train position=135 layer=9
[INFO] CKA split=train position=136 layer=0
[INFO] CKA split=train position=136 layer=1
[INFO] CKA split=train position=136 layer=2
[INFO] CKA split=train position=136 layer=3
[INFO] CKA split=train position=136 layer=4
[INFO] CKA split=train position=136 layer=5
[INFO] CKA split=train position=136 layer=6
[INFO] CKA split=train position=136 layer=7
[INFO] CKA split=train position=136 layer=8
[INFO] CKA split=train position=136 layer=9
[INFO] CKA split=train position=137 layer=0
[INFO] CKA split=train position=137 layer=1
[INFO] CKA split=train position=137 layer=2
[INFO] CKA split=train position=137 layer=3
[INFO] CKA split=train position=137 layer=4
[INFO] CKA split=train position=137 layer=5
[INFO] CKA split=train position=137 layer=6
[INFO] CKA split=train position=137 layer=7
[INFO] CKA split=train position=137 layer=8
[INFO] CKA split=train position=137 layer=9
[INFO] CKA split=train position=138 layer=0
[INFO] CKA split=train position=138 layer=1
[INFO] CKA split=train position=138 layer=2
[INFO] CKA split=train position=138 layer=3
[INFO] CKA split=train position=138 layer=4
[INFO] CKA split=train position=138 layer=5
[INFO] CKA split=train position=138 layer=6
[INFO] CKA split=train position=138 layer=7
[INFO] CKA split=train position=138 layer=8
[INFO] CKA split=train position=138 layer=9
[INFO] CKA split=train position=139 layer=0
[INFO] CKA split=train position=139 layer=1
[INFO] CKA split=train position=139 layer=2
[INFO] CKA split=train position=139 layer=3
[INFO] CKA split=train position=139 layer=4
[INFO] CKA split=train position=139 layer=5
[INFO] CKA split=train position=139 layer=6
[INFO] CKA split=train position=139 layer=7
[INFO] CKA split=train position=139 layer=8
[INFO] CKA split=train position=139 layer=9
[INFO] CKA split=train position=140 layer=0
[INFO] CKA split=train position=140 layer=1
[INFO] CKA split=train position=140 layer=2
[INFO] CKA split=train position=140 layer=3
[INFO] CKA split=train position=140 layer=4
[INFO] CKA split=train position=140 layer=5
[INFO] CKA split=train position=140 layer=6
[INFO] CKA split=train position=140 layer=7
[INFO] CKA split=train position=140 layer=8
[INFO] CKA split=train position=140 layer=9
[INFO] CKA split=train position=141 layer=0
[INFO] CKA split=train position=141 layer=1
[INFO] CKA split=train position=141 layer=2
[INFO] CKA split=train position=141 layer=3
[INFO] CKA split=train position=141 layer=4
[INFO] CKA split=train position=141 layer=5
[INFO] CKA split=train position=141 layer=6
[INFO] CKA split=train position=141 layer=7
[INFO] CKA split=train position=141 layer=8
[INFO] CKA split=train position=141 layer=9
[INFO] CKA split=train position=142 layer=0
[INFO] CKA split=train position=142 layer=1
[INFO] CKA split=train position=142 layer=2
[INFO] CKA split=train position=142 layer=3
[INFO] CKA split=train position=142 layer=4
[INFO] CKA split=train position=142 layer=5
[INFO] CKA split=train position=142 layer=6
[INFO] CKA split=train position=142 layer=7
[INFO] CKA split=train position=142 layer=8
[INFO] CKA split=train position=142 layer=9
[INFO] CKA split=train position=143 layer=0
[INFO] CKA split=train position=143 layer=1
[INFO] CKA split=train position=143 layer=2
[INFO] CKA split=train position=143 layer=3
[INFO] CKA split=train position=143 layer=4
[INFO] CKA split=train position=143 layer=5
[INFO] CKA split=train position=143 layer=6
[INFO] CKA split=train position=143 layer=7
[INFO] CKA split=train position=143 layer=8
[INFO] CKA split=train position=143 layer=9
[INFO] CKA split=train position=144 layer=0
[INFO] CKA split=train position=144 layer=1
[INFO] CKA split=train position=144 layer=2
[INFO] CKA split=train position=144 layer=3
[INFO] CKA split=train position=144 layer=4
[INFO] CKA split=train position=144 layer=5
[INFO] CKA split=train position=144 layer=6
[INFO] CKA split=train position=144 layer=7
[INFO] CKA split=train position=144 layer=8
[INFO] CKA split=train position=144 layer=9
[INFO] CKA split=train position=145 layer=0
[INFO] CKA split=train position=145 layer=1
[INFO] CKA split=train position=145 layer=2
[INFO] CKA split=train position=145 layer=3
[INFO] CKA split=train position=145 layer=4
[INFO] CKA split=train position=145 layer=5
[INFO] CKA split=train position=145 layer=6
[INFO] CKA split=train position=145 layer=7
[INFO] CKA split=train position=145 layer=8
[INFO] CKA split=train position=145 layer=9
[INFO] CKA split=train position=146 layer=0
[INFO] CKA split=train position=146 layer=1
[INFO] CKA split=train position=146 layer=2
[INFO] CKA split=train position=146 layer=3
[INFO] CKA split=train position=146 layer=4
[INFO] CKA split=train position=146 layer=5
[INFO] CKA split=train position=146 layer=6
[INFO] CKA split=train position=146 layer=7
[INFO] CKA split=train position=146 layer=8
[INFO] CKA split=train position=146 layer=9
[INFO] CKA split=train position=147 layer=0
[INFO] CKA split=train position=147 layer=1
[INFO] CKA split=train position=147 layer=2
[INFO] CKA split=train position=147 layer=3
[INFO] CKA split=train position=147 layer=4
[INFO] CKA split=train position=147 layer=5
[INFO] CKA split=train position=147 layer=6
[INFO] CKA split=train position=147 layer=7
[INFO] CKA split=train position=147 layer=8
[INFO] CKA split=train position=147 layer=9
[INFO] CKA split=train position=148 layer=0
[INFO] CKA split=train position=148 layer=1
[INFO] CKA split=train position=148 layer=2
[INFO] CKA split=train position=148 layer=3
[INFO] CKA split=train position=148 layer=4
[INFO] CKA split=train position=148 layer=5
[INFO] CKA split=train position=148 layer=6
[INFO] CKA split=train position=148 layer=7
[INFO] CKA split=train position=148 layer=8
[INFO] CKA split=train position=148 layer=9
[INFO] CKA split=train position=149 layer=0
[INFO] CKA split=train position=149 layer=1
[INFO] CKA split=train position=149 layer=2
[INFO] CKA split=train position=149 layer=3
[INFO] CKA split=train position=149 layer=4
[INFO] CKA split=train position=149 layer=5
[INFO] CKA split=train position=149 layer=6
[INFO] CKA split=train position=149 layer=7
[INFO] CKA split=train position=149 layer=8
[INFO] CKA split=train position=149 layer=9
[INFO] CKA split=train position=150 layer=0
[INFO] CKA split=train position=150 layer=1
[INFO] CKA split=train position=150 layer=2
[INFO] CKA split=train position=150 layer=3
[INFO] CKA split=train position=150 layer=4
[INFO] CKA split=train position=150 layer=5
[INFO] CKA split=train position=150 layer=6
[INFO] CKA split=train position=150 layer=7
[INFO] CKA split=train position=150 layer=8
[INFO] CKA split=train position=150 layer=9
[INFO] CKA split=train position=151 layer=0
[INFO] CKA split=train position=151 layer=1
[INFO] CKA split=train position=151 layer=2
[INFO] CKA split=train position=151 layer=3
[INFO] CKA split=train position=151 layer=4
[INFO] CKA split=train position=151 layer=5
[INFO] CKA split=train position=151 layer=6
[INFO] CKA split=train position=151 layer=7
[INFO] CKA split=train position=151 layer=8
[INFO] CKA split=train position=151 layer=9
[INFO] CKA split=train position=152 layer=0
[INFO] CKA split=train position=152 layer=1
[INFO] CKA split=train position=152 layer=2
[INFO] CKA split=train position=152 layer=3
[INFO] CKA split=train position=152 layer=4
[INFO] CKA split=train position=152 layer=5
[INFO] CKA split=train position=152 layer=6
[INFO] CKA split=train position=152 layer=7
[INFO] CKA split=train position=152 layer=8
[INFO] CKA split=train position=152 layer=9
[INFO] CKA split=train position=153 layer=0
[INFO] CKA split=train position=153 layer=1
[INFO] CKA split=train position=153 layer=2
[INFO] CKA split=train position=153 layer=3
[INFO] CKA split=train position=153 layer=4
[INFO] CKA split=train position=153 layer=5
[INFO] CKA split=train position=153 layer=6
[INFO] CKA split=train position=153 layer=7
[INFO] CKA split=train position=153 layer=8
[INFO] CKA split=train position=153 layer=9
[INFO] CKA split=train position=154 layer=0
[INFO] CKA split=train position=154 layer=1
[INFO] CKA split=train position=154 layer=2
[INFO] CKA split=train position=154 layer=3
[INFO] CKA split=train position=154 layer=4
[INFO] CKA split=train position=154 layer=5
[INFO] CKA split=train position=154 layer=6
[INFO] CKA split=train position=154 layer=7
[INFO] CKA split=train position=154 layer=8
[INFO] CKA split=train position=154 layer=9
[INFO] CKA split=train position=155 layer=0
[INFO] CKA split=train position=155 layer=1
[INFO] CKA split=train position=155 layer=2
[INFO] CKA split=train position=155 layer=3
[INFO] CKA split=train position=155 layer=4
[INFO] CKA split=train position=155 layer=5
[INFO] CKA split=train position=155 layer=6
[INFO] CKA split=train position=155 layer=7
[INFO] CKA split=train position=155 layer=8
[INFO] CKA split=train position=155 layer=9
[INFO] CKA split=train position=156 layer=0
[INFO] CKA split=train position=156 layer=1
[INFO] CKA split=train position=156 layer=2
[INFO] CKA split=train position=156 layer=3
[INFO] CKA split=train position=156 layer=4
[INFO] CKA split=train position=156 layer=5
[INFO] CKA split=train position=156 layer=6
[INFO] CKA split=train position=156 layer=7
[INFO] CKA split=train position=156 layer=8
[INFO] CKA split=train position=156 layer=9
[INFO] CKA split=train position=157 layer=0
[INFO] CKA split=train position=157 layer=1
[INFO] CKA split=train position=157 layer=2
[INFO] CKA split=train position=157 layer=3
[INFO] CKA split=train position=157 layer=4
[INFO] CKA split=train position=157 layer=5
[INFO] CKA split=train position=157 layer=6
[INFO] CKA split=train position=157 layer=7
[INFO] CKA split=train position=157 layer=8
[INFO] CKA split=train position=157 layer=9
[INFO] CKA split=train position=158 layer=0
[INFO] CKA split=train position=158 layer=1
[INFO] CKA split=train position=158 layer=2
[INFO] CKA split=train position=158 layer=3
[INFO] CKA split=train position=158 layer=4
[INFO] CKA split=train position=158 layer=5
[INFO] CKA split=train position=158 layer=6
[INFO] CKA split=train position=158 layer=7
[INFO] CKA split=train position=158 layer=8
[INFO] CKA split=train position=158 layer=9
[INFO] CKA split=train position=159 layer=0
[INFO] CKA split=train position=159 layer=1
[INFO] CKA split=train position=159 layer=2
[INFO] CKA split=train position=159 layer=3
[INFO] CKA split=train position=159 layer=4
[INFO] CKA split=train position=159 layer=5
[INFO] CKA split=train position=159 layer=6
[INFO] CKA split=train position=159 layer=7
[INFO] CKA split=train position=159 layer=8
[INFO] CKA split=train position=159 layer=9
[INFO] CKA split=train position=160 layer=0
[INFO] CKA split=train position=160 layer=1
[INFO] CKA split=train position=160 layer=2
[INFO] CKA split=train position=160 layer=3
[INFO] CKA split=train position=160 layer=4
[INFO] CKA split=train position=160 layer=5
[INFO] CKA split=train position=160 layer=6
[INFO] CKA split=train position=160 layer=7
[INFO] CKA split=train position=160 layer=8
[INFO] CKA split=train position=160 layer=9
[INFO] CKA split=train position=161 layer=0
[INFO] CKA split=train position=161 layer=1
[INFO] CKA split=train position=161 layer=2
[INFO] CKA split=train position=161 layer=3
[INFO] CKA split=train position=161 layer=4
[INFO] CKA split=train position=161 layer=5
[INFO] CKA split=train position=161 layer=6
[INFO] CKA split=train position=161 layer=7
[INFO] CKA split=train position=161 layer=8
[INFO] CKA split=train position=161 layer=9
[INFO] CKA split=train position=162 layer=0
[INFO] CKA split=train position=162 layer=1
[INFO] CKA split=train position=162 layer=2
[INFO] CKA split=train position=162 layer=3
[INFO] CKA split=train position=162 layer=4
[INFO] CKA split=train position=162 layer=5
[INFO] CKA split=train position=162 layer=6
[INFO] CKA split=train position=162 layer=7
[INFO] CKA split=train position=162 layer=8
[INFO] CKA split=train position=162 layer=9
[INFO] CKA split=train position=163 layer=0
[INFO] CKA split=train position=163 layer=1
[INFO] CKA split=train position=163 layer=2
[INFO] CKA split=train position=163 layer=3
[INFO] CKA split=train position=163 layer=4
[INFO] CKA split=train position=163 layer=5
[INFO] CKA split=train position=163 layer=6
[INFO] CKA split=train position=163 layer=7
[INFO] CKA split=train position=163 layer=8
[INFO] CKA split=train position=163 layer=9
[INFO] CKA split=train position=164 layer=0
[INFO] CKA split=train position=164 layer=1
[INFO] CKA split=train position=164 layer=2
[INFO] CKA split=train position=164 layer=3
[INFO] CKA split=train position=164 layer=4
[INFO] CKA split=train position=164 layer=5
[INFO] CKA split=train position=164 layer=6
[INFO] CKA split=train position=164 layer=7
[INFO] CKA split=train position=164 layer=8
[INFO] CKA split=train position=164 layer=9
[INFO] CKA split=train position=165 layer=0
[INFO] CKA split=train position=165 layer=1
[INFO] CKA split=train position=165 layer=2
[INFO] CKA split=train position=165 layer=3
[INFO] CKA split=train position=165 layer=4
[INFO] CKA split=train position=165 layer=5
[INFO] CKA split=train position=165 layer=6
[INFO] CKA split=train position=165 layer=7
[INFO] CKA split=train position=165 layer=8
[INFO] CKA split=train position=165 layer=9
[INFO] CKA split=train position=166 layer=0
[INFO] CKA split=train position=166 layer=1
[INFO] CKA split=train position=166 layer=2
[INFO] CKA split=train position=166 layer=3
[INFO] CKA split=train position=166 layer=4
[INFO] CKA split=train position=166 layer=5
[INFO] CKA split=train position=166 layer=6
[INFO] CKA split=train position=166 layer=7
[INFO] CKA split=train position=166 layer=8
[INFO] CKA split=train position=166 layer=9
[INFO] CKA split=train position=167 layer=0
[INFO] CKA split=train position=167 layer=1
[INFO] CKA split=train position=167 layer=2
[INFO] CKA split=train position=167 layer=3
[INFO] CKA split=train position=167 layer=4
[INFO] CKA split=train position=167 layer=5
[INFO] CKA split=train position=167 layer=6
[INFO] CKA split=train position=167 layer=7
[INFO] CKA split=train position=167 layer=8
[INFO] CKA split=train position=167 layer=9
[INFO] CKA split=train position=168 layer=0
[INFO] CKA split=train position=168 layer=1
[INFO] CKA split=train position=168 layer=2
[INFO] CKA split=train position=168 layer=3
[INFO] CKA split=train position=168 layer=4
[INFO] CKA split=train position=168 layer=5
[INFO] CKA split=train position=168 layer=6
[INFO] CKA split=train position=168 layer=7
[INFO] CKA split=train position=168 layer=8
[INFO] CKA split=train position=168 layer=9
[INFO] CKA split=train position=169 layer=0
[INFO] CKA split=train position=169 layer=1
[INFO] CKA split=train position=169 layer=2
[INFO] CKA split=train position=169 layer=3
[INFO] CKA split=train position=169 layer=4
[INFO] CKA split=train position=169 layer=5
[INFO] CKA split=train position=169 layer=6
[INFO] CKA split=train position=169 layer=7
[INFO] CKA split=train position=169 layer=8
[INFO] CKA split=train position=169 layer=9
[INFO] CKA split=train position=170 layer=0
[INFO] CKA split=train position=170 layer=1
[INFO] CKA split=train position=170 layer=2
[INFO] CKA split=train position=170 layer=3
[INFO] CKA split=train position=170 layer=4
[INFO] CKA split=train position=170 layer=5
[INFO] CKA split=train position=170 layer=6
[INFO] CKA split=train position=170 layer=7
[INFO] CKA split=train position=170 layer=8
[INFO] CKA split=train position=170 layer=9
[INFO] CKA split=train position=171 layer=0
[INFO] CKA split=train position=171 layer=1
[INFO] CKA split=train position=171 layer=2
[INFO] CKA split=train position=171 layer=3
[INFO] CKA split=train position=171 layer=4
[INFO] CKA split=train position=171 layer=5
[INFO] CKA split=train position=171 layer=6
[INFO] CKA split=train position=171 layer=7
[INFO] CKA split=train position=171 layer=8
[INFO] CKA split=train position=171 layer=9
[INFO] CKA split=train position=172 layer=0
[INFO] CKA split=train position=172 layer=1
[INFO] CKA split=train position=172 layer=2
[INFO] CKA split=train position=172 layer=3
[INFO] CKA split=train position=172 layer=4
[INFO] CKA split=train position=172 layer=5
[INFO] CKA split=train position=172 layer=6
[INFO] CKA split=train position=172 layer=7
[INFO] CKA split=train position=172 layer=8
[INFO] CKA split=train position=172 layer=9
[INFO] CKA split=train position=173 layer=0
[INFO] CKA split=train position=173 layer=1
[INFO] CKA split=train position=173 layer=2
[INFO] CKA split=train position=173 layer=3
[INFO] CKA split=train position=173 layer=4
[INFO] CKA split=train position=173 layer=5
[INFO] CKA split=train position=173 layer=6
[INFO] CKA split=train position=173 layer=7
[INFO] CKA split=train position=173 layer=8
[INFO] CKA split=train position=173 layer=9
[INFO] CKA split=train position=174 layer=0
[INFO] CKA split=train position=174 layer=1
[INFO] CKA split=train position=174 layer=2
[INFO] CKA split=train position=174 layer=3
[INFO] CKA split=train position=174 layer=4
[INFO] CKA split=train position=174 layer=5
[INFO] CKA split=train position=174 layer=6
[INFO] CKA split=train position=174 layer=7
[INFO] CKA split=train position=174 layer=8
[INFO] CKA split=train position=174 layer=9
[INFO] CKA split=train position=175 layer=0
[INFO] CKA split=train position=175 layer=1
[INFO] CKA split=train position=175 layer=2
[INFO] CKA split=train position=175 layer=3
[INFO] CKA split=train position=175 layer=4
[INFO] CKA split=train position=175 layer=5
[INFO] CKA split=train position=175 layer=6
[INFO] CKA split=train position=175 layer=7
[INFO] CKA split=train position=175 layer=8
[INFO] CKA split=train position=175 layer=9
[INFO] CKA split=train position=176 layer=0
[INFO] CKA split=train position=176 layer=1
[INFO] CKA split=train position=176 layer=2
[INFO] CKA split=train position=176 layer=3
[INFO] CKA split=train position=176 layer=4
[INFO] CKA split=train position=176 layer=5
[INFO] CKA split=train position=176 layer=6
[INFO] CKA split=train position=176 layer=7
[INFO] CKA split=train position=176 layer=8
[INFO] CKA split=train position=176 layer=9
[INFO] CKA split=train position=177 layer=0
[INFO] CKA split=train position=177 layer=1
[INFO] CKA split=train position=177 layer=2
[INFO] CKA split=train position=177 layer=3
[INFO] CKA split=train position=177 layer=4
[INFO] CKA split=train position=177 layer=5
[INFO] CKA split=train position=177 layer=6
[INFO] CKA split=train position=177 layer=7
[INFO] CKA split=train position=177 layer=8
[INFO] CKA split=train position=177 layer=9
[INFO] CKA split=train position=178 layer=0
[INFO] CKA split=train position=178 layer=1
[INFO] CKA split=train position=178 layer=2
[INFO] CKA split=train position=178 layer=3
[INFO] CKA split=train position=178 layer=4
[INFO] CKA split=train position=178 layer=5
[INFO] CKA split=train position=178 layer=6
[INFO] CKA split=train position=178 layer=7
[INFO] CKA split=train position=178 layer=8
[INFO] CKA split=train position=178 layer=9
[INFO] CKA split=train position=179 layer=0
[INFO] CKA split=train position=179 layer=1
[INFO] CKA split=train position=179 layer=2
[INFO] CKA split=train position=179 layer=3
[INFO] CKA split=train position=179 layer=4
[INFO] CKA split=train position=179 layer=5
[INFO] CKA split=train position=179 layer=6
[INFO] CKA split=train position=179 layer=7
[INFO] CKA split=train position=179 layer=8
[INFO] CKA split=train position=179 layer=9
[INFO] CKA split=train position=180 layer=0
[INFO] CKA split=train position=180 layer=1
[INFO] CKA split=train position=180 layer=2
[INFO] CKA split=train position=180 layer=3
[INFO] CKA split=train position=180 layer=4
[INFO] CKA split=train position=180 layer=5
[INFO] CKA split=train position=180 layer=6
[INFO] CKA split=train position=180 layer=7
[INFO] CKA split=train position=180 layer=8
[INFO] CKA split=train position=180 layer=9
[INFO] CKA split=train position=181 layer=0
[INFO] CKA split=train position=181 layer=1
[INFO] CKA split=train position=181 layer=2
[INFO] CKA split=train position=181 layer=3
[INFO] CKA split=train position=181 layer=4
[INFO] CKA split=train position=181 layer=5
[INFO] CKA split=train position=181 layer=6
[INFO] CKA split=train position=181 layer=7
[INFO] CKA split=train position=181 layer=8
[INFO] CKA split=train position=181 layer=9
[INFO] CKA split=train position=182 layer=0
[INFO] CKA split=train position=182 layer=1
[INFO] CKA split=train position=182 layer=2
[INFO] CKA split=train position=182 layer=3
[INFO] CKA split=train position=182 layer=4
[INFO] CKA split=train position=182 layer=5
[INFO] CKA split=train position=182 layer=6
[INFO] CKA split=train position=182 layer=7
[INFO] CKA split=train position=182 layer=8
[INFO] CKA split=train position=182 layer=9
[INFO] CKA split=train position=183 layer=0
[INFO] CKA split=train position=183 layer=1
[INFO] CKA split=train position=183 layer=2
[INFO] CKA split=train position=183 layer=3
[INFO] CKA split=train position=183 layer=4
[INFO] CKA split=train position=183 layer=5
[INFO] CKA split=train position=183 layer=6
[INFO] CKA split=train position=183 layer=7
[INFO] CKA split=train position=183 layer=8
[INFO] CKA split=train position=183 layer=9
[INFO] CKA split=train position=184 layer=0
[INFO] CKA split=train position=184 layer=1
[INFO] CKA split=train position=184 layer=2
[INFO] CKA split=train position=184 layer=3
[INFO] CKA split=train position=184 layer=4
[INFO] CKA split=train position=184 layer=5
[INFO] CKA split=train position=184 layer=6
[INFO] CKA split=train position=184 layer=7
[INFO] CKA split=train position=184 layer=8
[INFO] CKA split=train position=184 layer=9
[INFO] CKA split=train position=185 layer=0
[INFO] CKA split=train position=185 layer=1
[INFO] CKA split=train position=185 layer=2
[INFO] CKA split=train position=185 layer=3
[INFO] CKA split=train position=185 layer=4
[INFO] CKA split=train position=185 layer=5
[INFO] CKA split=train position=185 layer=6
[INFO] CKA split=train position=185 layer=7
[INFO] CKA split=train position=185 layer=8
[INFO] CKA split=train position=185 layer=9
[INFO] CKA split=train position=186 layer=0
[INFO] CKA split=train position=186 layer=1
[INFO] CKA split=train position=186 layer=2
[INFO] CKA split=train position=186 layer=3
[INFO] CKA split=train position=186 layer=4
[INFO] CKA split=train position=186 layer=5
[INFO] CKA split=train position=186 layer=6
[INFO] CKA split=train position=186 layer=7
[INFO] CKA split=train position=186 layer=8
[INFO] CKA split=train position=186 layer=9
[INFO] CKA split=train position=187 layer=0
[INFO] CKA split=train position=187 layer=1
[INFO] CKA split=train position=187 layer=2
[INFO] CKA split=train position=187 layer=3
[INFO] CKA split=train position=187 layer=4
[INFO] CKA split=train position=187 layer=5
[INFO] CKA split=train position=187 layer=6
[INFO] CKA split=train position=187 layer=7
[INFO] CKA split=train position=187 layer=8
[INFO] CKA split=train position=187 layer=9
[INFO] CKA split=train position=188 layer=0
[INFO] CKA split=train position=188 layer=1
[INFO] CKA split=train position=188 layer=2
[INFO] CKA split=train position=188 layer=3
[INFO] CKA split=train position=188 layer=4
[INFO] CKA split=train position=188 layer=5
[INFO] CKA split=train position=188 layer=6
[INFO] CKA split=train position=188 layer=7
[INFO] CKA split=train position=188 layer=8
[INFO] CKA split=train position=188 layer=9
[INFO] CKA split=train position=189 layer=0
[INFO] CKA split=train position=189 layer=1
[INFO] CKA split=train position=189 layer=2
[INFO] CKA split=train position=189 layer=3
[INFO] CKA split=train position=189 layer=4
[INFO] CKA split=train position=189 layer=5
[INFO] CKA split=train position=189 layer=6
[INFO] CKA split=train position=189 layer=7
[INFO] CKA split=train position=189 layer=8
[INFO] CKA split=train position=189 layer=9
[INFO] CKA split=train position=190 layer=0
[INFO] CKA split=train position=190 layer=1
[INFO] CKA split=train position=190 layer=2
[INFO] CKA split=train position=190 layer=3
[INFO] CKA split=train position=190 layer=4
[INFO] CKA split=train position=190 layer=5
[INFO] CKA split=train position=190 layer=6
[INFO] CKA split=train position=190 layer=7
[INFO] CKA split=train position=190 layer=8
[INFO] CKA split=train position=190 layer=9
[INFO] CKA split=train position=191 layer=0
[INFO] CKA split=train position=191 layer=1
[INFO] CKA split=train position=191 layer=2
[INFO] CKA split=train position=191 layer=3
[INFO] CKA split=train position=191 layer=4
[INFO] CKA split=train position=191 layer=5
[INFO] CKA split=train position=191 layer=6
[INFO] CKA split=train position=191 layer=7
[INFO] CKA split=train position=191 layer=8
[INFO] CKA split=train position=191 layer=9
[INFO] CKA split=train position=192 layer=0
[INFO] CKA split=train position=192 layer=1
[INFO] CKA split=train position=192 layer=2
[INFO] CKA split=train position=192 layer=3
[INFO] CKA split=train position=192 layer=4
[INFO] CKA split=train position=192 layer=5
[INFO] CKA split=train position=192 layer=6
[INFO] CKA split=train position=192 layer=7
[INFO] CKA split=train position=192 layer=8
[INFO] CKA split=train position=192 layer=9
[INFO] CKA split=train position=193 layer=0
[INFO] CKA split=train position=193 layer=1
[INFO] CKA split=train position=193 layer=2
[INFO] CKA split=train position=193 layer=3
[INFO] CKA split=train position=193 layer=4
[INFO] CKA split=train position=193 layer=5
[INFO] CKA split=train position=193 layer=6
[INFO] CKA split=train position=193 layer=7
[INFO] CKA split=train position=193 layer=8
[INFO] CKA split=train position=193 layer=9
[INFO] CKA split=train position=194 layer=0
[INFO] CKA split=train position=194 layer=1
[INFO] CKA split=train position=194 layer=2
[INFO] CKA split=train position=194 layer=3
[INFO] CKA split=train position=194 layer=4
[INFO] CKA split=train position=194 layer=5
[INFO] CKA split=train position=194 layer=6
[INFO] CKA split=train position=194 layer=7
[INFO] CKA split=train position=194 layer=8
[INFO] CKA split=train position=194 layer=9
[INFO] CKA split=train position=195 layer=0
[INFO] CKA split=train position=195 layer=1
[INFO] CKA split=train position=195 layer=2
[INFO] CKA split=train position=195 layer=3
[INFO] CKA split=train position=195 layer=4
[INFO] CKA split=train position=195 layer=5
[INFO] CKA split=train position=195 layer=6
[INFO] CKA split=train position=195 layer=7
[INFO] CKA split=train position=195 layer=8
[INFO] CKA split=train position=195 layer=9
[INFO] CKA split=train position=196 layer=0
[INFO] CKA split=train position=196 layer=1
[INFO] CKA split=train position=196 layer=2
[INFO] CKA split=train position=196 layer=3
[INFO] CKA split=train position=196 layer=4
[INFO] CKA split=train position=196 layer=5
[INFO] CKA split=train position=196 layer=6
[INFO] CKA split=train position=196 layer=7
[INFO] CKA split=train position=196 layer=8
[INFO] CKA split=train position=196 layer=9
[INFO] CKA split=train position=197 layer=0
[INFO] CKA split=train position=197 layer=1
[INFO] CKA split=train position=197 layer=2
[INFO] CKA split=train position=197 layer=3
[INFO] CKA split=train position=197 layer=4
[INFO] CKA split=train position=197 layer=5
[INFO] CKA split=train position=197 layer=6
[INFO] CKA split=train position=197 layer=7
[INFO] CKA split=train position=197 layer=8
[INFO] CKA split=train position=197 layer=9
[INFO] CKA split=train position=198 layer=0
[INFO] CKA split=train position=198 layer=1
[INFO] CKA split=train position=198 layer=2
[INFO] CKA split=train position=198 layer=3
[INFO] CKA split=train position=198 layer=4
[INFO] CKA split=train position=198 layer=5
[INFO] CKA split=train position=198 layer=6
[INFO] CKA split=train position=198 layer=7
[INFO] CKA split=train position=198 layer=8
[INFO] CKA split=train position=198 layer=9
[INFO] CKA split=train position=199 layer=0
[INFO] CKA split=train position=199 layer=1
[INFO] CKA split=train position=199 layer=2
[INFO] CKA split=train position=199 layer=3
[INFO] CKA split=train position=199 layer=4
[INFO] CKA split=train position=199 layer=5
[INFO] CKA split=train position=199 layer=6
[INFO] CKA split=train position=199 layer=7
[INFO] CKA split=train position=199 layer=8
[INFO] CKA split=train position=199 layer=9
[INFO] CKA split=train position=200 layer=0
[INFO] CKA split=train position=200 layer=1
[INFO] CKA split=train position=200 layer=2
[INFO] CKA split=train position=200 layer=3
[INFO] CKA split=train position=200 layer=4
[INFO] CKA split=train position=200 layer=5
[INFO] CKA split=train position=200 layer=6
[INFO] CKA split=train position=200 layer=7
[INFO] CKA split=train position=200 layer=8
[INFO] CKA split=train position=200 layer=9
[INFO] CKA split=train position=201 layer=0
[INFO] CKA split=train position=201 layer=1
[INFO] CKA split=train position=201 layer=2
[INFO] CKA split=train position=201 layer=3
[INFO] CKA split=train position=201 layer=4
[INFO] CKA split=train position=201 layer=5
[INFO] CKA split=train position=201 layer=6
[INFO] CKA split=train position=201 layer=7
[INFO] CKA split=train position=201 layer=8
[INFO] CKA split=train position=201 layer=9
[INFO] CKA split=train position=202 layer=0
[INFO] CKA split=train position=202 layer=1
[INFO] CKA split=train position=202 layer=2
[INFO] CKA split=train position=202 layer=3
[INFO] CKA split=train position=202 layer=4
[INFO] CKA split=train position=202 layer=5
[INFO] CKA split=train position=202 layer=6
[INFO] CKA split=train position=202 layer=7
[INFO] CKA split=train position=202 layer=8
[INFO] CKA split=train position=202 layer=9
[INFO] CKA split=train position=203 layer=0
[INFO] CKA split=train position=203 layer=1
[INFO] CKA split=train position=203 layer=2
[INFO] CKA split=train position=203 layer=3
[INFO] CKA split=train position=203 layer=4
[INFO] CKA split=train position=203 layer=5
[INFO] CKA split=train position=203 layer=6
[INFO] CKA split=train position=203 layer=7
[INFO] CKA split=train position=203 layer=8
[INFO] CKA split=train position=203 layer=9
[INFO] CKA split=train position=204 layer=0
[INFO] CKA split=train position=204 layer=1
[INFO] CKA split=train position=204 layer=2
[INFO] CKA split=train position=204 layer=3
[INFO] CKA split=train position=204 layer=4
[INFO] CKA split=train position=204 layer=5
[INFO] CKA split=train position=204 layer=6
[INFO] CKA split=train position=204 layer=7
[INFO] CKA split=train position=204 layer=8
[INFO] CKA split=train position=204 layer=9
[INFO] CKA split=train position=205 layer=0
[INFO] CKA split=train position=205 layer=1
[INFO] CKA split=train position=205 layer=2
[INFO] CKA split=train position=205 layer=3
[INFO] CKA split=train position=205 layer=4
[INFO] CKA split=train position=205 layer=5
[INFO] CKA split=train position=205 layer=6
[INFO] CKA split=train position=205 layer=7
[INFO] CKA split=train position=205 layer=8
[INFO] CKA split=train position=205 layer=9
[INFO] CKA split=train position=206 layer=0
[INFO] CKA split=train position=206 layer=1
[INFO] CKA split=train position=206 layer=2
[INFO] CKA split=train position=206 layer=3
[INFO] CKA split=train position=206 layer=4
[INFO] CKA split=train position=206 layer=5
[INFO] CKA split=train position=206 layer=6
[INFO] CKA split=train position=206 layer=7
[INFO] CKA split=train position=206 layer=8
[INFO] CKA split=train position=206 layer=9
[INFO] CKA split=train position=207 layer=0
[INFO] CKA split=train position=207 layer=1
[INFO] CKA split=train position=207 layer=2
[INFO] CKA split=train position=207 layer=3
[INFO] CKA split=train position=207 layer=4
[INFO] CKA split=train position=207 layer=5
[INFO] CKA split=train position=207 layer=6
[INFO] CKA split=train position=207 layer=7
[INFO] CKA split=train position=207 layer=8
[INFO] CKA split=train position=207 layer=9
[INFO] CKA split=train position=208 layer=0
[INFO] CKA split=train position=208 layer=1
[INFO] CKA split=train position=208 layer=2
[INFO] CKA split=train position=208 layer=3
[INFO] CKA split=train position=208 layer=4
[INFO] CKA split=train position=208 layer=5
[INFO] CKA split=train position=208 layer=6
[INFO] CKA split=train position=208 layer=7
[INFO] CKA split=train position=208 layer=8
[INFO] CKA split=train position=208 layer=9
[INFO] CKA split=train position=209 layer=0
[INFO] CKA split=train position=209 layer=1
[INFO] CKA split=train position=209 layer=2
[INFO] CKA split=train position=209 layer=3
[INFO] CKA split=train position=209 layer=4
[INFO] CKA split=train position=209 layer=5
[INFO] CKA split=train position=209 layer=6
[INFO] CKA split=train position=209 layer=7
[INFO] CKA split=train position=209 layer=8
[INFO] CKA split=train position=209 layer=9
[INFO] CKA split=train position=210 layer=0
[INFO] CKA split=train position=210 layer=1
[INFO] CKA split=train position=210 layer=2
[INFO] CKA split=train position=210 layer=3
[INFO] CKA split=train position=210 layer=4
[INFO] CKA split=train position=210 layer=5
[INFO] CKA split=train position=210 layer=6
[INFO] CKA split=train position=210 layer=7
[INFO] CKA split=train position=210 layer=8
[INFO] CKA split=train position=210 layer=9
[INFO] CKA split=train position=211 layer=0
[INFO] CKA split=train position=211 layer=1
[INFO] CKA split=train position=211 layer=2
[INFO] CKA split=train position=211 layer=3
[INFO] CKA split=train position=211 layer=4
[INFO] CKA split=train position=211 layer=5
[INFO] CKA split=train position=211 layer=6
[INFO] CKA split=train position=211 layer=7
[INFO] CKA split=train position=211 layer=8
[INFO] CKA split=train position=211 layer=9
[INFO] CKA split=train position=212 layer=0
[INFO] CKA split=train position=212 layer=1
[INFO] CKA split=train position=212 layer=2
[INFO] CKA split=train position=212 layer=3
[INFO] CKA split=train position=212 layer=4
[INFO] CKA split=train position=212 layer=5
[INFO] CKA split=train position=212 layer=6
[INFO] CKA split=train position=212 layer=7
[INFO] CKA split=train position=212 layer=8
[INFO] CKA split=train position=212 layer=9
[INFO] CKA split=train position=213 layer=0
[INFO] CKA split=train position=213 layer=1
[INFO] CKA split=train position=213 layer=2
[INFO] CKA split=train position=213 layer=3
[INFO] CKA split=train position=213 layer=4
[INFO] CKA split=train position=213 layer=5
[INFO] CKA split=train position=213 layer=6
[INFO] CKA split=train position=213 layer=7
[INFO] CKA split=train position=213 layer=8
[INFO] CKA split=train position=213 layer=9
[INFO] CKA split=train position=214 layer=0
[INFO] CKA split=train position=214 layer=1
[INFO] CKA split=train position=214 layer=2
[INFO] CKA split=train position=214 layer=3
[INFO] CKA split=train position=214 layer=4
[INFO] CKA split=train position=214 layer=5
[INFO] CKA split=train position=214 layer=6
[INFO] CKA split=train position=214 layer=7
[INFO] CKA split=train position=214 layer=8
[INFO] CKA split=train position=214 layer=9
[INFO] CKA split=train position=215 layer=0
[INFO] CKA split=train position=215 layer=1
[INFO] CKA split=train position=215 layer=2
[INFO] CKA split=train position=215 layer=3
[INFO] CKA split=train position=215 layer=4
[INFO] CKA split=train position=215 layer=5
[INFO] CKA split=train position=215 layer=6
[INFO] CKA split=train position=215 layer=7
[INFO] CKA split=train position=215 layer=8
[INFO] CKA split=train position=215 layer=9
[INFO] CKA split=train position=216 layer=0
[INFO] CKA split=train position=216 layer=1
[INFO] CKA split=train position=216 layer=2
[INFO] CKA split=train position=216 layer=3
[INFO] CKA split=train position=216 layer=4
[INFO] CKA split=train position=216 layer=5
[INFO] CKA split=train position=216 layer=6
[INFO] CKA split=train position=216 layer=7
[INFO] CKA split=train position=216 layer=8
[INFO] CKA split=train position=216 layer=9
[INFO] CKA split=train position=217 layer=0
[INFO] CKA split=train position=217 layer=1
[INFO] CKA split=train position=217 layer=2
[INFO] CKA split=train position=217 layer=3
[INFO] CKA split=train position=217 layer=4
[INFO] CKA split=train position=217 layer=5
[INFO] CKA split=train position=217 layer=6
[INFO] CKA split=train position=217 layer=7
[INFO] CKA split=train position=217 layer=8
[INFO] CKA split=train position=217 layer=9
[INFO] CKA split=train position=218 layer=0
[INFO] CKA split=train position=218 layer=1
[INFO] CKA split=train position=218 layer=2
[INFO] CKA split=train position=218 layer=3
[INFO] CKA split=train position=218 layer=4
[INFO] CKA split=train position=218 layer=5
[INFO] CKA split=train position=218 layer=6
[INFO] CKA split=train position=218 layer=7
[INFO] CKA split=train position=218 layer=8
[INFO] CKA split=train position=218 layer=9
[INFO] CKA split=train position=219 layer=0
[INFO] CKA split=train position=219 layer=1
[INFO] CKA split=train position=219 layer=2
[INFO] CKA split=train position=219 layer=3
[INFO] CKA split=train position=219 layer=4
[INFO] CKA split=train position=219 layer=5
[INFO] CKA split=train position=219 layer=6
[INFO] CKA split=train position=219 layer=7
[INFO] CKA split=train position=219 layer=8
[INFO] CKA split=train position=219 layer=9
[INFO] CKA split=train position=220 layer=0
[INFO] CKA split=train position=220 layer=1
[INFO] CKA split=train position=220 layer=2
[INFO] CKA split=train position=220 layer=3
[INFO] CKA split=train position=220 layer=4
[INFO] CKA split=train position=220 layer=5
[INFO] CKA split=train position=220 layer=6
[INFO] CKA split=train position=220 layer=7
[INFO] CKA split=train position=220 layer=8
[INFO] CKA split=train position=220 layer=9
[INFO] CKA split=train position=221 layer=0
[INFO] CKA split=train position=221 layer=1
[INFO] CKA split=train position=221 layer=2
[INFO] CKA split=train position=221 layer=3
[INFO] CKA split=train position=221 layer=4
[INFO] CKA split=train position=221 layer=5
[INFO] CKA split=train position=221 layer=6
[INFO] CKA split=train position=221 layer=7
[INFO] CKA split=train position=221 layer=8
[INFO] CKA split=train position=221 layer=9
[INFO] CKA split=train position=222 layer=0
[INFO] CKA split=train position=222 layer=1
[INFO] CKA split=train position=222 layer=2
[INFO] CKA split=train position=222 layer=3
[INFO] CKA split=train position=222 layer=4
[INFO] CKA split=train position=222 layer=5
[INFO] CKA split=train position=222 layer=6
[INFO] CKA split=train position=222 layer=7
[INFO] CKA split=train position=222 layer=8
[INFO] CKA split=train position=222 layer=9
[INFO] CKA split=train position=223 layer=0
[INFO] CKA split=train position=223 layer=1
[INFO] CKA split=train position=223 layer=2
[INFO] CKA split=train position=223 layer=3
[INFO] CKA split=train position=223 layer=4
[INFO] CKA split=train position=223 layer=5
[INFO] CKA split=train position=223 layer=6
[INFO] CKA split=train position=223 layer=7
[INFO] CKA split=train position=223 layer=8
[INFO] CKA split=train position=223 layer=9
[INFO] CKA split=train position=224 layer=0
[INFO] CKA split=train position=224 layer=1
[INFO] CKA split=train position=224 layer=2
[INFO] CKA split=train position=224 layer=3
[INFO] CKA split=train position=224 layer=4
[INFO] CKA split=train position=224 layer=5
[INFO] CKA split=train position=224 layer=6
[INFO] CKA split=train position=224 layer=7
[INFO] CKA split=train position=224 layer=8
[INFO] CKA split=train position=224 layer=9
[INFO] CKA split=train position=225 layer=0
[INFO] CKA split=train position=225 layer=1
[INFO] CKA split=train position=225 layer=2
[INFO] CKA split=train position=225 layer=3
[INFO] CKA split=train position=225 layer=4
[INFO] CKA split=train position=225 layer=5
[INFO] CKA split=train position=225 layer=6
[INFO] CKA split=train position=225 layer=7
[INFO] CKA split=train position=225 layer=8
[INFO] CKA split=train position=225 layer=9
[INFO] CKA split=train position=226 layer=0
[INFO] CKA split=train position=226 layer=1
[INFO] CKA split=train position=226 layer=2
[INFO] CKA split=train position=226 layer=3
[INFO] CKA split=train position=226 layer=4
[INFO] CKA split=train position=226 layer=5
[INFO] CKA split=train position=226 layer=6
[INFO] CKA split=train position=226 layer=7
[INFO] CKA split=train position=226 layer=8
[INFO] CKA split=train position=226 layer=9
[INFO] CKA split=train position=227 layer=0
[INFO] CKA split=train position=227 layer=1
[INFO] CKA split=train position=227 layer=2
[INFO] CKA split=train position=227 layer=3
[INFO] CKA split=train position=227 layer=4
[INFO] CKA split=train position=227 layer=5
[INFO] CKA split=train position=227 layer=6
[INFO] CKA split=train position=227 layer=7
[INFO] CKA split=train position=227 layer=8
[INFO] CKA split=train position=227 layer=9
[INFO] CKA split=train position=228 layer=0
[INFO] CKA split=train position=228 layer=1
[INFO] CKA split=train position=228 layer=2
[INFO] CKA split=train position=228 layer=3
[INFO] CKA split=train position=228 layer=4
[INFO] CKA split=train position=228 layer=5
[INFO] CKA split=train position=228 layer=6
[INFO] CKA split=train position=228 layer=7
[INFO] CKA split=train position=228 layer=8
[INFO] CKA split=train position=228 layer=9
[INFO] CKA split=train position=229 layer=0
[INFO] CKA split=train position=229 layer=1
[INFO] CKA split=train position=229 layer=2
[INFO] CKA split=train position=229 layer=3
[INFO] CKA split=train position=229 layer=4
[INFO] CKA split=train position=229 layer=5
[INFO] CKA split=train position=229 layer=6
[INFO] CKA split=train position=229 layer=7
[INFO] CKA split=train position=229 layer=8
[INFO] CKA split=train position=229 layer=9
[INFO] CKA split=train position=230 layer=0
[INFO] CKA split=train position=230 layer=1
[INFO] CKA split=train position=230 layer=2
[INFO] CKA split=train position=230 layer=3
[INFO] CKA split=train position=230 layer=4
[INFO] CKA split=train position=230 layer=5
[INFO] CKA split=train position=230 layer=6
[INFO] CKA split=train position=230 layer=7
[INFO] CKA split=train position=230 layer=8
[INFO] CKA split=train position=230 layer=9
[INFO] CKA split=train position=231 layer=0
[INFO] CKA split=train position=231 layer=1
[INFO] CKA split=train position=231 layer=2
[INFO] CKA split=train position=231 layer=3
[INFO] CKA split=train position=231 layer=4
[INFO] CKA split=train position=231 layer=5
[INFO] CKA split=train position=231 layer=6
[INFO] CKA split=train position=231 layer=7
[INFO] CKA split=train position=231 layer=8
[INFO] CKA split=train position=231 layer=9
[INFO] CKA split=train position=232 layer=0
[INFO] CKA split=train position=232 layer=1
[INFO] CKA split=train position=232 layer=2
[INFO] CKA split=train position=232 layer=3
[INFO] CKA split=train position=232 layer=4
[INFO] CKA split=train position=232 layer=5
[INFO] CKA split=train position=232 layer=6
[INFO] CKA split=train position=232 layer=7
[INFO] CKA split=train position=232 layer=8
[INFO] CKA split=train position=232 layer=9
[INFO] CKA split=train position=233 layer=0
[INFO] CKA split=train position=233 layer=1
[INFO] CKA split=train position=233 layer=2
[INFO] CKA split=train position=233 layer=3
[INFO] CKA split=train position=233 layer=4
[INFO] CKA split=train position=233 layer=5
[INFO] CKA split=train position=233 layer=6
[INFO] CKA split=train position=233 layer=7
[INFO] CKA split=train position=233 layer=8
[INFO] CKA split=train position=233 layer=9
[INFO] CKA split=train position=234 layer=0
[INFO] CKA split=train position=234 layer=1
[INFO] CKA split=train position=234 layer=2
[INFO] CKA split=train position=234 layer=3
[INFO] CKA split=train position=234 layer=4
[INFO] CKA split=train position=234 layer=5
[INFO] CKA split=train position=234 layer=6
[INFO] CKA split=train position=234 layer=7
[INFO] CKA split=train position=234 layer=8
[INFO] CKA split=train position=234 layer=9
[INFO] CKA split=train position=235 layer=0
[INFO] CKA split=train position=235 layer=1
[INFO] CKA split=train position=235 layer=2
[INFO] CKA split=train position=235 layer=3
[INFO] CKA split=train position=235 layer=4
[INFO] CKA split=train position=235 layer=5
[INFO] CKA split=train position=235 layer=6
[INFO] CKA split=train position=235 layer=7
[INFO] CKA split=train position=235 layer=8
[INFO] CKA split=train position=235 layer=9
[INFO] CKA split=train position=236 layer=0
[INFO] CKA split=train position=236 layer=1
[INFO] CKA split=train position=236 layer=2
[INFO] CKA split=train position=236 layer=3
[INFO] CKA split=train position=236 layer=4
[INFO] CKA split=train position=236 layer=5
[INFO] CKA split=train position=236 layer=6
[INFO] CKA split=train position=236 layer=7
[INFO] CKA split=train position=236 layer=8
[INFO] CKA split=train position=236 layer=9
[INFO] CKA split=train position=237 layer=0
[INFO] CKA split=train position=237 layer=1
[INFO] CKA split=train position=237 layer=2
[INFO] CKA split=train position=237 layer=3
[INFO] CKA split=train position=237 layer=4
[INFO] CKA split=train position=237 layer=5
[INFO] CKA split=train position=237 layer=6
[INFO] CKA split=train position=237 layer=7
[INFO] CKA split=train position=237 layer=8
[INFO] CKA split=train position=237 layer=9
[INFO] CKA split=train position=238 layer=0
[INFO] CKA split=train position=238 layer=1
[INFO] CKA split=train position=238 layer=2
[INFO] CKA split=train position=238 layer=3
[INFO] CKA split=train position=238 layer=4
[INFO] CKA split=train position=238 layer=5
[INFO] CKA split=train position=238 layer=6
[INFO] CKA split=train position=238 layer=7
[INFO] CKA split=train position=238 layer=8
[INFO] CKA split=train position=238 layer=9
[INFO] CKA split=train position=239 layer=0
[INFO] CKA split=train position=239 layer=1
[INFO] CKA split=train position=239 layer=2
[INFO] CKA split=train position=239 layer=3
[INFO] CKA split=train position=239 layer=4
[INFO] CKA split=train position=239 layer=5
[INFO] CKA split=train position=239 layer=6
[INFO] CKA split=train position=239 layer=7
[INFO] CKA split=train position=239 layer=8
[INFO] CKA split=train position=239 layer=9
[INFO] CKA split=train position=240 layer=0
[INFO] CKA split=train position=240 layer=1
[INFO] CKA split=train position=240 layer=2
[INFO] CKA split=train position=240 layer=3
[INFO] CKA split=train position=240 layer=4
[INFO] CKA split=train position=240 layer=5
[INFO] CKA split=train position=240 layer=6
[INFO] CKA split=train position=240 layer=7
[INFO] CKA split=train position=240 layer=8
[INFO] CKA split=train position=240 layer=9
[INFO] CKA split=train position=241 layer=0
[INFO] CKA split=train position=241 layer=1
[INFO] CKA split=train position=241 layer=2
[INFO] CKA split=train position=241 layer=3
[INFO] CKA split=train position=241 layer=4
[INFO] CKA split=train position=241 layer=5
[INFO] CKA split=train position=241 layer=6
[INFO] CKA split=train position=241 layer=7
[INFO] CKA split=train position=241 layer=8
[INFO] CKA split=train position=241 layer=9
[INFO] CKA split=valid position=0 layer=0
[INFO] CKA split=valid position=0 layer=1
[INFO] CKA split=valid position=0 layer=2
[INFO] CKA split=valid position=0 layer=3
[INFO] CKA split=valid position=0 layer=4
[INFO] CKA split=valid position=0 layer=5
[INFO] CKA split=valid position=0 layer=6
[INFO] CKA split=valid position=0 layer=7
[INFO] CKA split=valid position=0 layer=8
[INFO] CKA split=valid position=0 layer=9
[INFO] CKA split=valid position=1 layer=0
[INFO] CKA split=valid position=1 layer=1
[INFO] CKA split=valid position=1 layer=2
[INFO] CKA split=valid position=1 layer=3
[INFO] CKA split=valid position=1 layer=4
[INFO] CKA split=valid position=1 layer=5
[INFO] CKA split=valid position=1 layer=6
[INFO] CKA split=valid position=1 layer=7
[INFO] CKA split=valid position=1 layer=8
[INFO] CKA split=valid position=1 layer=9
[INFO] CKA split=valid position=2 layer=0
[INFO] CKA split=valid position=2 layer=1
[INFO] CKA split=valid position=2 layer=2
[INFO] CKA split=valid position=2 layer=3
[INFO] CKA split=valid position=2 layer=4
[INFO] CKA split=valid position=2 layer=5
[INFO] CKA split=valid position=2 layer=6
[INFO] CKA split=valid position=2 layer=7
[INFO] CKA split=valid position=2 layer=8
[INFO] CKA split=valid position=2 layer=9
[INFO] CKA split=valid position=3 layer=0
[INFO] CKA split=valid position=3 layer=1
[INFO] CKA split=valid position=3 layer=2
[INFO] CKA split=valid position=3 layer=3
[INFO] CKA split=valid position=3 layer=4
[INFO] CKA split=valid position=3 layer=5
[INFO] CKA split=valid position=3 layer=6
[INFO] CKA split=valid position=3 layer=7
[INFO] CKA split=valid position=3 layer=8
[INFO] CKA split=valid position=3 layer=9
[INFO] CKA split=valid position=4 layer=0
[INFO] CKA split=valid position=4 layer=1
[INFO] CKA split=valid position=4 layer=2
[INFO] CKA split=valid position=4 layer=3
[INFO] CKA split=valid position=4 layer=4
[INFO] CKA split=valid position=4 layer=5
[INFO] CKA split=valid position=4 layer=6
[INFO] CKA split=valid position=4 layer=7
[INFO] CKA split=valid position=4 layer=8
[INFO] CKA split=valid position=4 layer=9
[INFO] CKA split=valid position=5 layer=0
[INFO] CKA split=valid position=5 layer=1
[INFO] CKA split=valid position=5 layer=2
[INFO] CKA split=valid position=5 layer=3
[INFO] CKA split=valid position=5 layer=4
[INFO] CKA split=valid position=5 layer=5
[INFO] CKA split=valid position=5 layer=6
[INFO] CKA split=valid position=5 layer=7
[INFO] CKA split=valid position=5 layer=8
[INFO] CKA split=valid position=5 layer=9
[INFO] CKA split=valid position=6 layer=0
[INFO] CKA split=valid position=6 layer=1
[INFO] CKA split=valid position=6 layer=2
[INFO] CKA split=valid position=6 layer=3
[INFO] CKA split=valid position=6 layer=4
[INFO] CKA split=valid position=6 layer=5
[INFO] CKA split=valid position=6 layer=6
[INFO] CKA split=valid position=6 layer=7
[INFO] CKA split=valid position=6 layer=8
[INFO] CKA split=valid position=6 layer=9
[INFO] CKA split=valid position=7 layer=0
[INFO] CKA split=valid position=7 layer=1
[INFO] CKA split=valid position=7 layer=2
[INFO] CKA split=valid position=7 layer=3
[INFO] CKA split=valid position=7 layer=4
[INFO] CKA split=valid position=7 layer=5
[INFO] CKA split=valid position=7 layer=6
[INFO] CKA split=valid position=7 layer=7
[INFO] CKA split=valid position=7 layer=8
[INFO] CKA split=valid position=7 layer=9
[INFO] CKA split=valid position=8 layer=0
[INFO] CKA split=valid position=8 layer=1
[INFO] CKA split=valid position=8 layer=2
[INFO] CKA split=valid position=8 layer=3
[INFO] CKA split=valid position=8 layer=4
[INFO] CKA split=valid position=8 layer=5
[INFO] CKA split=valid position=8 layer=6
[INFO] CKA split=valid position=8 layer=7
[INFO] CKA split=valid position=8 layer=8
[INFO] CKA split=valid position=8 layer=9
[INFO] CKA split=valid position=9 layer=0
[INFO] CKA split=valid position=9 layer=1
[INFO] CKA split=valid position=9 layer=2
[INFO] CKA split=valid position=9 layer=3
[INFO] CKA split=valid position=9 layer=4
[INFO] CKA split=valid position=9 layer=5
[INFO] CKA split=valid position=9 layer=6
[INFO] CKA split=valid position=9 layer=7
[INFO] CKA split=valid position=9 layer=8
[INFO] CKA split=valid position=9 layer=9
[INFO] CKA split=valid position=10 layer=0
[INFO] CKA split=valid position=10 layer=1
[INFO] CKA split=valid position=10 layer=2
[INFO] CKA split=valid position=10 layer=3
[INFO] CKA split=valid position=10 layer=4
[INFO] CKA split=valid position=10 layer=5
[INFO] CKA split=valid position=10 layer=6
[INFO] CKA split=valid position=10 layer=7
[INFO] CKA split=valid position=10 layer=8
[INFO] CKA split=valid position=10 layer=9
[INFO] CKA split=valid position=11 layer=0
[INFO] CKA split=valid position=11 layer=1
[INFO] CKA split=valid position=11 layer=2
[INFO] CKA split=valid position=11 layer=3
[INFO] CKA split=valid position=11 layer=4
[INFO] CKA split=valid position=11 layer=5
[INFO] CKA split=valid position=11 layer=6
[INFO] CKA split=valid position=11 layer=7
[INFO] CKA split=valid position=11 layer=8
[INFO] CKA split=valid position=11 layer=9
[INFO] CKA split=valid position=12 layer=0
[INFO] CKA split=valid position=12 layer=1
[INFO] CKA split=valid position=12 layer=2
[INFO] CKA split=valid position=12 layer=3
[INFO] CKA split=valid position=12 layer=4
[INFO] CKA split=valid position=12 layer=5
[INFO] CKA split=valid position=12 layer=6
[INFO] CKA split=valid position=12 layer=7
[INFO] CKA split=valid position=12 layer=8
[INFO] CKA split=valid position=12 layer=9
[INFO] CKA split=valid position=13 layer=0
[INFO] CKA split=valid position=13 layer=1
[INFO] CKA split=valid position=13 layer=2
[INFO] CKA split=valid position=13 layer=3
[INFO] CKA split=valid position=13 layer=4
[INFO] CKA split=valid position=13 layer=5
[INFO] CKA split=valid position=13 layer=6
[INFO] CKA split=valid position=13 layer=7
[INFO] CKA split=valid position=13 layer=8
[INFO] CKA split=valid position=13 layer=9
[INFO] CKA split=valid position=14 layer=0
[INFO] CKA split=valid position=14 layer=1
[INFO] CKA split=valid position=14 layer=2
[INFO] CKA split=valid position=14 layer=3
[INFO] CKA split=valid position=14 layer=4
[INFO] CKA split=valid position=14 layer=5
[INFO] CKA split=valid position=14 layer=6
[INFO] CKA split=valid position=14 layer=7
[INFO] CKA split=valid position=14 layer=8
[INFO] CKA split=valid position=14 layer=9
[INFO] CKA split=valid position=15 layer=0
[INFO] CKA split=valid position=15 layer=1
[INFO] CKA split=valid position=15 layer=2
[INFO] CKA split=valid position=15 layer=3
[INFO] CKA split=valid position=15 layer=4
[INFO] CKA split=valid position=15 layer=5
[INFO] CKA split=valid position=15 layer=6
[INFO] CKA split=valid position=15 layer=7
[INFO] CKA split=valid position=15 layer=8
[INFO] CKA split=valid position=15 layer=9
[INFO] CKA split=valid position=16 layer=0
[INFO] CKA split=valid position=16 layer=1
[INFO] CKA split=valid position=16 layer=2
[INFO] CKA split=valid position=16 layer=3
[INFO] CKA split=valid position=16 layer=4
[INFO] CKA split=valid position=16 layer=5
[INFO] CKA split=valid position=16 layer=6
[INFO] CKA split=valid position=16 layer=7
[INFO] CKA split=valid position=16 layer=8
[INFO] CKA split=valid position=16 layer=9
[INFO] CKA split=valid position=17 layer=0
[INFO] CKA split=valid position=17 layer=1
[INFO] CKA split=valid position=17 layer=2
[INFO] CKA split=valid position=17 layer=3
[INFO] CKA split=valid position=17 layer=4
[INFO] CKA split=valid position=17 layer=5
[INFO] CKA split=valid position=17 layer=6
[INFO] CKA split=valid position=17 layer=7
[INFO] CKA split=valid position=17 layer=8
[INFO] CKA split=valid position=17 layer=9
[INFO] CKA split=valid position=18 layer=0
[INFO] CKA split=valid position=18 layer=1
[INFO] CKA split=valid position=18 layer=2
[INFO] CKA split=valid position=18 layer=3
[INFO] CKA split=valid position=18 layer=4
[INFO] CKA split=valid position=18 layer=5
[INFO] CKA split=valid position=18 layer=6
[INFO] CKA split=valid position=18 layer=7
[INFO] CKA split=valid position=18 layer=8
[INFO] CKA split=valid position=18 layer=9
[INFO] CKA split=valid position=19 layer=0
[INFO] CKA split=valid position=19 layer=1
[INFO] CKA split=valid position=19 layer=2
[INFO] CKA split=valid position=19 layer=3
[INFO] CKA split=valid position=19 layer=4
[INFO] CKA split=valid position=19 layer=5
[INFO] CKA split=valid position=19 layer=6
[INFO] CKA split=valid position=19 layer=7
[INFO] CKA split=valid position=19 layer=8
[INFO] CKA split=valid position=19 layer=9
[INFO] CKA split=valid position=20 layer=0
[INFO] CKA split=valid position=20 layer=1
[INFO] CKA split=valid position=20 layer=2
[INFO] CKA split=valid position=20 layer=3
[INFO] CKA split=valid position=20 layer=4
[INFO] CKA split=valid position=20 layer=5
[INFO] CKA split=valid position=20 layer=6
[INFO] CKA split=valid position=20 layer=7
[INFO] CKA split=valid position=20 layer=8
[INFO] CKA split=valid position=20 layer=9
[INFO] CKA split=valid position=21 layer=0
[INFO] CKA split=valid position=21 layer=1
[INFO] CKA split=valid position=21 layer=2
[INFO] CKA split=valid position=21 layer=3
[INFO] CKA split=valid position=21 layer=4
[INFO] CKA split=valid position=21 layer=5
[INFO] CKA split=valid position=21 layer=6
[INFO] CKA split=valid position=21 layer=7
[INFO] CKA split=valid position=21 layer=8
[INFO] CKA split=valid position=21 layer=9
[INFO] CKA split=valid position=22 layer=0
[INFO] CKA split=valid position=22 layer=1
[INFO] CKA split=valid position=22 layer=2
[INFO] CKA split=valid position=22 layer=3
[INFO] CKA split=valid position=22 layer=4
[INFO] CKA split=valid position=22 layer=5
[INFO] CKA split=valid position=22 layer=6
[INFO] CKA split=valid position=22 layer=7
[INFO] CKA split=valid position=22 layer=8
[INFO] CKA split=valid position=22 layer=9
[INFO] CKA split=valid position=23 layer=0
[INFO] CKA split=valid position=23 layer=1
[INFO] CKA split=valid position=23 layer=2
[INFO] CKA split=valid position=23 layer=3
[INFO] CKA split=valid position=23 layer=4
[INFO] CKA split=valid position=23 layer=5
[INFO] CKA split=valid position=23 layer=6
[INFO] CKA split=valid position=23 layer=7
[INFO] CKA split=valid position=23 layer=8
[INFO] CKA split=valid position=23 layer=9
[INFO] CKA split=valid position=24 layer=0
[INFO] CKA split=valid position=24 layer=1
[INFO] CKA split=valid position=24 layer=2
[INFO] CKA split=valid position=24 layer=3
[INFO] CKA split=valid position=24 layer=4
[INFO] CKA split=valid position=24 layer=5
[INFO] CKA split=valid position=24 layer=6
[INFO] CKA split=valid position=24 layer=7
[INFO] CKA split=valid position=24 layer=8
[INFO] CKA split=valid position=24 layer=9
[INFO] CKA split=valid position=25 layer=0
[INFO] CKA split=valid position=25 layer=1
[INFO] CKA split=valid position=25 layer=2
[INFO] CKA split=valid position=25 layer=3
[INFO] CKA split=valid position=25 layer=4
[INFO] CKA split=valid position=25 layer=5
[INFO] CKA split=valid position=25 layer=6
[INFO] CKA split=valid position=25 layer=7
[INFO] CKA split=valid position=25 layer=8
[INFO] CKA split=valid position=25 layer=9
[INFO] CKA split=valid position=26 layer=0
[INFO] CKA split=valid position=26 layer=1
[INFO] CKA split=valid position=26 layer=2
[INFO] CKA split=valid position=26 layer=3
[INFO] CKA split=valid position=26 layer=4
[INFO] CKA split=valid position=26 layer=5
[INFO] CKA split=valid position=26 layer=6
[INFO] CKA split=valid position=26 layer=7
[INFO] CKA split=valid position=26 layer=8
[INFO] CKA split=valid position=26 layer=9
[INFO] CKA split=valid position=27 layer=0
[INFO] CKA split=valid position=27 layer=1
[INFO] CKA split=valid position=27 layer=2
[INFO] CKA split=valid position=27 layer=3
[INFO] CKA split=valid position=27 layer=4
[INFO] CKA split=valid position=27 layer=5
[INFO] CKA split=valid position=27 layer=6
[INFO] CKA split=valid position=27 layer=7
[INFO] CKA split=valid position=27 layer=8
[INFO] CKA split=valid position=27 layer=9
[INFO] CKA split=valid position=28 layer=0
[INFO] CKA split=valid position=28 layer=1
[INFO] CKA split=valid position=28 layer=2
[INFO] CKA split=valid position=28 layer=3
[INFO] CKA split=valid position=28 layer=4
[INFO] CKA split=valid position=28 layer=5
[INFO] CKA split=valid position=28 layer=6
[INFO] CKA split=valid position=28 layer=7
[INFO] CKA split=valid position=28 layer=8
[INFO] CKA split=valid position=28 layer=9
[INFO] CKA split=valid position=29 layer=0
[INFO] CKA split=valid position=29 layer=1
[INFO] CKA split=valid position=29 layer=2
[INFO] CKA split=valid position=29 layer=3
[INFO] CKA split=valid position=29 layer=4
[INFO] CKA split=valid position=29 layer=5
[INFO] CKA split=valid position=29 layer=6
[INFO] CKA split=valid position=29 layer=7
[INFO] CKA split=valid position=29 layer=8
[INFO] CKA split=valid position=29 layer=9
[INFO] CKA split=valid position=30 layer=0
[INFO] CKA split=valid position=30 layer=1
[INFO] CKA split=valid position=30 layer=2
[INFO] CKA split=valid position=30 layer=3
[INFO] CKA split=valid position=30 layer=4
[INFO] CKA split=valid position=30 layer=5
[INFO] CKA split=valid position=30 layer=6
[INFO] CKA split=valid position=30 layer=7
[INFO] CKA split=valid position=30 layer=8
[INFO] CKA split=valid position=30 layer=9
[INFO] CKA split=valid position=31 layer=0
[INFO] CKA split=valid position=31 layer=1
[INFO] CKA split=valid position=31 layer=2
[INFO] CKA split=valid position=31 layer=3
[INFO] CKA split=valid position=31 layer=4
[INFO] CKA split=valid position=31 layer=5
[INFO] CKA split=valid position=31 layer=6
[INFO] CKA split=valid position=31 layer=7
[INFO] CKA split=valid position=31 layer=8
[INFO] CKA split=valid position=31 layer=9
[INFO] CKA split=valid position=32 layer=0
[INFO] CKA split=valid position=32 layer=1
[INFO] CKA split=valid position=32 layer=2
[INFO] CKA split=valid position=32 layer=3
[INFO] CKA split=valid position=32 layer=4
[INFO] CKA split=valid position=32 layer=5
[INFO] CKA split=valid position=32 layer=6
[INFO] CKA split=valid position=32 layer=7
[INFO] CKA split=valid position=32 layer=8
[INFO] CKA split=valid position=32 layer=9
[INFO] CKA split=valid position=33 layer=0
[INFO] CKA split=valid position=33 layer=1
[INFO] CKA split=valid position=33 layer=2
[INFO] CKA split=valid position=33 layer=3
[INFO] CKA split=valid position=33 layer=4
[INFO] CKA split=valid position=33 layer=5
[INFO] CKA split=valid position=33 layer=6
[INFO] CKA split=valid position=33 layer=7
[INFO] CKA split=valid position=33 layer=8
[INFO] CKA split=valid position=33 layer=9
[INFO] CKA split=valid position=34 layer=0
[INFO] CKA split=valid position=34 layer=1
[INFO] CKA split=valid position=34 layer=2
[INFO] CKA split=valid position=34 layer=3
[INFO] CKA split=valid position=34 layer=4
[INFO] CKA split=valid position=34 layer=5
[INFO] CKA split=valid position=34 layer=6
[INFO] CKA split=valid position=34 layer=7
[INFO] CKA split=valid position=34 layer=8
[INFO] CKA split=valid position=34 layer=9
[INFO] CKA split=valid position=35 layer=0
[INFO] CKA split=valid position=35 layer=1
[INFO] CKA split=valid position=35 layer=2
[INFO] CKA split=valid position=35 layer=3
[INFO] CKA split=valid position=35 layer=4
[INFO] CKA split=valid position=35 layer=5
[INFO] CKA split=valid position=35 layer=6
[INFO] CKA split=valid position=35 layer=7
[INFO] CKA split=valid position=35 layer=8
[INFO] CKA split=valid position=35 layer=9
[INFO] CKA split=valid position=36 layer=0
[INFO] CKA split=valid position=36 layer=1
[INFO] CKA split=valid position=36 layer=2
[INFO] CKA split=valid position=36 layer=3
[INFO] CKA split=valid position=36 layer=4
[INFO] CKA split=valid position=36 layer=5
[INFO] CKA split=valid position=36 layer=6
[INFO] CKA split=valid position=36 layer=7
[INFO] CKA split=valid position=36 layer=8
[INFO] CKA split=valid position=36 layer=9
[INFO] CKA split=valid position=37 layer=0
[INFO] CKA split=valid position=37 layer=1
[INFO] CKA split=valid position=37 layer=2
[INFO] CKA split=valid position=37 layer=3
[INFO] CKA split=valid position=37 layer=4
[INFO] CKA split=valid position=37 layer=5
[INFO] CKA split=valid position=37 layer=6
[INFO] CKA split=valid position=37 layer=7
[INFO] CKA split=valid position=37 layer=8
[INFO] CKA split=valid position=37 layer=9
[INFO] CKA split=valid position=38 layer=0
[INFO] CKA split=valid position=38 layer=1
[INFO] CKA split=valid position=38 layer=2
[INFO] CKA split=valid position=38 layer=3
[INFO] CKA split=valid position=38 layer=4
[INFO] CKA split=valid position=38 layer=5
[INFO] CKA split=valid position=38 layer=6
[INFO] CKA split=valid position=38 layer=7
[INFO] CKA split=valid position=38 layer=8
[INFO] CKA split=valid position=38 layer=9
[INFO] CKA split=valid position=39 layer=0
[INFO] CKA split=valid position=39 layer=1
[INFO] CKA split=valid position=39 layer=2
[INFO] CKA split=valid position=39 layer=3
[INFO] CKA split=valid position=39 layer=4
[INFO] CKA split=valid position=39 layer=5
[INFO] CKA split=valid position=39 layer=6
[INFO] CKA split=valid position=39 layer=7
[INFO] CKA split=valid position=39 layer=8
[INFO] CKA split=valid position=39 layer=9
[INFO] CKA split=valid position=40 layer=0
[INFO] CKA split=valid position=40 layer=1
[INFO] CKA split=valid position=40 layer=2
[INFO] CKA split=valid position=40 layer=3
[INFO] CKA split=valid position=40 layer=4
[INFO] CKA split=valid position=40 layer=5
[INFO] CKA split=valid position=40 layer=6
[INFO] CKA split=valid position=40 layer=7
[INFO] CKA split=valid position=40 layer=8
[INFO] CKA split=valid position=40 layer=9
[INFO] CKA split=valid position=41 layer=0
[INFO] CKA split=valid position=41 layer=1
[INFO] CKA split=valid position=41 layer=2
[INFO] CKA split=valid position=41 layer=3
[INFO] CKA split=valid position=41 layer=4
[INFO] CKA split=valid position=41 layer=5
[INFO] CKA split=valid position=41 layer=6
[INFO] CKA split=valid position=41 layer=7
[INFO] CKA split=valid position=41 layer=8
[INFO] CKA split=valid position=41 layer=9
[INFO] CKA split=valid position=42 layer=0
[INFO] CKA split=valid position=42 layer=1
[INFO] CKA split=valid position=42 layer=2
[INFO] CKA split=valid position=42 layer=3
[INFO] CKA split=valid position=42 layer=4
[INFO] CKA split=valid position=42 layer=5
[INFO] CKA split=valid position=42 layer=6
[INFO] CKA split=valid position=42 layer=7
[INFO] CKA split=valid position=42 layer=8
[INFO] CKA split=valid position=42 layer=9
[INFO] CKA split=valid position=43 layer=0
[INFO] CKA split=valid position=43 layer=1
[INFO] CKA split=valid position=43 layer=2
[INFO] CKA split=valid position=43 layer=3
[INFO] CKA split=valid position=43 layer=4
[INFO] CKA split=valid position=43 layer=5
[INFO] CKA split=valid position=43 layer=6
[INFO] CKA split=valid position=43 layer=7
[INFO] CKA split=valid position=43 layer=8
[INFO] CKA split=valid position=43 layer=9
[INFO] CKA split=valid position=44 layer=0
[INFO] CKA split=valid position=44 layer=1
[INFO] CKA split=valid position=44 layer=2
[INFO] CKA split=valid position=44 layer=3
[INFO] CKA split=valid position=44 layer=4
[INFO] CKA split=valid position=44 layer=5
[INFO] CKA split=valid position=44 layer=6
[INFO] CKA split=valid position=44 layer=7
[INFO] CKA split=valid position=44 layer=8
[INFO] CKA split=valid position=44 layer=9
[INFO] CKA split=valid position=45 layer=0
[INFO] CKA split=valid position=45 layer=1
[INFO] CKA split=valid position=45 layer=2
[INFO] CKA split=valid position=45 layer=3
[INFO] CKA split=valid position=45 layer=4
[INFO] CKA split=valid position=45 layer=5
[INFO] CKA split=valid position=45 layer=6
[INFO] CKA split=valid position=45 layer=7
[INFO] CKA split=valid position=45 layer=8
[INFO] CKA split=valid position=45 layer=9
[INFO] CKA split=valid position=46 layer=0
[INFO] CKA split=valid position=46 layer=1
[INFO] CKA split=valid position=46 layer=2
[INFO] CKA split=valid position=46 layer=3
[INFO] CKA split=valid position=46 layer=4
[INFO] CKA split=valid position=46 layer=5
[INFO] CKA split=valid position=46 layer=6
[INFO] CKA split=valid position=46 layer=7
[INFO] CKA split=valid position=46 layer=8
[INFO] CKA split=valid position=46 layer=9
[INFO] CKA split=valid position=47 layer=0
[INFO] CKA split=valid position=47 layer=1
[INFO] CKA split=valid position=47 layer=2
[INFO] CKA split=valid position=47 layer=3
[INFO] CKA split=valid position=47 layer=4
[INFO] CKA split=valid position=47 layer=5
[INFO] CKA split=valid position=47 layer=6
[INFO] CKA split=valid position=47 layer=7
[INFO] CKA split=valid position=47 layer=8
[INFO] CKA split=valid position=47 layer=9
[INFO] CKA split=valid position=48 layer=0
[INFO] CKA split=valid position=48 layer=1
[INFO] CKA split=valid position=48 layer=2
[INFO] CKA split=valid position=48 layer=3
[INFO] CKA split=valid position=48 layer=4
[INFO] CKA split=valid position=48 layer=5
[INFO] CKA split=valid position=48 layer=6
[INFO] CKA split=valid position=48 layer=7
[INFO] CKA split=valid position=48 layer=8
[INFO] CKA split=valid position=48 layer=9
[INFO] CKA split=valid position=49 layer=0
[INFO] CKA split=valid position=49 layer=1
[INFO] CKA split=valid position=49 layer=2
[INFO] CKA split=valid position=49 layer=3
[INFO] CKA split=valid position=49 layer=4
[INFO] CKA split=valid position=49 layer=5
[INFO] CKA split=valid position=49 layer=6
[INFO] CKA split=valid position=49 layer=7
[INFO] CKA split=valid position=49 layer=8
[INFO] CKA split=valid position=49 layer=9
[INFO] CKA split=valid position=50 layer=0
[INFO] CKA split=valid position=50 layer=1
[INFO] CKA split=valid position=50 layer=2
[INFO] CKA split=valid position=50 layer=3
[INFO] CKA split=valid position=50 layer=4
[INFO] CKA split=valid position=50 layer=5
[INFO] CKA split=valid position=50 layer=6
[INFO] CKA split=valid position=50 layer=7
[INFO] CKA split=valid position=50 layer=8
[INFO] CKA split=valid position=50 layer=9
[INFO] CKA split=valid position=51 layer=0
[INFO] CKA split=valid position=51 layer=1
[INFO] CKA split=valid position=51 layer=2
[INFO] CKA split=valid position=51 layer=3
[INFO] CKA split=valid position=51 layer=4
[INFO] CKA split=valid position=51 layer=5
[INFO] CKA split=valid position=51 layer=6
[INFO] CKA split=valid position=51 layer=7
[INFO] CKA split=valid position=51 layer=8
[INFO] CKA split=valid position=51 layer=9
[INFO] CKA split=valid position=52 layer=0
[INFO] CKA split=valid position=52 layer=1
[INFO] CKA split=valid position=52 layer=2
[INFO] CKA split=valid position=52 layer=3
[INFO] CKA split=valid position=52 layer=4
[INFO] CKA split=valid position=52 layer=5
[INFO] CKA split=valid position=52 layer=6
[INFO] CKA split=valid position=52 layer=7
[INFO] CKA split=valid position=52 layer=8
[INFO] CKA split=valid position=52 layer=9
[INFO] CKA split=valid position=53 layer=0
[INFO] CKA split=valid position=53 layer=1
[INFO] CKA split=valid position=53 layer=2
[INFO] CKA split=valid position=53 layer=3
[INFO] CKA split=valid position=53 layer=4
[INFO] CKA split=valid position=53 layer=5
[INFO] CKA split=valid position=53 layer=6
[INFO] CKA split=valid position=53 layer=7
[INFO] CKA split=valid position=53 layer=8
[INFO] CKA split=valid position=53 layer=9
[INFO] CKA split=valid position=54 layer=0
[INFO] CKA split=valid position=54 layer=1
[INFO] CKA split=valid position=54 layer=2
[INFO] CKA split=valid position=54 layer=3
[INFO] CKA split=valid position=54 layer=4
[INFO] CKA split=valid position=54 layer=5
[INFO] CKA split=valid position=54 layer=6
[INFO] CKA split=valid position=54 layer=7
[INFO] CKA split=valid position=54 layer=8
[INFO] CKA split=valid position=54 layer=9
[INFO] CKA split=valid position=55 layer=0
[INFO] CKA split=valid position=55 layer=1
[INFO] CKA split=valid position=55 layer=2
[INFO] CKA split=valid position=55 layer=3
[INFO] CKA split=valid position=55 layer=4
[INFO] CKA split=valid position=55 layer=5
[INFO] CKA split=valid position=55 layer=6
[INFO] CKA split=valid position=55 layer=7
[INFO] CKA split=valid position=55 layer=8
[INFO] CKA split=valid position=55 layer=9
[INFO] CKA split=valid position=56 layer=0
[INFO] CKA split=valid position=56 layer=1
[INFO] CKA split=valid position=56 layer=2
[INFO] CKA split=valid position=56 layer=3
[INFO] CKA split=valid position=56 layer=4
[INFO] CKA split=valid position=56 layer=5
[INFO] CKA split=valid position=56 layer=6
[INFO] CKA split=valid position=56 layer=7
[INFO] CKA split=valid position=56 layer=8
[INFO] CKA split=valid position=56 layer=9
[INFO] CKA split=valid position=57 layer=0
[INFO] CKA split=valid position=57 layer=1
[INFO] CKA split=valid position=57 layer=2
[INFO] CKA split=valid position=57 layer=3
[INFO] CKA split=valid position=57 layer=4
[INFO] CKA split=valid position=57 layer=5
[INFO] CKA split=valid position=57 layer=6
[INFO] CKA split=valid position=57 layer=7
[INFO] CKA split=valid position=57 layer=8
[INFO] CKA split=valid position=57 layer=9
[INFO] CKA split=valid position=58 layer=0
[INFO] CKA split=valid position=58 layer=1
[INFO] CKA split=valid position=58 layer=2
[INFO] CKA split=valid position=58 layer=3
[INFO] CKA split=valid position=58 layer=4
[INFO] CKA split=valid position=58 layer=5
[INFO] CKA split=valid position=58 layer=6
[INFO] CKA split=valid position=58 layer=7
[INFO] CKA split=valid position=58 layer=8
[INFO] CKA split=valid position=58 layer=9
[INFO] CKA split=valid position=59 layer=0
[INFO] CKA split=valid position=59 layer=1
[INFO] CKA split=valid position=59 layer=2
[INFO] CKA split=valid position=59 layer=3
[INFO] CKA split=valid position=59 layer=4
[INFO] CKA split=valid position=59 layer=5
[INFO] CKA split=valid position=59 layer=6
[INFO] CKA split=valid position=59 layer=7
[INFO] CKA split=valid position=59 layer=8
[INFO] CKA split=valid position=59 layer=9
[INFO] CKA split=valid position=60 layer=0
[INFO] CKA split=valid position=60 layer=1
[INFO] CKA split=valid position=60 layer=2
[INFO] CKA split=valid position=60 layer=3
[INFO] CKA split=valid position=60 layer=4
[INFO] CKA split=valid position=60 layer=5
[INFO] CKA split=valid position=60 layer=6
[INFO] CKA split=valid position=60 layer=7
[INFO] CKA split=valid position=60 layer=8
[INFO] CKA split=valid position=60 layer=9
[INFO] CKA split=valid position=61 layer=0
[INFO] CKA split=valid position=61 layer=1
[INFO] CKA split=valid position=61 layer=2
[INFO] CKA split=valid position=61 layer=3
[INFO] CKA split=valid position=61 layer=4
[INFO] CKA split=valid position=61 layer=5
[INFO] CKA split=valid position=61 layer=6
[INFO] CKA split=valid position=61 layer=7
[INFO] CKA split=valid position=61 layer=8
[INFO] CKA split=valid position=61 layer=9
[INFO] CKA split=valid position=62 layer=0
[INFO] CKA split=valid position=62 layer=1
[INFO] CKA split=valid position=62 layer=2
[INFO] CKA split=valid position=62 layer=3
[INFO] CKA split=valid position=62 layer=4
[INFO] CKA split=valid position=62 layer=5
[INFO] CKA split=valid position=62 layer=6
[INFO] CKA split=valid position=62 layer=7
[INFO] CKA split=valid position=62 layer=8
[INFO] CKA split=valid position=62 layer=9
[INFO] CKA split=valid position=63 layer=0
[INFO] CKA split=valid position=63 layer=1
[INFO] CKA split=valid position=63 layer=2
[INFO] CKA split=valid position=63 layer=3
[INFO] CKA split=valid position=63 layer=4
[INFO] CKA split=valid position=63 layer=5
[INFO] CKA split=valid position=63 layer=6
[INFO] CKA split=valid position=63 layer=7
[INFO] CKA split=valid position=63 layer=8
[INFO] CKA split=valid position=63 layer=9
[INFO] CKA split=valid position=64 layer=0
[INFO] CKA split=valid position=64 layer=1
[INFO] CKA split=valid position=64 layer=2
[INFO] CKA split=valid position=64 layer=3
[INFO] CKA split=valid position=64 layer=4
[INFO] CKA split=valid position=64 layer=5
[INFO] CKA split=valid position=64 layer=6
[INFO] CKA split=valid position=64 layer=7
[INFO] CKA split=valid position=64 layer=8
[INFO] CKA split=valid position=64 layer=9
[INFO] CKA split=valid position=65 layer=0
[INFO] CKA split=valid position=65 layer=1
[INFO] CKA split=valid position=65 layer=2
[INFO] CKA split=valid position=65 layer=3
[INFO] CKA split=valid position=65 layer=4
[INFO] CKA split=valid position=65 layer=5
[INFO] CKA split=valid position=65 layer=6
[INFO] CKA split=valid position=65 layer=7
[INFO] CKA split=valid position=65 layer=8
[INFO] CKA split=valid position=65 layer=9
[INFO] CKA split=valid position=66 layer=0
[INFO] CKA split=valid position=66 layer=1
[INFO] CKA split=valid position=66 layer=2
[INFO] CKA split=valid position=66 layer=3
[INFO] CKA split=valid position=66 layer=4
[INFO] CKA split=valid position=66 layer=5
[INFO] CKA split=valid position=66 layer=6
[INFO] CKA split=valid position=66 layer=7
[INFO] CKA split=valid position=66 layer=8
[INFO] CKA split=valid position=66 layer=9
[INFO] CKA split=valid position=67 layer=0
[INFO] CKA split=valid position=67 layer=1
[INFO] CKA split=valid position=67 layer=2
[INFO] CKA split=valid position=67 layer=3
[INFO] CKA split=valid position=67 layer=4
[INFO] CKA split=valid position=67 layer=5
[INFO] CKA split=valid position=67 layer=6
[INFO] CKA split=valid position=67 layer=7
[INFO] CKA split=valid position=67 layer=8
[INFO] CKA split=valid position=67 layer=9
[INFO] CKA split=valid position=68 layer=0
[INFO] CKA split=valid position=68 layer=1
[INFO] CKA split=valid position=68 layer=2
[INFO] CKA split=valid position=68 layer=3
[INFO] CKA split=valid position=68 layer=4
[INFO] CKA split=valid position=68 layer=5
[INFO] CKA split=valid position=68 layer=6
[INFO] CKA split=valid position=68 layer=7
[INFO] CKA split=valid position=68 layer=8
[INFO] CKA split=valid position=68 layer=9
[INFO] CKA split=valid position=69 layer=0
[INFO] CKA split=valid position=69 layer=1
[INFO] CKA split=valid position=69 layer=2
[INFO] CKA split=valid position=69 layer=3
[INFO] CKA split=valid position=69 layer=4
[INFO] CKA split=valid position=69 layer=5
[INFO] CKA split=valid position=69 layer=6
[INFO] CKA split=valid position=69 layer=7
[INFO] CKA split=valid position=69 layer=8
[INFO] CKA split=valid position=69 layer=9
[INFO] CKA split=valid position=70 layer=0
[INFO] CKA split=valid position=70 layer=1
[INFO] CKA split=valid position=70 layer=2
[INFO] CKA split=valid position=70 layer=3
[INFO] CKA split=valid position=70 layer=4
[INFO] CKA split=valid position=70 layer=5
[INFO] CKA split=valid position=70 layer=6
[INFO] CKA split=valid position=70 layer=7
[INFO] CKA split=valid position=70 layer=8
[INFO] CKA split=valid position=70 layer=9
[INFO] CKA split=valid position=71 layer=0
[INFO] CKA split=valid position=71 layer=1
[INFO] CKA split=valid position=71 layer=2
[INFO] CKA split=valid position=71 layer=3
[INFO] CKA split=valid position=71 layer=4
[INFO] CKA split=valid position=71 layer=5
[INFO] CKA split=valid position=71 layer=6
[INFO] CKA split=valid position=71 layer=7
[INFO] CKA split=valid position=71 layer=8
[INFO] CKA split=valid position=71 layer=9
[INFO] CKA split=valid position=72 layer=0
[INFO] CKA split=valid position=72 layer=1
[INFO] CKA split=valid position=72 layer=2
[INFO] CKA split=valid position=72 layer=3
[INFO] CKA split=valid position=72 layer=4
[INFO] CKA split=valid position=72 layer=5
[INFO] CKA split=valid position=72 layer=6
[INFO] CKA split=valid position=72 layer=7
[INFO] CKA split=valid position=72 layer=8
[INFO] CKA split=valid position=72 layer=9
[INFO] CKA split=valid position=73 layer=0
[INFO] CKA split=valid position=73 layer=1
[INFO] CKA split=valid position=73 layer=2
[INFO] CKA split=valid position=73 layer=3
[INFO] CKA split=valid position=73 layer=4
[INFO] CKA split=valid position=73 layer=5
[INFO] CKA split=valid position=73 layer=6
[INFO] CKA split=valid position=73 layer=7
[INFO] CKA split=valid position=73 layer=8
[INFO] CKA split=valid position=73 layer=9
[INFO] CKA split=valid position=74 layer=0
[INFO] CKA split=valid position=74 layer=1
[INFO] CKA split=valid position=74 layer=2
[INFO] CKA split=valid position=74 layer=3
[INFO] CKA split=valid position=74 layer=4
[INFO] CKA split=valid position=74 layer=5
[INFO] CKA split=valid position=74 layer=6
[INFO] CKA split=valid position=74 layer=7
[INFO] CKA split=valid position=74 layer=8
[INFO] CKA split=valid position=74 layer=9
[INFO] CKA split=valid position=75 layer=0
[INFO] CKA split=valid position=75 layer=1
[INFO] CKA split=valid position=75 layer=2
[INFO] CKA split=valid position=75 layer=3
[INFO] CKA split=valid position=75 layer=4
[INFO] CKA split=valid position=75 layer=5
[INFO] CKA split=valid position=75 layer=6
[INFO] CKA split=valid position=75 layer=7
[INFO] CKA split=valid position=75 layer=8
[INFO] CKA split=valid position=75 layer=9
[INFO] CKA split=valid position=76 layer=0
[INFO] CKA split=valid position=76 layer=1
[INFO] CKA split=valid position=76 layer=2
[INFO] CKA split=valid position=76 layer=3
[INFO] CKA split=valid position=76 layer=4
[INFO] CKA split=valid position=76 layer=5
[INFO] CKA split=valid position=76 layer=6
[INFO] CKA split=valid position=76 layer=7
[INFO] CKA split=valid position=76 layer=8
[INFO] CKA split=valid position=76 layer=9
[INFO] CKA split=valid position=77 layer=0
[INFO] CKA split=valid position=77 layer=1
[INFO] CKA split=valid position=77 layer=2
[INFO] CKA split=valid position=77 layer=3
[INFO] CKA split=valid position=77 layer=4
[INFO] CKA split=valid position=77 layer=5
[INFO] CKA split=valid position=77 layer=6
[INFO] CKA split=valid position=77 layer=7
[INFO] CKA split=valid position=77 layer=8
[INFO] CKA split=valid position=77 layer=9
[INFO] CKA split=valid position=78 layer=0
[INFO] CKA split=valid position=78 layer=1
[INFO] CKA split=valid position=78 layer=2
[INFO] CKA split=valid position=78 layer=3
[INFO] CKA split=valid position=78 layer=4
[INFO] CKA split=valid position=78 layer=5
[INFO] CKA split=valid position=78 layer=6
[INFO] CKA split=valid position=78 layer=7
[INFO] CKA split=valid position=78 layer=8
[INFO] CKA split=valid position=78 layer=9
[INFO] CKA split=valid position=79 layer=0
[INFO] CKA split=valid position=79 layer=1
[INFO] CKA split=valid position=79 layer=2
[INFO] CKA split=valid position=79 layer=3
[INFO] CKA split=valid position=79 layer=4
[INFO] CKA split=valid position=79 layer=5
[INFO] CKA split=valid position=79 layer=6
[INFO] CKA split=valid position=79 layer=7
[INFO] CKA split=valid position=79 layer=8
[INFO] CKA split=valid position=79 layer=9
[INFO] CKA split=valid position=80 layer=0
[INFO] CKA split=valid position=80 layer=1
[INFO] CKA split=valid position=80 layer=2
[INFO] CKA split=valid position=80 layer=3
[INFO] CKA split=valid position=80 layer=4
[INFO] CKA split=valid position=80 layer=5
[INFO] CKA split=valid position=80 layer=6
[INFO] CKA split=valid position=80 layer=7
[INFO] CKA split=valid position=80 layer=8
[INFO] CKA split=valid position=80 layer=9
[INFO] CKA split=valid position=81 layer=0
[INFO] CKA split=valid position=81 layer=1
[INFO] CKA split=valid position=81 layer=2
[INFO] CKA split=valid position=81 layer=3
[INFO] CKA split=valid position=81 layer=4
[INFO] CKA split=valid position=81 layer=5
[INFO] CKA split=valid position=81 layer=6
[INFO] CKA split=valid position=81 layer=7
[INFO] CKA split=valid position=81 layer=8
[INFO] CKA split=valid position=81 layer=9
[INFO] CKA split=valid position=82 layer=0
[INFO] CKA split=valid position=82 layer=1
[INFO] CKA split=valid position=82 layer=2
[INFO] CKA split=valid position=82 layer=3
[INFO] CKA split=valid position=82 layer=4
[INFO] CKA split=valid position=82 layer=5
[INFO] CKA split=valid position=82 layer=6
[INFO] CKA split=valid position=82 layer=7
[INFO] CKA split=valid position=82 layer=8
[INFO] CKA split=valid position=82 layer=9
[INFO] CKA split=valid position=83 layer=0
[INFO] CKA split=valid position=83 layer=1
[INFO] CKA split=valid position=83 layer=2
[INFO] CKA split=valid position=83 layer=3
[INFO] CKA split=valid position=83 layer=4
[INFO] CKA split=valid position=83 layer=5
[INFO] CKA split=valid position=83 layer=6
[INFO] CKA split=valid position=83 layer=7
[INFO] CKA split=valid position=83 layer=8
[INFO] CKA split=valid position=83 layer=9
[INFO] CKA split=valid position=84 layer=0
[INFO] CKA split=valid position=84 layer=1
[INFO] CKA split=valid position=84 layer=2
[INFO] CKA split=valid position=84 layer=3
[INFO] CKA split=valid position=84 layer=4
[INFO] CKA split=valid position=84 layer=5
[INFO] CKA split=valid position=84 layer=6
[INFO] CKA split=valid position=84 layer=7
[INFO] CKA split=valid position=84 layer=8
[INFO] CKA split=valid position=84 layer=9
[INFO] CKA split=valid position=85 layer=0
[INFO] CKA split=valid position=85 layer=1
[INFO] CKA split=valid position=85 layer=2
[INFO] CKA split=valid position=85 layer=3
[INFO] CKA split=valid position=85 layer=4
[INFO] CKA split=valid position=85 layer=5
[INFO] CKA split=valid position=85 layer=6
[INFO] CKA split=valid position=85 layer=7
[INFO] CKA split=valid position=85 layer=8
[INFO] CKA split=valid position=85 layer=9
[INFO] CKA split=valid position=86 layer=0
[INFO] CKA split=valid position=86 layer=1
[INFO] CKA split=valid position=86 layer=2
[INFO] CKA split=valid position=86 layer=3
[INFO] CKA split=valid position=86 layer=4
[INFO] CKA split=valid position=86 layer=5
[INFO] CKA split=valid position=86 layer=6
[INFO] CKA split=valid position=86 layer=7
[INFO] CKA split=valid position=86 layer=8
[INFO] CKA split=valid position=86 layer=9
[INFO] CKA split=valid position=87 layer=0
[INFO] CKA split=valid position=87 layer=1
[INFO] CKA split=valid position=87 layer=2
[INFO] CKA split=valid position=87 layer=3
[INFO] CKA split=valid position=87 layer=4
[INFO] CKA split=valid position=87 layer=5
[INFO] CKA split=valid position=87 layer=6
[INFO] CKA split=valid position=87 layer=7
[INFO] CKA split=valid position=87 layer=8
[INFO] CKA split=valid position=87 layer=9
[INFO] CKA split=valid position=88 layer=0
[INFO] CKA split=valid position=88 layer=1
[INFO] CKA split=valid position=88 layer=2
[INFO] CKA split=valid position=88 layer=3
[INFO] CKA split=valid position=88 layer=4
[INFO] CKA split=valid position=88 layer=5
[INFO] CKA split=valid position=88 layer=6
[INFO] CKA split=valid position=88 layer=7
[INFO] CKA split=valid position=88 layer=8
[INFO] CKA split=valid position=88 layer=9
[INFO] CKA split=valid position=89 layer=0
[INFO] CKA split=valid position=89 layer=1
[INFO] CKA split=valid position=89 layer=2
[INFO] CKA split=valid position=89 layer=3
[INFO] CKA split=valid position=89 layer=4
[INFO] CKA split=valid position=89 layer=5
[INFO] CKA split=valid position=89 layer=6
[INFO] CKA split=valid position=89 layer=7
[INFO] CKA split=valid position=89 layer=8
[INFO] CKA split=valid position=89 layer=9
[INFO] CKA split=valid position=90 layer=0
[INFO] CKA split=valid position=90 layer=1
[INFO] CKA split=valid position=90 layer=2
[INFO] CKA split=valid position=90 layer=3
[INFO] CKA split=valid position=90 layer=4
[INFO] CKA split=valid position=90 layer=5
[INFO] CKA split=valid position=90 layer=6
[INFO] CKA split=valid position=90 layer=7
[INFO] CKA split=valid position=90 layer=8
[INFO] CKA split=valid position=90 layer=9
[INFO] CKA split=valid position=91 layer=0
[INFO] CKA split=valid position=91 layer=1
[INFO] CKA split=valid position=91 layer=2
[INFO] CKA split=valid position=91 layer=3
[INFO] CKA split=valid position=91 layer=4
[INFO] CKA split=valid position=91 layer=5
[INFO] CKA split=valid position=91 layer=6
[INFO] CKA split=valid position=91 layer=7
[INFO] CKA split=valid position=91 layer=8
[INFO] CKA split=valid position=91 layer=9
[INFO] CKA split=valid position=92 layer=0
[INFO] CKA split=valid position=92 layer=1
[INFO] CKA split=valid position=92 layer=2
[INFO] CKA split=valid position=92 layer=3
[INFO] CKA split=valid position=92 layer=4
[INFO] CKA split=valid position=92 layer=5
[INFO] CKA split=valid position=92 layer=6
[INFO] CKA split=valid position=92 layer=7
[INFO] CKA split=valid position=92 layer=8
[INFO] CKA split=valid position=92 layer=9
[INFO] CKA split=valid position=93 layer=0
[INFO] CKA split=valid position=93 layer=1
[INFO] CKA split=valid position=93 layer=2
[INFO] CKA split=valid position=93 layer=3
[INFO] CKA split=valid position=93 layer=4
[INFO] CKA split=valid position=93 layer=5
[INFO] CKA split=valid position=93 layer=6
[INFO] CKA split=valid position=93 layer=7
[INFO] CKA split=valid position=93 layer=8
[INFO] CKA split=valid position=93 layer=9
[INFO] CKA split=valid position=94 layer=0
[INFO] CKA split=valid position=94 layer=1
[INFO] CKA split=valid position=94 layer=2
[INFO] CKA split=valid position=94 layer=3
[INFO] CKA split=valid position=94 layer=4
[INFO] CKA split=valid position=94 layer=5
[INFO] CKA split=valid position=94 layer=6
[INFO] CKA split=valid position=94 layer=7
[INFO] CKA split=valid position=94 layer=8
[INFO] CKA split=valid position=94 layer=9
[INFO] CKA split=valid position=95 layer=0
[INFO] CKA split=valid position=95 layer=1
[INFO] CKA split=valid position=95 layer=2
[INFO] CKA split=valid position=95 layer=3
[INFO] CKA split=valid position=95 layer=4
[INFO] CKA split=valid position=95 layer=5
[INFO] CKA split=valid position=95 layer=6
[INFO] CKA split=valid position=95 layer=7
[INFO] CKA split=valid position=95 layer=8
[INFO] CKA split=valid position=95 layer=9
[INFO] CKA split=valid position=96 layer=0
[INFO] CKA split=valid position=96 layer=1
[INFO] CKA split=valid position=96 layer=2
[INFO] CKA split=valid position=96 layer=3
[INFO] CKA split=valid position=96 layer=4
[INFO] CKA split=valid position=96 layer=5
[INFO] CKA split=valid position=96 layer=6
[INFO] CKA split=valid position=96 layer=7
[INFO] CKA split=valid position=96 layer=8
[INFO] CKA split=valid position=96 layer=9
[INFO] CKA split=valid position=97 layer=0
[INFO] CKA split=valid position=97 layer=1
[INFO] CKA split=valid position=97 layer=2
[INFO] CKA split=valid position=97 layer=3
[INFO] CKA split=valid position=97 layer=4
[INFO] CKA split=valid position=97 layer=5
[INFO] CKA split=valid position=97 layer=6
[INFO] CKA split=valid position=97 layer=7
[INFO] CKA split=valid position=97 layer=8
[INFO] CKA split=valid position=97 layer=9
[INFO] CKA split=valid position=98 layer=0
[INFO] CKA split=valid position=98 layer=1
[INFO] CKA split=valid position=98 layer=2
[INFO] CKA split=valid position=98 layer=3
[INFO] CKA split=valid position=98 layer=4
[INFO] CKA split=valid position=98 layer=5
[INFO] CKA split=valid position=98 layer=6
[INFO] CKA split=valid position=98 layer=7
[INFO] CKA split=valid position=98 layer=8
[INFO] CKA split=valid position=98 layer=9
[INFO] CKA split=valid position=99 layer=0
[INFO] CKA split=valid position=99 layer=1
[INFO] CKA split=valid position=99 layer=2
[INFO] CKA split=valid position=99 layer=3
[INFO] CKA split=valid position=99 layer=4
[INFO] CKA split=valid position=99 layer=5
[INFO] CKA split=valid position=99 layer=6
[INFO] CKA split=valid position=99 layer=7
[INFO] CKA split=valid position=99 layer=8
[INFO] CKA split=valid position=99 layer=9
[INFO] CKA split=valid position=100 layer=0
[INFO] CKA split=valid position=100 layer=1
[INFO] CKA split=valid position=100 layer=2
[INFO] CKA split=valid position=100 layer=3
[INFO] CKA split=valid position=100 layer=4
[INFO] CKA split=valid position=100 layer=5
[INFO] CKA split=valid position=100 layer=6
[INFO] CKA split=valid position=100 layer=7
[INFO] CKA split=valid position=100 layer=8
[INFO] CKA split=valid position=100 layer=9
[INFO] CKA split=valid position=101 layer=0
[INFO] CKA split=valid position=101 layer=1
[INFO] CKA split=valid position=101 layer=2
[INFO] CKA split=valid position=101 layer=3
[INFO] CKA split=valid position=101 layer=4
[INFO] CKA split=valid position=101 layer=5
[INFO] CKA split=valid position=101 layer=6
[INFO] CKA split=valid position=101 layer=7
[INFO] CKA split=valid position=101 layer=8
[INFO] CKA split=valid position=101 layer=9
[INFO] CKA split=valid position=102 layer=0
[INFO] CKA split=valid position=102 layer=1
[INFO] CKA split=valid position=102 layer=2
[INFO] CKA split=valid position=102 layer=3
[INFO] CKA split=valid position=102 layer=4
[INFO] CKA split=valid position=102 layer=5
[INFO] CKA split=valid position=102 layer=6
[INFO] CKA split=valid position=102 layer=7
[INFO] CKA split=valid position=102 layer=8
[INFO] CKA split=valid position=102 layer=9
[INFO] CKA split=valid position=103 layer=0
[INFO] CKA split=valid position=103 layer=1
[INFO] CKA split=valid position=103 layer=2
[INFO] CKA split=valid position=103 layer=3
[INFO] CKA split=valid position=103 layer=4
[INFO] CKA split=valid position=103 layer=5
[INFO] CKA split=valid position=103 layer=6
[INFO] CKA split=valid position=103 layer=7
[INFO] CKA split=valid position=103 layer=8
[INFO] CKA split=valid position=103 layer=9
[INFO] CKA split=valid position=104 layer=0
[INFO] CKA split=valid position=104 layer=1
[INFO] CKA split=valid position=104 layer=2
[INFO] CKA split=valid position=104 layer=3
[INFO] CKA split=valid position=104 layer=4
[INFO] CKA split=valid position=104 layer=5
[INFO] CKA split=valid position=104 layer=6
[INFO] CKA split=valid position=104 layer=7
[INFO] CKA split=valid position=104 layer=8
[INFO] CKA split=valid position=104 layer=9
[INFO] CKA split=valid position=105 layer=0
[INFO] CKA split=valid position=105 layer=1
[INFO] CKA split=valid position=105 layer=2
[INFO] CKA split=valid position=105 layer=3
[INFO] CKA split=valid position=105 layer=4
[INFO] CKA split=valid position=105 layer=5
[INFO] CKA split=valid position=105 layer=6
[INFO] CKA split=valid position=105 layer=7
[INFO] CKA split=valid position=105 layer=8
[INFO] CKA split=valid position=105 layer=9
[INFO] CKA split=valid position=106 layer=0
[INFO] CKA split=valid position=106 layer=1
[INFO] CKA split=valid position=106 layer=2
[INFO] CKA split=valid position=106 layer=3
[INFO] CKA split=valid position=106 layer=4
[INFO] CKA split=valid position=106 layer=5
[INFO] CKA split=valid position=106 layer=6
[INFO] CKA split=valid position=106 layer=7
[INFO] CKA split=valid position=106 layer=8
[INFO] CKA split=valid position=106 layer=9
[INFO] CKA split=valid position=107 layer=0
[INFO] CKA split=valid position=107 layer=1
[INFO] CKA split=valid position=107 layer=2
[INFO] CKA split=valid position=107 layer=3
[INFO] CKA split=valid position=107 layer=4
[INFO] CKA split=valid position=107 layer=5
[INFO] CKA split=valid position=107 layer=6
[INFO] CKA split=valid position=107 layer=7
[INFO] CKA split=valid position=107 layer=8
[INFO] CKA split=valid position=107 layer=9
[INFO] CKA split=valid position=108 layer=0
[INFO] CKA split=valid position=108 layer=1
[INFO] CKA split=valid position=108 layer=2
[INFO] CKA split=valid position=108 layer=3
[INFO] CKA split=valid position=108 layer=4
[INFO] CKA split=valid position=108 layer=5
[INFO] CKA split=valid position=108 layer=6
[INFO] CKA split=valid position=108 layer=7
[INFO] CKA split=valid position=108 layer=8
[INFO] CKA split=valid position=108 layer=9
[INFO] CKA split=valid position=109 layer=0
[INFO] CKA split=valid position=109 layer=1
[INFO] CKA split=valid position=109 layer=2
[INFO] CKA split=valid position=109 layer=3
[INFO] CKA split=valid position=109 layer=4
[INFO] CKA split=valid position=109 layer=5
[INFO] CKA split=valid position=109 layer=6
[INFO] CKA split=valid position=109 layer=7
[INFO] CKA split=valid position=109 layer=8
[INFO] CKA split=valid position=109 layer=9
[INFO] CKA split=valid position=110 layer=0
[INFO] CKA split=valid position=110 layer=1
[INFO] CKA split=valid position=110 layer=2
[INFO] CKA split=valid position=110 layer=3
[INFO] CKA split=valid position=110 layer=4
[INFO] CKA split=valid position=110 layer=5
[INFO] CKA split=valid position=110 layer=6
[INFO] CKA split=valid position=110 layer=7
[INFO] CKA split=valid position=110 layer=8
[INFO] CKA split=valid position=110 layer=9
[INFO] CKA split=valid position=111 layer=0
[INFO] CKA split=valid position=111 layer=1
[INFO] CKA split=valid position=111 layer=2
[INFO] CKA split=valid position=111 layer=3
[INFO] CKA split=valid position=111 layer=4
[INFO] CKA split=valid position=111 layer=5
[INFO] CKA split=valid position=111 layer=6
[INFO] CKA split=valid position=111 layer=7
[INFO] CKA split=valid position=111 layer=8
[INFO] CKA split=valid position=111 layer=9
[INFO] CKA split=valid position=112 layer=0
[INFO] CKA split=valid position=112 layer=1
[INFO] CKA split=valid position=112 layer=2
[INFO] CKA split=valid position=112 layer=3
[INFO] CKA split=valid position=112 layer=4
[INFO] CKA split=valid position=112 layer=5
[INFO] CKA split=valid position=112 layer=6
[INFO] CKA split=valid position=112 layer=7
[INFO] CKA split=valid position=112 layer=8
[INFO] CKA split=valid position=112 layer=9
[INFO] CKA split=valid position=113 layer=0
[INFO] CKA split=valid position=113 layer=1
[INFO] CKA split=valid position=113 layer=2
[INFO] CKA split=valid position=113 layer=3
[INFO] CKA split=valid position=113 layer=4
[INFO] CKA split=valid position=113 layer=5
[INFO] CKA split=valid position=113 layer=6
[INFO] CKA split=valid position=113 layer=7
[INFO] CKA split=valid position=113 layer=8
[INFO] CKA split=valid position=113 layer=9
[INFO] CKA split=valid position=114 layer=0
[INFO] CKA split=valid position=114 layer=1
[INFO] CKA split=valid position=114 layer=2
[INFO] CKA split=valid position=114 layer=3
[INFO] CKA split=valid position=114 layer=4
[INFO] CKA split=valid position=114 layer=5
[INFO] CKA split=valid position=114 layer=6
[INFO] CKA split=valid position=114 layer=7
[INFO] CKA split=valid position=114 layer=8
[INFO] CKA split=valid position=114 layer=9
[INFO] CKA split=valid position=115 layer=0
[INFO] CKA split=valid position=115 layer=1
[INFO] CKA split=valid position=115 layer=2
[INFO] CKA split=valid position=115 layer=3
[INFO] CKA split=valid position=115 layer=4
[INFO] CKA split=valid position=115 layer=5
[INFO] CKA split=valid position=115 layer=6
[INFO] CKA split=valid position=115 layer=7
[INFO] CKA split=valid position=115 layer=8
[INFO] CKA split=valid position=115 layer=9
[INFO] CKA split=valid position=116 layer=0
[INFO] CKA split=valid position=116 layer=1
[INFO] CKA split=valid position=116 layer=2
[INFO] CKA split=valid position=116 layer=3
[INFO] CKA split=valid position=116 layer=4
[INFO] CKA split=valid position=116 layer=5
[INFO] CKA split=valid position=116 layer=6
[INFO] CKA split=valid position=116 layer=7
[INFO] CKA split=valid position=116 layer=8
[INFO] CKA split=valid position=116 layer=9
[INFO] CKA split=valid position=117 layer=0
[INFO] CKA split=valid position=117 layer=1
[INFO] CKA split=valid position=117 layer=2
[INFO] CKA split=valid position=117 layer=3
[INFO] CKA split=valid position=117 layer=4
[INFO] CKA split=valid position=117 layer=5
[INFO] CKA split=valid position=117 layer=6
[INFO] CKA split=valid position=117 layer=7
[INFO] CKA split=valid position=117 layer=8
[INFO] CKA split=valid position=117 layer=9
[INFO] CKA split=valid position=118 layer=0
[INFO] CKA split=valid position=118 layer=1
[INFO] CKA split=valid position=118 layer=2
[INFO] CKA split=valid position=118 layer=3
[INFO] CKA split=valid position=118 layer=4
[INFO] CKA split=valid position=118 layer=5
[INFO] CKA split=valid position=118 layer=6
[INFO] CKA split=valid position=118 layer=7
[INFO] CKA split=valid position=118 layer=8
[INFO] CKA split=valid position=118 layer=9
[INFO] CKA split=valid position=119 layer=0
[INFO] CKA split=valid position=119 layer=1
[INFO] CKA split=valid position=119 layer=2
[INFO] CKA split=valid position=119 layer=3
[INFO] CKA split=valid position=119 layer=4
[INFO] CKA split=valid position=119 layer=5
[INFO] CKA split=valid position=119 layer=6
[INFO] CKA split=valid position=119 layer=7
[INFO] CKA split=valid position=119 layer=8
[INFO] CKA split=valid position=119 layer=9
[INFO] CKA split=valid position=120 layer=0
[INFO] CKA split=valid position=120 layer=1
[INFO] CKA split=valid position=120 layer=2
[INFO] CKA split=valid position=120 layer=3
[INFO] CKA split=valid position=120 layer=4
[INFO] CKA split=valid position=120 layer=5
[INFO] CKA split=valid position=120 layer=6
[INFO] CKA split=valid position=120 layer=7
[INFO] CKA split=valid position=120 layer=8
[INFO] CKA split=valid position=120 layer=9
[INFO] CKA split=valid position=121 layer=0
[INFO] CKA split=valid position=121 layer=1
[INFO] CKA split=valid position=121 layer=2
[INFO] CKA split=valid position=121 layer=3
[INFO] CKA split=valid position=121 layer=4
[INFO] CKA split=valid position=121 layer=5
[INFO] CKA split=valid position=121 layer=6
[INFO] CKA split=valid position=121 layer=7
[INFO] CKA split=valid position=121 layer=8
[INFO] CKA split=valid position=121 layer=9
[INFO] CKA split=valid position=122 layer=0
[INFO] CKA split=valid position=122 layer=1
[INFO] CKA split=valid position=122 layer=2
[INFO] CKA split=valid position=122 layer=3
[INFO] CKA split=valid position=122 layer=4
[INFO] CKA split=valid position=122 layer=5
[INFO] CKA split=valid position=122 layer=6
[INFO] CKA split=valid position=122 layer=7
[INFO] CKA split=valid position=122 layer=8
[INFO] CKA split=valid position=122 layer=9
[INFO] CKA split=valid position=123 layer=0
[INFO] CKA split=valid position=123 layer=1
[INFO] CKA split=valid position=123 layer=2
[INFO] CKA split=valid position=123 layer=3
[INFO] CKA split=valid position=123 layer=4
[INFO] CKA split=valid position=123 layer=5
[INFO] CKA split=valid position=123 layer=6
[INFO] CKA split=valid position=123 layer=7
[INFO] CKA split=valid position=123 layer=8
[INFO] CKA split=valid position=123 layer=9
[INFO] CKA split=valid position=124 layer=0
[INFO] CKA split=valid position=124 layer=1
[INFO] CKA split=valid position=124 layer=2
[INFO] CKA split=valid position=124 layer=3
[INFO] CKA split=valid position=124 layer=4
[INFO] CKA split=valid position=124 layer=5
[INFO] CKA split=valid position=124 layer=6
[INFO] CKA split=valid position=124 layer=7
[INFO] CKA split=valid position=124 layer=8
[INFO] CKA split=valid position=124 layer=9
[INFO] CKA split=valid position=125 layer=0
[INFO] CKA split=valid position=125 layer=1
[INFO] CKA split=valid position=125 layer=2
[INFO] CKA split=valid position=125 layer=3
[INFO] CKA split=valid position=125 layer=4
[INFO] CKA split=valid position=125 layer=5
[INFO] CKA split=valid position=125 layer=6
[INFO] CKA split=valid position=125 layer=7
[INFO] CKA split=valid position=125 layer=8
[INFO] CKA split=valid position=125 layer=9
[INFO] CKA split=valid position=126 layer=0
[INFO] CKA split=valid position=126 layer=1
[INFO] CKA split=valid position=126 layer=2
[INFO] CKA split=valid position=126 layer=3
[INFO] CKA split=valid position=126 layer=4
[INFO] CKA split=valid position=126 layer=5
[INFO] CKA split=valid position=126 layer=6
[INFO] CKA split=valid position=126 layer=7
[INFO] CKA split=valid position=126 layer=8
[INFO] CKA split=valid position=126 layer=9
[INFO] CKA split=valid position=127 layer=0
[INFO] CKA split=valid position=127 layer=1
[INFO] CKA split=valid position=127 layer=2
[INFO] CKA split=valid position=127 layer=3
[INFO] CKA split=valid position=127 layer=4
[INFO] CKA split=valid position=127 layer=5
[INFO] CKA split=valid position=127 layer=6
[INFO] CKA split=valid position=127 layer=7
[INFO] CKA split=valid position=127 layer=8
[INFO] CKA split=valid position=127 layer=9
[INFO] CKA split=valid position=128 layer=0
[INFO] CKA split=valid position=128 layer=1
[INFO] CKA split=valid position=128 layer=2
[INFO] CKA split=valid position=128 layer=3
[INFO] CKA split=valid position=128 layer=4
[INFO] CKA split=valid position=128 layer=5
[INFO] CKA split=valid position=128 layer=6
[INFO] CKA split=valid position=128 layer=7
[INFO] CKA split=valid position=128 layer=8
[INFO] CKA split=valid position=128 layer=9
[INFO] CKA split=valid position=129 layer=0
[INFO] CKA split=valid position=129 layer=1
[INFO] CKA split=valid position=129 layer=2
[INFO] CKA split=valid position=129 layer=3
[INFO] CKA split=valid position=129 layer=4
[INFO] CKA split=valid position=129 layer=5
[INFO] CKA split=valid position=129 layer=6
[INFO] CKA split=valid position=129 layer=7
[INFO] CKA split=valid position=129 layer=8
[INFO] CKA split=valid position=129 layer=9
[INFO] CKA split=valid position=130 layer=0
[INFO] CKA split=valid position=130 layer=1
[INFO] CKA split=valid position=130 layer=2
[INFO] CKA split=valid position=130 layer=3
[INFO] CKA split=valid position=130 layer=4
[INFO] CKA split=valid position=130 layer=5
[INFO] CKA split=valid position=130 layer=6
[INFO] CKA split=valid position=130 layer=7
[INFO] CKA split=valid position=130 layer=8
[INFO] CKA split=valid position=130 layer=9
[INFO] CKA split=valid position=131 layer=0
[INFO] CKA split=valid position=131 layer=1
[INFO] CKA split=valid position=131 layer=2
[INFO] CKA split=valid position=131 layer=3
[INFO] CKA split=valid position=131 layer=4
[INFO] CKA split=valid position=131 layer=5
[INFO] CKA split=valid position=131 layer=6
[INFO] CKA split=valid position=131 layer=7
[INFO] CKA split=valid position=131 layer=8
[INFO] CKA split=valid position=131 layer=9
[INFO] CKA split=valid position=132 layer=0
[INFO] CKA split=valid position=132 layer=1
[INFO] CKA split=valid position=132 layer=2
[INFO] CKA split=valid position=132 layer=3
[INFO] CKA split=valid position=132 layer=4
[INFO] CKA split=valid position=132 layer=5
[INFO] CKA split=valid position=132 layer=6
[INFO] CKA split=valid position=132 layer=7
[INFO] CKA split=valid position=132 layer=8
[INFO] CKA split=valid position=132 layer=9
[INFO] CKA split=valid position=133 layer=0
[INFO] CKA split=valid position=133 layer=1
[INFO] CKA split=valid position=133 layer=2
[INFO] CKA split=valid position=133 layer=3
[INFO] CKA split=valid position=133 layer=4
[INFO] CKA split=valid position=133 layer=5
[INFO] CKA split=valid position=133 layer=6
[INFO] CKA split=valid position=133 layer=7
[INFO] CKA split=valid position=133 layer=8
[INFO] CKA split=valid position=133 layer=9
[INFO] CKA split=valid position=134 layer=0
[INFO] CKA split=valid position=134 layer=1
[INFO] CKA split=valid position=134 layer=2
[INFO] CKA split=valid position=134 layer=3
[INFO] CKA split=valid position=134 layer=4
[INFO] CKA split=valid position=134 layer=5
[INFO] CKA split=valid position=134 layer=6
[INFO] CKA split=valid position=134 layer=7
[INFO] CKA split=valid position=134 layer=8
[INFO] CKA split=valid position=134 layer=9
[INFO] CKA split=valid position=135 layer=0
[INFO] CKA split=valid position=135 layer=1
[INFO] CKA split=valid position=135 layer=2
[INFO] CKA split=valid position=135 layer=3
[INFO] CKA split=valid position=135 layer=4
[INFO] CKA split=valid position=135 layer=5
[INFO] CKA split=valid position=135 layer=6
[INFO] CKA split=valid position=135 layer=7
[INFO] CKA split=valid position=135 layer=8
[INFO] CKA split=valid position=135 layer=9
[INFO] CKA split=valid position=136 layer=0
[INFO] CKA split=valid position=136 layer=1
[INFO] CKA split=valid position=136 layer=2
[INFO] CKA split=valid position=136 layer=3
[INFO] CKA split=valid position=136 layer=4
[INFO] CKA split=valid position=136 layer=5
[INFO] CKA split=valid position=136 layer=6
[INFO] CKA split=valid position=136 layer=7
[INFO] CKA split=valid position=136 layer=8
[INFO] CKA split=valid position=136 layer=9
[INFO] CKA split=valid position=137 layer=0
[INFO] CKA split=valid position=137 layer=1
[INFO] CKA split=valid position=137 layer=2
[INFO] CKA split=valid position=137 layer=3
[INFO] CKA split=valid position=137 layer=4
[INFO] CKA split=valid position=137 layer=5
[INFO] CKA split=valid position=137 layer=6
[INFO] CKA split=valid position=137 layer=7
[INFO] CKA split=valid position=137 layer=8
[INFO] CKA split=valid position=137 layer=9
[INFO] CKA split=valid position=138 layer=0
[INFO] CKA split=valid position=138 layer=1
[INFO] CKA split=valid position=138 layer=2
[INFO] CKA split=valid position=138 layer=3
[INFO] CKA split=valid position=138 layer=4
[INFO] CKA split=valid position=138 layer=5
[INFO] CKA split=valid position=138 layer=6
[INFO] CKA split=valid position=138 layer=7
[INFO] CKA split=valid position=138 layer=8
[INFO] CKA split=valid position=138 layer=9
[INFO] CKA split=valid position=139 layer=0
[INFO] CKA split=valid position=139 layer=1
[INFO] CKA split=valid position=139 layer=2
[INFO] CKA split=valid position=139 layer=3
[INFO] CKA split=valid position=139 layer=4
[INFO] CKA split=valid position=139 layer=5
[INFO] CKA split=valid position=139 layer=6
[INFO] CKA split=valid position=139 layer=7
[INFO] CKA split=valid position=139 layer=8
[INFO] CKA split=valid position=139 layer=9
[INFO] CKA split=valid position=140 layer=0
[INFO] CKA split=valid position=140 layer=1
[INFO] CKA split=valid position=140 layer=2
[INFO] CKA split=valid position=140 layer=3
[INFO] CKA split=valid position=140 layer=4
[INFO] CKA split=valid position=140 layer=5
[INFO] CKA split=valid position=140 layer=6
[INFO] CKA split=valid position=140 layer=7
[INFO] CKA split=valid position=140 layer=8
[INFO] CKA split=valid position=140 layer=9
[INFO] CKA split=valid position=141 layer=0
[INFO] CKA split=valid position=141 layer=1
[INFO] CKA split=valid position=141 layer=2
[INFO] CKA split=valid position=141 layer=3
[INFO] CKA split=valid position=141 layer=4
[INFO] CKA split=valid position=141 layer=5
[INFO] CKA split=valid position=141 layer=6
[INFO] CKA split=valid position=141 layer=7
[INFO] CKA split=valid position=141 layer=8
[INFO] CKA split=valid position=141 layer=9
[INFO] CKA split=valid position=142 layer=0
[INFO] CKA split=valid position=142 layer=1
[INFO] CKA split=valid position=142 layer=2
[INFO] CKA split=valid position=142 layer=3
[INFO] CKA split=valid position=142 layer=4
[INFO] CKA split=valid position=142 layer=5
[INFO] CKA split=valid position=142 layer=6
[INFO] CKA split=valid position=142 layer=7
[INFO] CKA split=valid position=142 layer=8
[INFO] CKA split=valid position=142 layer=9
[INFO] CKA split=valid position=143 layer=0
[INFO] CKA split=valid position=143 layer=1
[INFO] CKA split=valid position=143 layer=2
[INFO] CKA split=valid position=143 layer=3
[INFO] CKA split=valid position=143 layer=4
[INFO] CKA split=valid position=143 layer=5
[INFO] CKA split=valid position=143 layer=6
[INFO] CKA split=valid position=143 layer=7
[INFO] CKA split=valid position=143 layer=8
[INFO] CKA split=valid position=143 layer=9
[INFO] CKA split=valid position=144 layer=0
[INFO] CKA split=valid position=144 layer=1
[INFO] CKA split=valid position=144 layer=2
[INFO] CKA split=valid position=144 layer=3
[INFO] CKA split=valid position=144 layer=4
[INFO] CKA split=valid position=144 layer=5
[INFO] CKA split=valid position=144 layer=6
[INFO] CKA split=valid position=144 layer=7
[INFO] CKA split=valid position=144 layer=8
[INFO] CKA split=valid position=144 layer=9
[INFO] CKA split=valid position=145 layer=0
[INFO] CKA split=valid position=145 layer=1
[INFO] CKA split=valid position=145 layer=2
[INFO] CKA split=valid position=145 layer=3
[INFO] CKA split=valid position=145 layer=4
[INFO] CKA split=valid position=145 layer=5
[INFO] CKA split=valid position=145 layer=6
[INFO] CKA split=valid position=145 layer=7
[INFO] CKA split=valid position=145 layer=8
[INFO] CKA split=valid position=145 layer=9
[INFO] CKA split=valid position=146 layer=0
[INFO] CKA split=valid position=146 layer=1
[INFO] CKA split=valid position=146 layer=2
[INFO] CKA split=valid position=146 layer=3
[INFO] CKA split=valid position=146 layer=4
[INFO] CKA split=valid position=146 layer=5
[INFO] CKA split=valid position=146 layer=6
[INFO] CKA split=valid position=146 layer=7
[INFO] CKA split=valid position=146 layer=8
[INFO] CKA split=valid position=146 layer=9
[INFO] CKA split=valid position=147 layer=0
[INFO] CKA split=valid position=147 layer=1
[INFO] CKA split=valid position=147 layer=2
[INFO] CKA split=valid position=147 layer=3
[INFO] CKA split=valid position=147 layer=4
[INFO] CKA split=valid position=147 layer=5
[INFO] CKA split=valid position=147 layer=6
[INFO] CKA split=valid position=147 layer=7
[INFO] CKA split=valid position=147 layer=8
[INFO] CKA split=valid position=147 layer=9
[INFO] CKA split=valid position=148 layer=0
[INFO] CKA split=valid position=148 layer=1
[INFO] CKA split=valid position=148 layer=2
[INFO] CKA split=valid position=148 layer=3
[INFO] CKA split=valid position=148 layer=4
[INFO] CKA split=valid position=148 layer=5
[INFO] CKA split=valid position=148 layer=6
[INFO] CKA split=valid position=148 layer=7
[INFO] CKA split=valid position=148 layer=8
[INFO] CKA split=valid position=148 layer=9
[INFO] CKA split=valid position=149 layer=0
[INFO] CKA split=valid position=149 layer=1
[INFO] CKA split=valid position=149 layer=2
[INFO] CKA split=valid position=149 layer=3
[INFO] CKA split=valid position=149 layer=4
[INFO] CKA split=valid position=149 layer=5
[INFO] CKA split=valid position=149 layer=6
[INFO] CKA split=valid position=149 layer=7
[INFO] CKA split=valid position=149 layer=8
[INFO] CKA split=valid position=149 layer=9
[INFO] CKA split=valid position=150 layer=0
[INFO] CKA split=valid position=150 layer=1
[INFO] CKA split=valid position=150 layer=2
[INFO] CKA split=valid position=150 layer=3
[INFO] CKA split=valid position=150 layer=4
[INFO] CKA split=valid position=150 layer=5
[INFO] CKA split=valid position=150 layer=6
[INFO] CKA split=valid position=150 layer=7
[INFO] CKA split=valid position=150 layer=8
[INFO] CKA split=valid position=150 layer=9
[INFO] CKA split=valid position=151 layer=0
[INFO] CKA split=valid position=151 layer=1
[INFO] CKA split=valid position=151 layer=2
[INFO] CKA split=valid position=151 layer=3
[INFO] CKA split=valid position=151 layer=4
[INFO] CKA split=valid position=151 layer=5
[INFO] CKA split=valid position=151 layer=6
[INFO] CKA split=valid position=151 layer=7
[INFO] CKA split=valid position=151 layer=8
[INFO] CKA split=valid position=151 layer=9
[INFO] CKA split=valid position=152 layer=0
[INFO] CKA split=valid position=152 layer=1
[INFO] CKA split=valid position=152 layer=2
[INFO] CKA split=valid position=152 layer=3
[INFO] CKA split=valid position=152 layer=4
[INFO] CKA split=valid position=152 layer=5
[INFO] CKA split=valid position=152 layer=6
[INFO] CKA split=valid position=152 layer=7
[INFO] CKA split=valid position=152 layer=8
[INFO] CKA split=valid position=152 layer=9
[INFO] CKA split=valid position=153 layer=0
[INFO] CKA split=valid position=153 layer=1
[INFO] CKA split=valid position=153 layer=2
[INFO] CKA split=valid position=153 layer=3
[INFO] CKA split=valid position=153 layer=4
[INFO] CKA split=valid position=153 layer=5
[INFO] CKA split=valid position=153 layer=6
[INFO] CKA split=valid position=153 layer=7
[INFO] CKA split=valid position=153 layer=8
[INFO] CKA split=valid position=153 layer=9
[INFO] CKA split=valid position=154 layer=0
[INFO] CKA split=valid position=154 layer=1
[INFO] CKA split=valid position=154 layer=2
[INFO] CKA split=valid position=154 layer=3
[INFO] CKA split=valid position=154 layer=4
[INFO] CKA split=valid position=154 layer=5
[INFO] CKA split=valid position=154 layer=6
[INFO] CKA split=valid position=154 layer=7
[INFO] CKA split=valid position=154 layer=8
[INFO] CKA split=valid position=154 layer=9
[INFO] CKA split=valid position=155 layer=0
[INFO] CKA split=valid position=155 layer=1
[INFO] CKA split=valid position=155 layer=2
[INFO] CKA split=valid position=155 layer=3
[INFO] CKA split=valid position=155 layer=4
[INFO] CKA split=valid position=155 layer=5
[INFO] CKA split=valid position=155 layer=6
[INFO] CKA split=valid position=155 layer=7
[INFO] CKA split=valid position=155 layer=8
[INFO] CKA split=valid position=155 layer=9
[INFO] CKA split=valid position=156 layer=0
[INFO] CKA split=valid position=156 layer=1
[INFO] CKA split=valid position=156 layer=2
[INFO] CKA split=valid position=156 layer=3
[INFO] CKA split=valid position=156 layer=4
[INFO] CKA split=valid position=156 layer=5
[INFO] CKA split=valid position=156 layer=6
[INFO] CKA split=valid position=156 layer=7
[INFO] CKA split=valid position=156 layer=8
[INFO] CKA split=valid position=156 layer=9
[INFO] CKA split=valid position=157 layer=0
[INFO] CKA split=valid position=157 layer=1
[INFO] CKA split=valid position=157 layer=2
[INFO] CKA split=valid position=157 layer=3
[INFO] CKA split=valid position=157 layer=4
[INFO] CKA split=valid position=157 layer=5
[INFO] CKA split=valid position=157 layer=6
[INFO] CKA split=valid position=157 layer=7
[INFO] CKA split=valid position=157 layer=8
[INFO] CKA split=valid position=157 layer=9
[INFO] CKA split=valid position=158 layer=0
[INFO] CKA split=valid position=158 layer=1
[INFO] CKA split=valid position=158 layer=2
[INFO] CKA split=valid position=158 layer=3
[INFO] CKA split=valid position=158 layer=4
[INFO] CKA split=valid position=158 layer=5
[INFO] CKA split=valid position=158 layer=6
[INFO] CKA split=valid position=158 layer=7
[INFO] CKA split=valid position=158 layer=8
[INFO] CKA split=valid position=158 layer=9
[INFO] CKA split=valid position=159 layer=0
[INFO] CKA split=valid position=159 layer=1
[INFO] CKA split=valid position=159 layer=2
[INFO] CKA split=valid position=159 layer=3
[INFO] CKA split=valid position=159 layer=4
[INFO] CKA split=valid position=159 layer=5
[INFO] CKA split=valid position=159 layer=6
[INFO] CKA split=valid position=159 layer=7
[INFO] CKA split=valid position=159 layer=8
[INFO] CKA split=valid position=159 layer=9
[INFO] CKA split=valid position=160 layer=0
[INFO] CKA split=valid position=160 layer=1
[INFO] CKA split=valid position=160 layer=2
[INFO] CKA split=valid position=160 layer=3
[INFO] CKA split=valid position=160 layer=4
[INFO] CKA split=valid position=160 layer=5
[INFO] CKA split=valid position=160 layer=6
[INFO] CKA split=valid position=160 layer=7
[INFO] CKA split=valid position=160 layer=8
[INFO] CKA split=valid position=160 layer=9
[INFO] CKA split=valid position=161 layer=0
[INFO] CKA split=valid position=161 layer=1
[INFO] CKA split=valid position=161 layer=2
[INFO] CKA split=valid position=161 layer=3
[INFO] CKA split=valid position=161 layer=4
[INFO] CKA split=valid position=161 layer=5
[INFO] CKA split=valid position=161 layer=6
[INFO] CKA split=valid position=161 layer=7
[INFO] CKA split=valid position=161 layer=8
[INFO] CKA split=valid position=161 layer=9
[INFO] CKA split=valid position=162 layer=0
[INFO] CKA split=valid position=162 layer=1
[INFO] CKA split=valid position=162 layer=2
[INFO] CKA split=valid position=162 layer=3
[INFO] CKA split=valid position=162 layer=4
[INFO] CKA split=valid position=162 layer=5
[INFO] CKA split=valid position=162 layer=6
[INFO] CKA split=valid position=162 layer=7
[INFO] CKA split=valid position=162 layer=8
[INFO] CKA split=valid position=162 layer=9
[INFO] CKA split=valid position=163 layer=0
[INFO] CKA split=valid position=163 layer=1
[INFO] CKA split=valid position=163 layer=2
[INFO] CKA split=valid position=163 layer=3
[INFO] CKA split=valid position=163 layer=4
[INFO] CKA split=valid position=163 layer=5
[INFO] CKA split=valid position=163 layer=6
[INFO] CKA split=valid position=163 layer=7
[INFO] CKA split=valid position=163 layer=8
[INFO] CKA split=valid position=163 layer=9
[INFO] CKA split=valid position=164 layer=0
[INFO] CKA split=valid position=164 layer=1
[INFO] CKA split=valid position=164 layer=2
[INFO] CKA split=valid position=164 layer=3
[INFO] CKA split=valid position=164 layer=4
[INFO] CKA split=valid position=164 layer=5
[INFO] CKA split=valid position=164 layer=6
[INFO] CKA split=valid position=164 layer=7
[INFO] CKA split=valid position=164 layer=8
[INFO] CKA split=valid position=164 layer=9
[INFO] CKA split=valid position=165 layer=0
[INFO] CKA split=valid position=165 layer=1
[INFO] CKA split=valid position=165 layer=2
[INFO] CKA split=valid position=165 layer=3
[INFO] CKA split=valid position=165 layer=4
[INFO] CKA split=valid position=165 layer=5
[INFO] CKA split=valid position=165 layer=6
[INFO] CKA split=valid position=165 layer=7
[INFO] CKA split=valid position=165 layer=8
[INFO] CKA split=valid position=165 layer=9
[INFO] CKA split=valid position=166 layer=0
[INFO] CKA split=valid position=166 layer=1
[INFO] CKA split=valid position=166 layer=2
[INFO] CKA split=valid position=166 layer=3
[INFO] CKA split=valid position=166 layer=4
[INFO] CKA split=valid position=166 layer=5
[INFO] CKA split=valid position=166 layer=6
[INFO] CKA split=valid position=166 layer=7
[INFO] CKA split=valid position=166 layer=8
[INFO] CKA split=valid position=166 layer=9
[INFO] CKA split=valid position=167 layer=0
[INFO] CKA split=valid position=167 layer=1
[INFO] CKA split=valid position=167 layer=2
[INFO] CKA split=valid position=167 layer=3
[INFO] CKA split=valid position=167 layer=4
[INFO] CKA split=valid position=167 layer=5
[INFO] CKA split=valid position=167 layer=6
[INFO] CKA split=valid position=167 layer=7
[INFO] CKA split=valid position=167 layer=8
[INFO] CKA split=valid position=167 layer=9
[INFO] CKA split=valid position=168 layer=0
[INFO] CKA split=valid position=168 layer=1
[INFO] CKA split=valid position=168 layer=2
[INFO] CKA split=valid position=168 layer=3
[INFO] CKA split=valid position=168 layer=4
[INFO] CKA split=valid position=168 layer=5
[INFO] CKA split=valid position=168 layer=6
[INFO] CKA split=valid position=168 layer=7
[INFO] CKA split=valid position=168 layer=8
[INFO] CKA split=valid position=168 layer=9
[INFO] CKA split=valid position=169 layer=0
[INFO] CKA split=valid position=169 layer=1
[INFO] CKA split=valid position=169 layer=2
[INFO] CKA split=valid position=169 layer=3
[INFO] CKA split=valid position=169 layer=4
[INFO] CKA split=valid position=169 layer=5
[INFO] CKA split=valid position=169 layer=6
[INFO] CKA split=valid position=169 layer=7
[INFO] CKA split=valid position=169 layer=8
[INFO] CKA split=valid position=169 layer=9
[INFO] CKA split=valid position=170 layer=0
[INFO] CKA split=valid position=170 layer=1
[INFO] CKA split=valid position=170 layer=2
[INFO] CKA split=valid position=170 layer=3
[INFO] CKA split=valid position=170 layer=4
[INFO] CKA split=valid position=170 layer=5
[INFO] CKA split=valid position=170 layer=6
[INFO] CKA split=valid position=170 layer=7
[INFO] CKA split=valid position=170 layer=8
[INFO] CKA split=valid position=170 layer=9
[INFO] CKA split=valid position=171 layer=0
[INFO] CKA split=valid position=171 layer=1
[INFO] CKA split=valid position=171 layer=2
[INFO] CKA split=valid position=171 layer=3
[INFO] CKA split=valid position=171 layer=4
[INFO] CKA split=valid position=171 layer=5
[INFO] CKA split=valid position=171 layer=6
[INFO] CKA split=valid position=171 layer=7
[INFO] CKA split=valid position=171 layer=8
[INFO] CKA split=valid position=171 layer=9
[INFO] CKA split=valid position=172 layer=0
[INFO] CKA split=valid position=172 layer=1
[INFO] CKA split=valid position=172 layer=2
[INFO] CKA split=valid position=172 layer=3
[INFO] CKA split=valid position=172 layer=4
[INFO] CKA split=valid position=172 layer=5
[INFO] CKA split=valid position=172 layer=6
[INFO] CKA split=valid position=172 layer=7
[INFO] CKA split=valid position=172 layer=8
[INFO] CKA split=valid position=172 layer=9
[INFO] CKA split=valid position=173 layer=0
[INFO] CKA split=valid position=173 layer=1
[INFO] CKA split=valid position=173 layer=2
[INFO] CKA split=valid position=173 layer=3
[INFO] CKA split=valid position=173 layer=4
[INFO] CKA split=valid position=173 layer=5
[INFO] CKA split=valid position=173 layer=6
[INFO] CKA split=valid position=173 layer=7
[INFO] CKA split=valid position=173 layer=8
[INFO] CKA split=valid position=173 layer=9
[INFO] CKA split=valid position=174 layer=0
[INFO] CKA split=valid position=174 layer=1
[INFO] CKA split=valid position=174 layer=2
[INFO] CKA split=valid position=174 layer=3
[INFO] CKA split=valid position=174 layer=4
[INFO] CKA split=valid position=174 layer=5
[INFO] CKA split=valid position=174 layer=6
[INFO] CKA split=valid position=174 layer=7
[INFO] CKA split=valid position=174 layer=8
[INFO] CKA split=valid position=174 layer=9
[INFO] CKA split=valid position=175 layer=0
[INFO] CKA split=valid position=175 layer=1
[INFO] CKA split=valid position=175 layer=2
[INFO] CKA split=valid position=175 layer=3
[INFO] CKA split=valid position=175 layer=4
[INFO] CKA split=valid position=175 layer=5
[INFO] CKA split=valid position=175 layer=6
[INFO] CKA split=valid position=175 layer=7
[INFO] CKA split=valid position=175 layer=8
[INFO] CKA split=valid position=175 layer=9
[INFO] CKA split=valid position=176 layer=0
[INFO] CKA split=valid position=176 layer=1
[INFO] CKA split=valid position=176 layer=2
[INFO] CKA split=valid position=176 layer=3
[INFO] CKA split=valid position=176 layer=4
[INFO] CKA split=valid position=176 layer=5
[INFO] CKA split=valid position=176 layer=6
[INFO] CKA split=valid position=176 layer=7
[INFO] CKA split=valid position=176 layer=8
[INFO] CKA split=valid position=176 layer=9
[INFO] CKA split=valid position=177 layer=0
[INFO] CKA split=valid position=177 layer=1
[INFO] CKA split=valid position=177 layer=2
[INFO] CKA split=valid position=177 layer=3
[INFO] CKA split=valid position=177 layer=4
[INFO] CKA split=valid position=177 layer=5
[INFO] CKA split=valid position=177 layer=6
[INFO] CKA split=valid position=177 layer=7
[INFO] CKA split=valid position=177 layer=8
[INFO] CKA split=valid position=177 layer=9
[INFO] CKA split=valid position=178 layer=0
[INFO] CKA split=valid position=178 layer=1
[INFO] CKA split=valid position=178 layer=2
[INFO] CKA split=valid position=178 layer=3
[INFO] CKA split=valid position=178 layer=4
[INFO] CKA split=valid position=178 layer=5
[INFO] CKA split=valid position=178 layer=6
[INFO] CKA split=valid position=178 layer=7
[INFO] CKA split=valid position=178 layer=8
[INFO] CKA split=valid position=178 layer=9
[INFO] CKA split=valid position=179 layer=0
[INFO] CKA split=valid position=179 layer=1
[INFO] CKA split=valid position=179 layer=2
[INFO] CKA split=valid position=179 layer=3
[INFO] CKA split=valid position=179 layer=4
[INFO] CKA split=valid position=179 layer=5
[INFO] CKA split=valid position=179 layer=6
[INFO] CKA split=valid position=179 layer=7
[INFO] CKA split=valid position=179 layer=8
[INFO] CKA split=valid position=179 layer=9
[INFO] CKA split=valid position=180 layer=0
[INFO] CKA split=valid position=180 layer=1
[INFO] CKA split=valid position=180 layer=2
[INFO] CKA split=valid position=180 layer=3
[INFO] CKA split=valid position=180 layer=4
[INFO] CKA split=valid position=180 layer=5
[INFO] CKA split=valid position=180 layer=6
[INFO] CKA split=valid position=180 layer=7
[INFO] CKA split=valid position=180 layer=8
[INFO] CKA split=valid position=180 layer=9
[INFO] CKA split=valid position=181 layer=0
[INFO] CKA split=valid position=181 layer=1
[INFO] CKA split=valid position=181 layer=2
[INFO] CKA split=valid position=181 layer=3
[INFO] CKA split=valid position=181 layer=4
[INFO] CKA split=valid position=181 layer=5
[INFO] CKA split=valid position=181 layer=6
[INFO] CKA split=valid position=181 layer=7
[INFO] CKA split=valid position=181 layer=8
[INFO] CKA split=valid position=181 layer=9
[INFO] CKA split=valid position=182 layer=0
[INFO] CKA split=valid position=182 layer=1
[INFO] CKA split=valid position=182 layer=2
[INFO] CKA split=valid position=182 layer=3
[INFO] CKA split=valid position=182 layer=4
[INFO] CKA split=valid position=182 layer=5
[INFO] CKA split=valid position=182 layer=6
[INFO] CKA split=valid position=182 layer=7
[INFO] CKA split=valid position=182 layer=8
[INFO] CKA split=valid position=182 layer=9
[INFO] CKA split=valid position=183 layer=0
[INFO] CKA split=valid position=183 layer=1
[INFO] CKA split=valid position=183 layer=2
[INFO] CKA split=valid position=183 layer=3
[INFO] CKA split=valid position=183 layer=4
[INFO] CKA split=valid position=183 layer=5
[INFO] CKA split=valid position=183 layer=6
[INFO] CKA split=valid position=183 layer=7
[INFO] CKA split=valid position=183 layer=8
[INFO] CKA split=valid position=183 layer=9
[INFO] CKA split=valid position=184 layer=0
[INFO] CKA split=valid position=184 layer=1
[INFO] CKA split=valid position=184 layer=2
[INFO] CKA split=valid position=184 layer=3
[INFO] CKA split=valid position=184 layer=4
[INFO] CKA split=valid position=184 layer=5
[INFO] CKA split=valid position=184 layer=6
[INFO] CKA split=valid position=184 layer=7
[INFO] CKA split=valid position=184 layer=8
[INFO] CKA split=valid position=184 layer=9
[INFO] CKA split=valid position=185 layer=0
[INFO] CKA split=valid position=185 layer=1
[INFO] CKA split=valid position=185 layer=2
[INFO] CKA split=valid position=185 layer=3
[INFO] CKA split=valid position=185 layer=4
[INFO] CKA split=valid position=185 layer=5
[INFO] CKA split=valid position=185 layer=6
[INFO] CKA split=valid position=185 layer=7
[INFO] CKA split=valid position=185 layer=8
[INFO] CKA split=valid position=185 layer=9
[INFO] CKA split=valid position=186 layer=0
[INFO] CKA split=valid position=186 layer=1
[INFO] CKA split=valid position=186 layer=2
[INFO] CKA split=valid position=186 layer=3
[INFO] CKA split=valid position=186 layer=4
[INFO] CKA split=valid position=186 layer=5
[INFO] CKA split=valid position=186 layer=6
[INFO] CKA split=valid position=186 layer=7
[INFO] CKA split=valid position=186 layer=8
[INFO] CKA split=valid position=186 layer=9
[INFO] CKA split=valid position=187 layer=0
[INFO] CKA split=valid position=187 layer=1
[INFO] CKA split=valid position=187 layer=2
[INFO] CKA split=valid position=187 layer=3
[INFO] CKA split=valid position=187 layer=4
[INFO] CKA split=valid position=187 layer=5
[INFO] CKA split=valid position=187 layer=6
[INFO] CKA split=valid position=187 layer=7
[INFO] CKA split=valid position=187 layer=8
[INFO] CKA split=valid position=187 layer=9
[INFO] CKA split=valid position=188 layer=0
[INFO] CKA split=valid position=188 layer=1
[INFO] CKA split=valid position=188 layer=2
[INFO] CKA split=valid position=188 layer=3
[INFO] CKA split=valid position=188 layer=4
[INFO] CKA split=valid position=188 layer=5
[INFO] CKA split=valid position=188 layer=6
[INFO] CKA split=valid position=188 layer=7
[INFO] CKA split=valid position=188 layer=8
[INFO] CKA split=valid position=188 layer=9
[INFO] CKA split=valid position=189 layer=0
[INFO] CKA split=valid position=189 layer=1
[INFO] CKA split=valid position=189 layer=2
[INFO] CKA split=valid position=189 layer=3
[INFO] CKA split=valid position=189 layer=4
[INFO] CKA split=valid position=189 layer=5
[INFO] CKA split=valid position=189 layer=6
[INFO] CKA split=valid position=189 layer=7
[INFO] CKA split=valid position=189 layer=8
[INFO] CKA split=valid position=189 layer=9
[INFO] CKA split=valid position=190 layer=0
[INFO] CKA split=valid position=190 layer=1
[INFO] CKA split=valid position=190 layer=2
[INFO] CKA split=valid position=190 layer=3
[INFO] CKA split=valid position=190 layer=4
[INFO] CKA split=valid position=190 layer=5
[INFO] CKA split=valid position=190 layer=6
[INFO] CKA split=valid position=190 layer=7
[INFO] CKA split=valid position=190 layer=8
[INFO] CKA split=valid position=190 layer=9
[INFO] CKA split=valid position=191 layer=0
[INFO] CKA split=valid position=191 layer=1
[INFO] CKA split=valid position=191 layer=2
[INFO] CKA split=valid position=191 layer=3
[INFO] CKA split=valid position=191 layer=4
[INFO] CKA split=valid position=191 layer=5
[INFO] CKA split=valid position=191 layer=6
[INFO] CKA split=valid position=191 layer=7
[INFO] CKA split=valid position=191 layer=8
[INFO] CKA split=valid position=191 layer=9
[INFO] CKA split=valid position=192 layer=0
[INFO] CKA split=valid position=192 layer=1
[INFO] CKA split=valid position=192 layer=2
[INFO] CKA split=valid position=192 layer=3
[INFO] CKA split=valid position=192 layer=4
[INFO] CKA split=valid position=192 layer=5
[INFO] CKA split=valid position=192 layer=6
[INFO] CKA split=valid position=192 layer=7
[INFO] CKA split=valid position=192 layer=8
[INFO] CKA split=valid position=192 layer=9
[INFO] CKA split=valid position=193 layer=0
[INFO] CKA split=valid position=193 layer=1
[INFO] CKA split=valid position=193 layer=2
[INFO] CKA split=valid position=193 layer=3
[INFO] CKA split=valid position=193 layer=4
[INFO] CKA split=valid position=193 layer=5
[INFO] CKA split=valid position=193 layer=6
[INFO] CKA split=valid position=193 layer=7
[INFO] CKA split=valid position=193 layer=8
[INFO] CKA split=valid position=193 layer=9
[INFO] CKA split=valid position=194 layer=0
[INFO] CKA split=valid position=194 layer=1
[INFO] CKA split=valid position=194 layer=2
[INFO] CKA split=valid position=194 layer=3
[INFO] CKA split=valid position=194 layer=4
[INFO] CKA split=valid position=194 layer=5
[INFO] CKA split=valid position=194 layer=6
[INFO] CKA split=valid position=194 layer=7
[INFO] CKA split=valid position=194 layer=8
[INFO] CKA split=valid position=194 layer=9
[INFO] CKA split=valid position=195 layer=0
[INFO] CKA split=valid position=195 layer=1
[INFO] CKA split=valid position=195 layer=2
[INFO] CKA split=valid position=195 layer=3
[INFO] CKA split=valid position=195 layer=4
[INFO] CKA split=valid position=195 layer=5
[INFO] CKA split=valid position=195 layer=6
[INFO] CKA split=valid position=195 layer=7
[INFO] CKA split=valid position=195 layer=8
[INFO] CKA split=valid position=195 layer=9
[INFO] CKA split=valid position=196 layer=0
[INFO] CKA split=valid position=196 layer=1
[INFO] CKA split=valid position=196 layer=2
[INFO] CKA split=valid position=196 layer=3
[INFO] CKA split=valid position=196 layer=4
[INFO] CKA split=valid position=196 layer=5
[INFO] CKA split=valid position=196 layer=6
[INFO] CKA split=valid position=196 layer=7
[INFO] CKA split=valid position=196 layer=8
[INFO] CKA split=valid position=196 layer=9
[INFO] CKA split=valid position=197 layer=0
[INFO] CKA split=valid position=197 layer=1
[INFO] CKA split=valid position=197 layer=2
[INFO] CKA split=valid position=197 layer=3
[INFO] CKA split=valid position=197 layer=4
[INFO] CKA split=valid position=197 layer=5
[INFO] CKA split=valid position=197 layer=6
[INFO] CKA split=valid position=197 layer=7
[INFO] CKA split=valid position=197 layer=8
[INFO] CKA split=valid position=197 layer=9
[INFO] CKA split=valid position=198 layer=0
[INFO] CKA split=valid position=198 layer=1
[INFO] CKA split=valid position=198 layer=2
[INFO] CKA split=valid position=198 layer=3
[INFO] CKA split=valid position=198 layer=4
[INFO] CKA split=valid position=198 layer=5
[INFO] CKA split=valid position=198 layer=6
[INFO] CKA split=valid position=198 layer=7
[INFO] CKA split=valid position=198 layer=8
[INFO] CKA split=valid position=198 layer=9
[INFO] CKA split=valid position=199 layer=0
[INFO] CKA split=valid position=199 layer=1
[INFO] CKA split=valid position=199 layer=2
[INFO] CKA split=valid position=199 layer=3
[INFO] CKA split=valid position=199 layer=4
[INFO] CKA split=valid position=199 layer=5
[INFO] CKA split=valid position=199 layer=6
[INFO] CKA split=valid position=199 layer=7
[INFO] CKA split=valid position=199 layer=8
[INFO] CKA split=valid position=199 layer=9
[INFO] CKA split=valid position=200 layer=0
[INFO] CKA split=valid position=200 layer=1
[INFO] CKA split=valid position=200 layer=2
[INFO] CKA split=valid position=200 layer=3
[INFO] CKA split=valid position=200 layer=4
[INFO] CKA split=valid position=200 layer=5
[INFO] CKA split=valid position=200 layer=6
[INFO] CKA split=valid position=200 layer=7
[INFO] CKA split=valid position=200 layer=8
[INFO] CKA split=valid position=200 layer=9
[INFO] CKA split=valid position=201 layer=0
[INFO] CKA split=valid position=201 layer=1
[INFO] CKA split=valid position=201 layer=2
[INFO] CKA split=valid position=201 layer=3
[INFO] CKA split=valid position=201 layer=4
[INFO] CKA split=valid position=201 layer=5
[INFO] CKA split=valid position=201 layer=6
[INFO] CKA split=valid position=201 layer=7
[INFO] CKA split=valid position=201 layer=8
[INFO] CKA split=valid position=201 layer=9
[INFO] CKA split=valid position=202 layer=0
[INFO] CKA split=valid position=202 layer=1
[INFO] CKA split=valid position=202 layer=2
[INFO] CKA split=valid position=202 layer=3
[INFO] CKA split=valid position=202 layer=4
[INFO] CKA split=valid position=202 layer=5
[INFO] CKA split=valid position=202 layer=6
[INFO] CKA split=valid position=202 layer=7
[INFO] CKA split=valid position=202 layer=8
[INFO] CKA split=valid position=202 layer=9
[INFO] CKA split=valid position=203 layer=0
[INFO] CKA split=valid position=203 layer=1
[INFO] CKA split=valid position=203 layer=2
[INFO] CKA split=valid position=203 layer=3
[INFO] CKA split=valid position=203 layer=4
[INFO] CKA split=valid position=203 layer=5
[INFO] CKA split=valid position=203 layer=6
[INFO] CKA split=valid position=203 layer=7
[INFO] CKA split=valid position=203 layer=8
[INFO] CKA split=valid position=203 layer=9
[INFO] CKA split=valid position=204 layer=0
[INFO] CKA split=valid position=204 layer=1
[INFO] CKA split=valid position=204 layer=2
[INFO] CKA split=valid position=204 layer=3
[INFO] CKA split=valid position=204 layer=4
[INFO] CKA split=valid position=204 layer=5
[INFO] CKA split=valid position=204 layer=6
[INFO] CKA split=valid position=204 layer=7
[INFO] CKA split=valid position=204 layer=8
[INFO] CKA split=valid position=204 layer=9
[INFO] CKA split=valid position=205 layer=0
[INFO] CKA split=valid position=205 layer=1
[INFO] CKA split=valid position=205 layer=2
[INFO] CKA split=valid position=205 layer=3
[INFO] CKA split=valid position=205 layer=4
[INFO] CKA split=valid position=205 layer=5
[INFO] CKA split=valid position=205 layer=6
[INFO] CKA split=valid position=205 layer=7
[INFO] CKA split=valid position=205 layer=8
[INFO] CKA split=valid position=205 layer=9
[INFO] CKA split=valid position=206 layer=0
[INFO] CKA split=valid position=206 layer=1
[INFO] CKA split=valid position=206 layer=2
[INFO] CKA split=valid position=206 layer=3
[INFO] CKA split=valid position=206 layer=4
[INFO] CKA split=valid position=206 layer=5
[INFO] CKA split=valid position=206 layer=6
[INFO] CKA split=valid position=206 layer=7
[INFO] CKA split=valid position=206 layer=8
[INFO] CKA split=valid position=206 layer=9
[INFO] CKA split=valid position=207 layer=0
[INFO] CKA split=valid position=207 layer=1
[INFO] CKA split=valid position=207 layer=2
[INFO] CKA split=valid position=207 layer=3
[INFO] CKA split=valid position=207 layer=4
[INFO] CKA split=valid position=207 layer=5
[INFO] CKA split=valid position=207 layer=6
[INFO] CKA split=valid position=207 layer=7
[INFO] CKA split=valid position=207 layer=8
[INFO] CKA split=valid position=207 layer=9
[INFO] CKA split=valid position=208 layer=0
[INFO] CKA split=valid position=208 layer=1
[INFO] CKA split=valid position=208 layer=2
[INFO] CKA split=valid position=208 layer=3
[INFO] CKA split=valid position=208 layer=4
[INFO] CKA split=valid position=208 layer=5
[INFO] CKA split=valid position=208 layer=6
[INFO] CKA split=valid position=208 layer=7
[INFO] CKA split=valid position=208 layer=8
[INFO] CKA split=valid position=208 layer=9
[INFO] CKA split=valid position=209 layer=0
[INFO] CKA split=valid position=209 layer=1
[INFO] CKA split=valid position=209 layer=2
[INFO] CKA split=valid position=209 layer=3
[INFO] CKA split=valid position=209 layer=4
[INFO] CKA split=valid position=209 layer=5
[INFO] CKA split=valid position=209 layer=6
[INFO] CKA split=valid position=209 layer=7
[INFO] CKA split=valid position=209 layer=8
[INFO] CKA split=valid position=209 layer=9
[INFO] CKA split=valid position=210 layer=0
[INFO] CKA split=valid position=210 layer=1
[INFO] CKA split=valid position=210 layer=2
[INFO] CKA split=valid position=210 layer=3
[INFO] CKA split=valid position=210 layer=4
[INFO] CKA split=valid position=210 layer=5
[INFO] CKA split=valid position=210 layer=6
[INFO] CKA split=valid position=210 layer=7
[INFO] CKA split=valid position=210 layer=8
[INFO] CKA split=valid position=210 layer=9
[INFO] CKA split=valid position=211 layer=0
[INFO] CKA split=valid position=211 layer=1
[INFO] CKA split=valid position=211 layer=2
[INFO] CKA split=valid position=211 layer=3
[INFO] CKA split=valid position=211 layer=4
[INFO] CKA split=valid position=211 layer=5
[INFO] CKA split=valid position=211 layer=6
[INFO] CKA split=valid position=211 layer=7
[INFO] CKA split=valid position=211 layer=8
[INFO] CKA split=valid position=211 layer=9
[INFO] CKA split=valid position=212 layer=0
[INFO] CKA split=valid position=212 layer=1
[INFO] CKA split=valid position=212 layer=2
[INFO] CKA split=valid position=212 layer=3
[INFO] CKA split=valid position=212 layer=4
[INFO] CKA split=valid position=212 layer=5
[INFO] CKA split=valid position=212 layer=6
[INFO] CKA split=valid position=212 layer=7
[INFO] CKA split=valid position=212 layer=8
[INFO] CKA split=valid position=212 layer=9
[INFO] CKA split=valid position=213 layer=0
[INFO] CKA split=valid position=213 layer=1
[INFO] CKA split=valid position=213 layer=2
[INFO] CKA split=valid position=213 layer=3
[INFO] CKA split=valid position=213 layer=4
[INFO] CKA split=valid position=213 layer=5
[INFO] CKA split=valid position=213 layer=6
[INFO] CKA split=valid position=213 layer=7
[INFO] CKA split=valid position=213 layer=8
[INFO] CKA split=valid position=213 layer=9
[INFO] CKA split=valid position=214 layer=0
[INFO] CKA split=valid position=214 layer=1
[INFO] CKA split=valid position=214 layer=2
[INFO] CKA split=valid position=214 layer=3
[INFO] CKA split=valid position=214 layer=4
[INFO] CKA split=valid position=214 layer=5
[INFO] CKA split=valid position=214 layer=6
[INFO] CKA split=valid position=214 layer=7
[INFO] CKA split=valid position=214 layer=8
[INFO] CKA split=valid position=214 layer=9
[INFO] CKA split=valid position=215 layer=0
[INFO] CKA split=valid position=215 layer=1
[INFO] CKA split=valid position=215 layer=2
[INFO] CKA split=valid position=215 layer=3
[INFO] CKA split=valid position=215 layer=4
[INFO] CKA split=valid position=215 layer=5
[INFO] CKA split=valid position=215 layer=6
[INFO] CKA split=valid position=215 layer=7
[INFO] CKA split=valid position=215 layer=8
[INFO] CKA split=valid position=215 layer=9
[INFO] CKA split=valid position=216 layer=0
[INFO] CKA split=valid position=216 layer=1
[INFO] CKA split=valid position=216 layer=2
[INFO] CKA split=valid position=216 layer=3
[INFO] CKA split=valid position=216 layer=4
[INFO] CKA split=valid position=216 layer=5
[INFO] CKA split=valid position=216 layer=6
[INFO] CKA split=valid position=216 layer=7
[INFO] CKA split=valid position=216 layer=8
[INFO] CKA split=valid position=216 layer=9
[INFO] CKA split=valid position=217 layer=0
[INFO] CKA split=valid position=217 layer=1
[INFO] CKA split=valid position=217 layer=2
[INFO] CKA split=valid position=217 layer=3
[INFO] CKA split=valid position=217 layer=4
[INFO] CKA split=valid position=217 layer=5
[INFO] CKA split=valid position=217 layer=6
[INFO] CKA split=valid position=217 layer=7
[INFO] CKA split=valid position=217 layer=8
[INFO] CKA split=valid position=217 layer=9
[INFO] CKA split=valid position=218 layer=0
[INFO] CKA split=valid position=218 layer=1
[INFO] CKA split=valid position=218 layer=2
[INFO] CKA split=valid position=218 layer=3
[INFO] CKA split=valid position=218 layer=4
[INFO] CKA split=valid position=218 layer=5
[INFO] CKA split=valid position=218 layer=6
[INFO] CKA split=valid position=218 layer=7
[INFO] CKA split=valid position=218 layer=8
[INFO] CKA split=valid position=218 layer=9
[INFO] CKA split=valid position=219 layer=0
[INFO] CKA split=valid position=219 layer=1
[INFO] CKA split=valid position=219 layer=2
[INFO] CKA split=valid position=219 layer=3
[INFO] CKA split=valid position=219 layer=4
[INFO] CKA split=valid position=219 layer=5
[INFO] CKA split=valid position=219 layer=6
[INFO] CKA split=valid position=219 layer=7
[INFO] CKA split=valid position=219 layer=8
[INFO] CKA split=valid position=219 layer=9
[INFO] CKA split=valid position=220 layer=0
[INFO] CKA split=valid position=220 layer=1
[INFO] CKA split=valid position=220 layer=2
[INFO] CKA split=valid position=220 layer=3
[INFO] CKA split=valid position=220 layer=4
[INFO] CKA split=valid position=220 layer=5
[INFO] CKA split=valid position=220 layer=6
[INFO] CKA split=valid position=220 layer=7
[INFO] CKA split=valid position=220 layer=8
[INFO] CKA split=valid position=220 layer=9
[INFO] CKA split=valid position=221 layer=0
[INFO] CKA split=valid position=221 layer=1
[INFO] CKA split=valid position=221 layer=2
[INFO] CKA split=valid position=221 layer=3
[INFO] CKA split=valid position=221 layer=4
[INFO] CKA split=valid position=221 layer=5
[INFO] CKA split=valid position=221 layer=6
[INFO] CKA split=valid position=221 layer=7
[INFO] CKA split=valid position=221 layer=8
[INFO] CKA split=valid position=221 layer=9
[INFO] CKA split=valid position=222 layer=0
[INFO] CKA split=valid position=222 layer=1
[INFO] CKA split=valid position=222 layer=2
[INFO] CKA split=valid position=222 layer=3
[INFO] CKA split=valid position=222 layer=4
[INFO] CKA split=valid position=222 layer=5
[INFO] CKA split=valid position=222 layer=6
[INFO] CKA split=valid position=222 layer=7
[INFO] CKA split=valid position=222 layer=8
[INFO] CKA split=valid position=222 layer=9
[INFO] CKA split=valid position=223 layer=0
[INFO] CKA split=valid position=223 layer=1
[INFO] CKA split=valid position=223 layer=2
[INFO] CKA split=valid position=223 layer=3
[INFO] CKA split=valid position=223 layer=4
[INFO] CKA split=valid position=223 layer=5
[INFO] CKA split=valid position=223 layer=6
[INFO] CKA split=valid position=223 layer=7
[INFO] CKA split=valid position=223 layer=8
[INFO] CKA split=valid position=223 layer=9
[INFO] CKA split=valid position=224 layer=0
[INFO] CKA split=valid position=224 layer=1
[INFO] CKA split=valid position=224 layer=2
[INFO] CKA split=valid position=224 layer=3
[INFO] CKA split=valid position=224 layer=4
[INFO] CKA split=valid position=224 layer=5
[INFO] CKA split=valid position=224 layer=6
[INFO] CKA split=valid position=224 layer=7
[INFO] CKA split=valid position=224 layer=8
[INFO] CKA split=valid position=224 layer=9
[INFO] CKA split=valid position=225 layer=0
[INFO] CKA split=valid position=225 layer=1
[INFO] CKA split=valid position=225 layer=2
[INFO] CKA split=valid position=225 layer=3
[INFO] CKA split=valid position=225 layer=4
[INFO] CKA split=valid position=225 layer=5
[INFO] CKA split=valid position=225 layer=6
[INFO] CKA split=valid position=225 layer=7
[INFO] CKA split=valid position=225 layer=8
[INFO] CKA split=valid position=225 layer=9
[INFO] CKA split=valid position=226 layer=0
[INFO] CKA split=valid position=226 layer=1
[INFO] CKA split=valid position=226 layer=2
[INFO] CKA split=valid position=226 layer=3
[INFO] CKA split=valid position=226 layer=4
[INFO] CKA split=valid position=226 layer=5
[INFO] CKA split=valid position=226 layer=6
[INFO] CKA split=valid position=226 layer=7
[INFO] CKA split=valid position=226 layer=8
[INFO] CKA split=valid position=226 layer=9
[INFO] CKA split=valid position=227 layer=0
[INFO] CKA split=valid position=227 layer=1
[INFO] CKA split=valid position=227 layer=2
[INFO] CKA split=valid position=227 layer=3
[INFO] CKA split=valid position=227 layer=4
[INFO] CKA split=valid position=227 layer=5
[INFO] CKA split=valid position=227 layer=6
[INFO] CKA split=valid position=227 layer=7
[INFO] CKA split=valid position=227 layer=8
[INFO] CKA split=valid position=227 layer=9
[INFO] CKA split=valid position=228 layer=0
[INFO] CKA split=valid position=228 layer=1
[INFO] CKA split=valid position=228 layer=2
[INFO] CKA split=valid position=228 layer=3
[INFO] CKA split=valid position=228 layer=4
[INFO] CKA split=valid position=228 layer=5
[INFO] CKA split=valid position=228 layer=6
[INFO] CKA split=valid position=228 layer=7
[INFO] CKA split=valid position=228 layer=8
[INFO] CKA split=valid position=228 layer=9
[INFO] CKA split=valid position=229 layer=0
[INFO] CKA split=valid position=229 layer=1
[INFO] CKA split=valid position=229 layer=2
[INFO] CKA split=valid position=229 layer=3
[INFO] CKA split=valid position=229 layer=4
[INFO] CKA split=valid position=229 layer=5
[INFO] CKA split=valid position=229 layer=6
[INFO] CKA split=valid position=229 layer=7
[INFO] CKA split=valid position=229 layer=8
[INFO] CKA split=valid position=229 layer=9
[INFO] CKA split=valid position=230 layer=0
[INFO] CKA split=valid position=230 layer=1
[INFO] CKA split=valid position=230 layer=2
[INFO] CKA split=valid position=230 layer=3
[INFO] CKA split=valid position=230 layer=4
[INFO] CKA split=valid position=230 layer=5
[INFO] CKA split=valid position=230 layer=6
[INFO] CKA split=valid position=230 layer=7
[INFO] CKA split=valid position=230 layer=8
[INFO] CKA split=valid position=230 layer=9
[INFO] CKA split=valid position=231 layer=0
[INFO] CKA split=valid position=231 layer=1
[INFO] CKA split=valid position=231 layer=2
[INFO] CKA split=valid position=231 layer=3
[INFO] CKA split=valid position=231 layer=4
[INFO] CKA split=valid position=231 layer=5
[INFO] CKA split=valid position=231 layer=6
[INFO] CKA split=valid position=231 layer=7
[INFO] CKA split=valid position=231 layer=8
[INFO] CKA split=valid position=231 layer=9
[INFO] CKA split=valid position=232 layer=0
[INFO] CKA split=valid position=232 layer=1
[INFO] CKA split=valid position=232 layer=2
[INFO] CKA split=valid position=232 layer=3
[INFO] CKA split=valid position=232 layer=4
[INFO] CKA split=valid position=232 layer=5
[INFO] CKA split=valid position=232 layer=6
[INFO] CKA split=valid position=232 layer=7
[INFO] CKA split=valid position=232 layer=8
[INFO] CKA split=valid position=232 layer=9
[INFO] CKA split=valid position=233 layer=0
[INFO] CKA split=valid position=233 layer=1
[INFO] CKA split=valid position=233 layer=2
[INFO] CKA split=valid position=233 layer=3
[INFO] CKA split=valid position=233 layer=4
[INFO] CKA split=valid position=233 layer=5
[INFO] CKA split=valid position=233 layer=6
[INFO] CKA split=valid position=233 layer=7
[INFO] CKA split=valid position=233 layer=8
[INFO] CKA split=valid position=233 layer=9
[INFO] CKA split=valid position=234 layer=0
[INFO] CKA split=valid position=234 layer=1
[INFO] CKA split=valid position=234 layer=2
[INFO] CKA split=valid position=234 layer=3
[INFO] CKA split=valid position=234 layer=4
[INFO] CKA split=valid position=234 layer=5
[INFO] CKA split=valid position=234 layer=6
[INFO] CKA split=valid position=234 layer=7
[INFO] CKA split=valid position=234 layer=8
[INFO] CKA split=valid position=234 layer=9
[INFO] CKA split=valid position=235 layer=0
[INFO] CKA split=valid position=235 layer=1
[INFO] CKA split=valid position=235 layer=2
[INFO] CKA split=valid position=235 layer=3
[INFO] CKA split=valid position=235 layer=4
[INFO] CKA split=valid position=235 layer=5
[INFO] CKA split=valid position=235 layer=6
[INFO] CKA split=valid position=235 layer=7
[INFO] CKA split=valid position=235 layer=8
[INFO] CKA split=valid position=235 layer=9
[INFO] CKA split=valid position=236 layer=0
[INFO] CKA split=valid position=236 layer=1
[INFO] CKA split=valid position=236 layer=2
[INFO] CKA split=valid position=236 layer=3
[INFO] CKA split=valid position=236 layer=4
[INFO] CKA split=valid position=236 layer=5
[INFO] CKA split=valid position=236 layer=6
[INFO] CKA split=valid position=236 layer=7
[INFO] CKA split=valid position=236 layer=8
[INFO] CKA split=valid position=236 layer=9
[INFO] CKA split=valid position=237 layer=0
[INFO] CKA split=valid position=237 layer=1
[INFO] CKA split=valid position=237 layer=2
[INFO] CKA split=valid position=237 layer=3
[INFO] CKA split=valid position=237 layer=4
[INFO] CKA split=valid position=237 layer=5
[INFO] CKA split=valid position=237 layer=6
[INFO] CKA split=valid position=237 layer=7
[INFO] CKA split=valid position=237 layer=8
[INFO] CKA split=valid position=237 layer=9
[INFO] CKA split=valid position=238 layer=0
[INFO] CKA split=valid position=238 layer=1
[INFO] CKA split=valid position=238 layer=2
[INFO] CKA split=valid position=238 layer=3
[INFO] CKA split=valid position=238 layer=4
[INFO] CKA split=valid position=238 layer=5
[INFO] CKA split=valid position=238 layer=6
[INFO] CKA split=valid position=238 layer=7
[INFO] CKA split=valid position=238 layer=8
[INFO] CKA split=valid position=238 layer=9
[INFO] CKA split=valid position=239 layer=0
[INFO] CKA split=valid position=239 layer=1
[INFO] CKA split=valid position=239 layer=2
[INFO] CKA split=valid position=239 layer=3
[INFO] CKA split=valid position=239 layer=4
[INFO] CKA split=valid position=239 layer=5
[INFO] CKA split=valid position=239 layer=6
[INFO] CKA split=valid position=239 layer=7
[INFO] CKA split=valid position=239 layer=8
[INFO] CKA split=valid position=239 layer=9
[INFO] CKA split=valid position=240 layer=0
[INFO] CKA split=valid position=240 layer=1
[INFO] CKA split=valid position=240 layer=2
[INFO] CKA split=valid position=240 layer=3
[INFO] CKA split=valid position=240 layer=4
[INFO] CKA split=valid position=240 layer=5
[INFO] CKA split=valid position=240 layer=6
[INFO] CKA split=valid position=240 layer=7
[INFO] CKA split=valid position=240 layer=8
[INFO] CKA split=valid position=240 layer=9
[INFO] CKA split=valid position=241 layer=0
[INFO] CKA split=valid position=241 layer=1
[INFO] CKA split=valid position=241 layer=2
[INFO] CKA split=valid position=241 layer=3
[INFO] CKA split=valid position=241 layer=4
[INFO] CKA split=valid position=241 layer=5
[INFO] CKA split=valid position=241 layer=6
[INFO] CKA split=valid position=241 layer=7
[INFO] CKA split=valid position=241 layer=8
[INFO] CKA split=valid position=241 layer=9
[INFO] saved /mnt/beegfs/2a/mb12724/franc/small-language-modelling/collected_results/overlap_stream_TR2_L5_v1/representation_overlaps_per_position.npz
[INFO] total representation time=295189.33s
[END] 2026-06-20 00:39:18 return_code=0
