[START] 2026-06-12 12:52:05
[INFO] host=dhler3u04-fat
[INFO] repo_dir=/mnt/beegfs/2a/mb12724/franc/small-language-modelling
[INFO] run_script=/mnt/beegfs/2a/mb12724/franc/small-language-modelling/SLM/main.py
[INFO] output_dir=/mnt/beegfs/2a/mb12724/franc/small-language-modelling/data/slm_TR2_uniform_L6_v1/rhm_transformer_v2_P_65536_seed_rules_1_seed_sample_1_seed_model_1
[INFO] dataset=rhm online=true model=transformer_v2
[INFO] train_size=65536 val_size=32768 max_steps=100000
[INFO] batch_size=32 eval_batch_size=32
[INFO] RHM: v=64 n=64 m=5 s=2 L=6
[INFO] architecture: depth=12 d_embedding=256 n_heads=4
[INFO] num_validations=100 num_weight_saves=100
[INFO] compute_rhm_diagnostics=true
[INFO] python=/home/2a/mb12724/miniconda3/envs/rhm/bin/python
Python 3.10.20
Fri Jun 12 12:52:06 2026       
+-----------------------------------------------------------------------------+
| NVIDIA-SMI 470.57.02    Driver Version: 470.57.02    CUDA Version: 11.4     |
|-------------------------------+----------------------+----------------------+
| GPU  Name        Persistence-M| Bus-Id        Disp.A | Volatile Uncorr. ECC |
| Fan  Temp  Perf  Pwr:Usage/Cap|         Memory-Usage | GPU-Util  Compute M. |
|                               |                      |               MIG M. |
|===============================+======================+======================|
|   0  Tesla V100-SXM2...  On   | 00000000:3B:00.0 Off |                    0 |
| N/A   31C    P0    39W / 300W |     15MiB / 32510MiB |      0%      Default |
|                               |                      |                  N/A |
+-------------------------------+----------------------+----------------------+
                                                                               
+-----------------------------------------------------------------------------+
| Processes:                                                                  |
|  GPU   GI   CI        PID   Type   Process name                  GPU Memory |
|        ID   ID                                                   Usage      |
|=============================================================================|
|    0   N/A  N/A      2344      G   /usr/libexec/Xorg                  14MiB |
+-----------------------------------------------------------------------------+
torch = 2.3.1+cu118
cuda runtime = 11.8
cuda available = True
gpu = Tesla V100-SXM2-32GB
[CMD] python -u /mnt/beegfs/2a/mb12724/franc/small-language-modelling/SLM/main.py --device cuda --dataset rhm --path /mnt/beegfs/2a/mb12724/franc/small-language-modelling/SLM/datasets --model transformer_v2 --train_size 65536 --val_size 32768 --batch_size 32 --eval_batch_size 32 --eval_train_size 16384 --eval_val_size 16384 --max_steps 100000 --lr 0.001 --scheduler none --warmup_time 0 --decay_time 100000 --decay_factor 0.0 --dropout 0.0 --l2 0.01 --print_freq 100 --num_validations 100 --num_weight_saves 100 --save_freq 1000 --depth 12 --d_embedding 256 --n_heads 4 --ffwd_size 4 --embedding_scale 0.05 --d_state 16 --d_conv 4 --mamba_expand 2 --seed_model 1 --data_root /mnt/beegfs/2a/mb12724/franc/small-language-modelling/data --run_name slm_TR2_uniform_L6_v1 --output_dir /mnt/beegfs/2a/mb12724/franc/small-language-modelling/data/slm_TR2_uniform_L6_v1/rhm_transformer_v2_P_65536_seed_rules_1_seed_sample_1_seed_model_1 --online --mup --measure_train --save_run_data --num_features 64 --num_classes 64 --num_synonyms 5 --tuple_size 2 --num_layers 6 --seed_rules 1 --seed_sample 1 --input_format long --compute_rhm_diagnostics --rhm_margins_max_train_samples 16384 --rhm_margins_max_val_samples 16384 --rhm_margins_batch_size 256 
================================================================================
dataset=rhm model=transformer_v2 online=True
output_dir=/mnt/beegfs/2a/mb12724/franc/small-language-modelling/data/slm_TR2_uniform_L6_v1/rhm_transformer_v2_P_65536_seed_rules_1_seed_sample_1_seed_model_1
RHM v=64 n=64 m=5 s=2 L=6 d=64
architecture depth=12 d_embedding=256 n_heads=4
log saves: validations=100, weights=100; RHM diagnostics=True
================================================================================
RHM: v=64, n=64, m=5, s=2, L=6, d=64, pmax=6938893903907228377647697925567626953125000000, online=True
Training for 100000 optimizer steps
# parameters: 8727616
[INFO] output_dir=/mnt/beegfs/2a/mb12724/franc/small-language-modelling/data/slm_TR2_uniform_L6_v1/rhm_transformer_v2_P_65536_seed_rules_1_seed_sample_1_seed_model_1
[INFO] validation steps=[1, 2, 3, 4, 5, 6, 7, 8, 9, 10, 11, 12, 13, 14, 15, 16, 17, 18, 19, 20, 21, 22, 23, 24, 25, 26, 27, 28, 29, 30, 33, 37, 41, 46, 52, 59, 66, 74, 83, 93, 105, 118, 132, 148, 167, 187, 210, 236, 266, 298, 335, 376, 423, 475, 534, 599, 673, 756, 850, 955, 1072, 1205, 1353, 1520, 1707, 1918, 2154, 2420, 2719, 3054, 3430, 3854, 4329, 4863, 5462, 6136, 6893, 7743, 8697, 9770, 10975, 12328, 13849, 15557, 17475, 19630, 22051, 24771, 27826, 31257, 35112, 39442, 44306, 49770, 55908, 62803, 70548, 79248, 89022, 100000]
[INFO] weight checkpoint steps=[1, 2, 3, 4, 5, 6, 7, 8, 9, 10, 11, 12, 13, 14, 15, 16, 17, 18, 19, 20, 21, 22, 23, 24, 25, 26, 27, 28, 29, 30, 33, 37, 41, 46, 52, 59, 66, 74, 83, 93, 105, 118, 132, 148, 167, 187, 210, 236, 266, 298, 335, 376, 423, 475, 534, 599, 673, 756, 850, 955, 1072, 1205, 1353, 1520, 1707, 1918, 2154, 2420, 2719, 3054, 3430, 3854, 4329, 4863, 5462, 6136, 6893, 7743, 8697, 9770, 10975, 12328, 13849, 15557, 17475, 19630, 22051, 24771, 27826, 31257, 35112, 39442, 44306, 49770, 55908, 62803, 70548, 79248, 89022, 100000]
[INFO] RHM diagnostics=True; online=True; dataset=rhm; model=transformer_v2
[RHM] step=0 train_peeled_loss_l=[2.45106, 1.20914, 0.76955, 0.65952, 0.49361, 0.42285] val_peeled_loss_l=[2.45167, 1.20938, 0.76872, 0.65970, 0.49373, 0.42286]
[RHM] step=0 train_Mpos_l=[0.00000, 0.13827, 0.49878, 0.56139, 0.74389, 0.79580] val_Mpos_l=[0.00000, 0.13840, 0.49820, 0.56171, 0.74376, 0.79703] train_valid_l=[0.50794, 0.52496, 0.40835, 0.24731, 0.17043, 0.10061] val_valid_l=[0.50794, 0.52483, 0.40829, 0.24795, 0.17070, 0.10067]
[VALID] step=0 epoch=0.0000 running=4.158883 train_loss=4.156624 val_loss=4.156675 val_acc=0.011205 log_specnorm=-648.706973
[TRAIN] step=1/100000 epoch=0.0005 loss=4.157928 dt=79.71ms
[CHECKPOINT] saved /mnt/beegfs/2a/mb12724/franc/small-language-modelling/data/slm_TR2_uniform_L6_v1/rhm_transformer_v2_P_65536_seed_rules_1_seed_sample_1_seed_model_1/checkpoints/checkpoint_step_1.pt
[RHM] step=1 train_peeled_loss_l=[2.38053, 1.21481, 0.78471, 0.66833, 0.50030, 0.42964] val_peeled_loss_l=[2.38139, 1.21320, 0.78411, 0.67026, 0.49902, 0.43001]
[RHM] step=1 train_Mpos_l=[0.00000, 0.20467, 0.50658, 0.57604, 0.74311, 0.79042] val_Mpos_l=[0.00000, 0.20448, 0.50638, 0.57594, 0.74602, 0.79117] train_valid_l=[0.50794, 0.52496, 0.40835, 0.24731, 0.17043, 0.10061] val_valid_l=[0.50794, 0.52483, 0.40829, 0.24795, 0.17070, 0.10067]
[VALID] step=1 epoch=0.0005 running=4.157928 train_loss=4.237961 val_loss=4.239368 val_acc=0.031871 log_specnorm=57.479428
[CHECKPOINT] saved /mnt/beegfs/2a/mb12724/franc/small-language-modelling/data/slm_TR2_uniform_L6_v1/rhm_transformer_v2_P_65536_seed_rules_1_seed_sample_1_seed_model_1/checkpoints/checkpoint_step_2.pt
[RHM] step=2 train_peeled_loss_l=[2.67702, 1.35425, 0.83392, 0.71736, 0.54172, 0.46099] val_peeled_loss_l=[2.67769, 1.35543, 0.83256, 0.71742, 0.54300, 0.46162]
[RHM] step=2 train_Mpos_l=[0.00000, 0.09916, 0.48466, 0.53358, 0.71831, 0.76551] val_Mpos_l=[0.00000, 0.09847, 0.48520, 0.53235, 0.71721, 0.76455] train_valid_l=[0.50794, 0.52496, 0.40835, 0.24731, 0.17043, 0.10061] val_valid_l=[0.50794, 0.52483, 0.40829, 0.24795, 0.17070, 0.10067]
[VALID] step=2 epoch=0.0010 running=4.217312 train_loss=4.564765 val_loss=4.563249 val_acc=0.007968 log_specnorm=58.060175
[CHECKPOINT] saved /mnt/beegfs/2a/mb12724/franc/small-language-modelling/data/slm_TR2_uniform_L6_v1/rhm_transformer_v2_P_65536_seed_rules_1_seed_sample_1_seed_model_1/checkpoints/checkpoint_step_3.pt
[RHM] step=3 train_peeled_loss_l=[2.33070, 1.19770, 0.77304, 0.65945, 0.49225, 0.42227] val_peeled_loss_l=[2.33152, 1.19751, 0.77218, 0.65951, 0.49194, 0.42161]
[RHM] step=3 train_Mpos_l=[0.00000, 0.19238, 0.50460, 0.56639, 0.74251, 0.79178] val_Mpos_l=[0.00000, 0.19104, 0.50545, 0.56703, 0.74362, 0.79327] train_valid_l=[0.50794, 0.52496, 0.40835, 0.24731, 0.17043, 0.10061] val_valid_l=[0.50794, 0.52483, 0.40829, 0.24795, 0.17070, 0.10067]
[VALID] step=3 epoch=0.0015 running=4.557273 train_loss=4.154094 val_loss=4.154736 val_acc=0.032757 log_specnorm=58.812902
[CHECKPOINT] saved /mnt/beegfs/2a/mb12724/franc/small-language-modelling/data/slm_TR2_uniform_L6_v1/rhm_transformer_v2_P_65536_seed_rules_1_seed_sample_1_seed_model_1/checkpoints/checkpoint_step_4.pt
[RHM] step=4 train_peeled_loss_l=[2.38512, 1.17653, 0.76208, 0.65261, 0.48845, 0.41883] val_peeled_loss_l=[2.38548, 1.17695, 0.76161, 0.65273, 0.48826, 0.41859]
[RHM] step=4 train_Mpos_l=[0.00000, 0.17196, 0.50389, 0.56210, 0.74298, 0.79263] val_Mpos_l=[0.00000, 0.17126, 0.50455, 0.56245, 0.74432, 0.79393] train_valid_l=[0.50794, 0.52496, 0.40835, 0.24731, 0.17043, 0.10061] val_valid_l=[0.50794, 0.52483, 0.40829, 0.24795, 0.17070, 0.10067]
[VALID] step=4 epoch=0.0020 running=4.158011 train_loss=4.124622 val_loss=4.125954 val_acc=0.033737 log_specnorm=59.447905
[CHECKPOINT] saved /mnt/beegfs/2a/mb12724/franc/small-language-modelling/data/slm_TR2_uniform_L6_v1/rhm_transformer_v2_P_65536_seed_rules_1_seed_sample_1_seed_model_1/checkpoints/checkpoint_step_5.pt
[RHM] step=5 train_peeled_loss_l=[2.41177, 1.18059, 0.76203, 0.65266, 0.48900, 0.41874] val_peeled_loss_l=[2.41229, 1.18090, 0.76112, 0.65287, 0.48856, 0.41903]
[RHM] step=5 train_Mpos_l=[0.00000, 0.16633, 0.50203, 0.56373, 0.74294, 0.79535] val_Mpos_l=[0.00000, 0.16579, 0.50234, 0.56422, 0.74422, 0.79602] train_valid_l=[0.50794, 0.52496, 0.40835, 0.24731, 0.17043, 0.10061] val_valid_l=[0.50794, 0.52483, 0.40829, 0.24795, 0.17070, 0.10067]
[VALID] step=5 epoch=0.0024 running=4.119359 train_loss=4.129428 val_loss=4.130169 val_acc=0.031028 log_specnorm=59.990917
[CHECKPOINT] saved /mnt/beegfs/2a/mb12724/franc/small-language-modelling/data/slm_TR2_uniform_L6_v1/rhm_transformer_v2_P_65536_seed_rules_1_seed_sample_1_seed_model_1/checkpoints/checkpoint_step_6.pt
[RHM] step=6 train_peeled_loss_l=[2.34762, 1.17268, 0.76565, 0.65262, 0.48817, 0.41917] val_peeled_loss_l=[2.34793, 1.17263, 0.76459, 0.65264, 0.48767, 0.41852]
[RHM] step=6 train_Mpos_l=[0.00000, 0.20468, 0.50388, 0.56821, 0.74445, 0.79351] val_Mpos_l=[0.00000, 0.20364, 0.50456, 0.56969, 0.74674, 0.79516] train_valid_l=[0.50794, 0.52496, 0.40835, 0.24731, 0.17043, 0.10061] val_valid_l=[0.50794, 0.52483, 0.40829, 0.24795, 0.17070, 0.10067]
[VALID] step=6 epoch=0.0029 running=4.142094 train_loss=4.138413 val_loss=4.139354 val_acc=0.033737 log_specnorm=60.579779
[CHECKPOINT] saved /mnt/beegfs/2a/mb12724/franc/small-language-modelling/data/slm_TR2_uniform_L6_v1/rhm_transformer_v2_P_65536_seed_rules_1_seed_sample_1_seed_model_1/checkpoints/checkpoint_step_7.pt
[RHM] step=7 train_peeled_loss_l=[2.43076, 1.20869, 0.77143, 0.66005, 0.49246, 0.42291] val_peeled_loss_l=[2.43157, 1.20855, 0.77062, 0.66019, 0.49249, 0.42214]
[RHM] step=7 train_Mpos_l=[0.00000, 0.16712, 0.49222, 0.56159, 0.74546, 0.79338] val_Mpos_l=[0.00000, 0.16688, 0.49219, 0.56216, 0.74554, 0.79640] train_valid_l=[0.50794, 0.52496, 0.40835, 0.24731, 0.17043, 0.10061] val_valid_l=[0.50794, 0.52483, 0.40829, 0.24795, 0.17070, 0.10067]
[VALID] step=7 epoch=0.0034 running=4.137066 train_loss=4.161464 val_loss=4.161496 val_acc=0.020174 log_specnorm=61.163079
[CHECKPOINT] saved /mnt/beegfs/2a/mb12724/franc/small-language-modelling/data/slm_TR2_uniform_L6_v1/rhm_transformer_v2_P_65536_seed_rules_1_seed_sample_1_seed_model_1/checkpoints/checkpoint_step_8.pt
[RHM] step=8 train_peeled_loss_l=[2.35375, 1.18908, 0.76418, 0.65272, 0.48784, 0.41846] val_peeled_loss_l=[2.35435, 1.18907, 0.76358, 0.65249, 0.48790, 0.41727]
[RHM] step=8 train_Mpos_l=[0.00000, 0.18490, 0.50428, 0.56371, 0.74559, 0.79268] val_Mpos_l=[0.00000, 0.18397, 0.50513, 0.56520, 0.74585, 0.79578] train_valid_l=[0.50794, 0.52496, 0.40835, 0.24731, 0.17043, 0.10061] val_valid_l=[0.50794, 0.52483, 0.40829, 0.24795, 0.17070, 0.10067]
[VALID] step=8 epoch=0.0039 running=4.167687 train_loss=4.125655 val_loss=4.126794 val_acc=0.032962 log_specnorm=61.717447
[CHECKPOINT] saved /mnt/beegfs/2a/mb12724/franc/small-language-modelling/data/slm_TR2_uniform_L6_v1/rhm_transformer_v2_P_65536_seed_rules_1_seed_sample_1_seed_model_1/checkpoints/checkpoint_step_9.pt
[RHM] step=9 train_peeled_loss_l=[2.35552, 1.18084, 0.76243, 0.65000, 0.48701, 0.41765] val_peeled_loss_l=[2.35608, 1.18079, 0.76185, 0.64989, 0.48708, 0.41715]
[RHM] step=9 train_Mpos_l=[0.00000, 0.18540, 0.50352, 0.56279, 0.74476, 0.79486] val_Mpos_l=[0.00000, 0.18428, 0.50394, 0.56334, 0.74616, 0.79608] train_valid_l=[0.50794, 0.52496, 0.40835, 0.24731, 0.17043, 0.10061] val_valid_l=[0.50794, 0.52483, 0.40829, 0.24795, 0.17070, 0.10067]
[VALID] step=9 epoch=0.0044 running=4.140092 train_loss=4.118351 val_loss=4.119758 val_acc=0.032962 log_specnorm=62.248765
[CHECKPOINT] saved /mnt/beegfs/2a/mb12724/franc/small-language-modelling/data/slm_TR2_uniform_L6_v1/rhm_transformer_v2_P_65536_seed_rules_1_seed_sample_1_seed_model_1/checkpoints/checkpoint_step_10.pt
[RHM] step=10 train_peeled_loss_l=[2.39713, 1.18556, 0.76364, 0.65298, 0.48876, 0.41905] val_peeled_loss_l=[2.39760, 1.18546, 0.76288, 0.65305, 0.48872, 0.41943]
[RHM] step=10 train_Mpos_l=[0.00000, 0.15994, 0.49647, 0.56287, 0.74343, 0.79583] val_Mpos_l=[0.00000, 0.15982, 0.49667, 0.56331, 0.74520, 0.79671] train_valid_l=[0.50794, 0.52496, 0.40835, 0.24731, 0.17043, 0.10061] val_valid_l=[0.50794, 0.52483, 0.40829, 0.24795, 0.17070, 0.10067]
[VALID] step=10 epoch=0.0049 running=4.117821 train_loss=4.123733 val_loss=4.124409 val_acc=0.032962 log_specnorm=62.743394
[CHECKPOINT] saved /mnt/beegfs/2a/mb12724/franc/small-language-modelling/data/slm_TR2_uniform_L6_v1/rhm_transformer_v2_P_65536_seed_rules_1_seed_sample_1_seed_model_1/checkpoints/checkpoint_step_11.pt
[RHM] step=11 train_peeled_loss_l=[2.37335, 1.17835, 0.76363, 0.65380, 0.48886, 0.41899] val_peeled_loss_l=[2.37374, 1.17826, 0.76274, 0.65392, 0.48838, 0.41934]
[RHM] step=11 train_Mpos_l=[0.00000, 0.16715, 0.50161, 0.56192, 0.74338, 0.79491] val_Mpos_l=[0.00000, 0.16697, 0.50246, 0.56329, 0.74544, 0.79590] train_valid_l=[0.50794, 0.52496, 0.40835, 0.24731, 0.17043, 0.10061] val_valid_l=[0.50794, 0.52483, 0.40829, 0.24795, 0.17070, 0.10067]
[VALID] step=11 epoch=0.0054 running=4.123220 train_loss=4.120799 val_loss=4.121254 val_acc=0.031388 log_specnorm=63.192472
[CHECKPOINT] saved /mnt/beegfs/2a/mb12724/franc/small-language-modelling/data/slm_TR2_uniform_L6_v1/rhm_transformer_v2_P_65536_seed_rules_1_seed_sample_1_seed_model_1/checkpoints/checkpoint_step_12.pt
[RHM] step=12 train_peeled_loss_l=[2.34873, 1.17106, 0.76498, 0.65462, 0.49063, 0.42002] val_peeled_loss_l=[2.34911, 1.17149, 0.76400, 0.65435, 0.49033, 0.41974]
[RHM] step=12 train_Mpos_l=[0.00000, 0.20537, 0.50515, 0.56297, 0.74131, 0.79223] val_Mpos_l=[0.00000, 0.20452, 0.50586, 0.56415, 0.74267, 0.79356] train_valid_l=[0.50794, 0.52496, 0.40835, 0.24731, 0.17043, 0.10061] val_valid_l=[0.50794, 0.52483, 0.40829, 0.24795, 0.17070, 0.10067]
[VALID] step=12 epoch=0.0059 running=4.116123 train_loss=4.124428 val_loss=4.125090 val_acc=0.031028 log_specnorm=63.577364
[CHECKPOINT] saved /mnt/beegfs/2a/mb12724/franc/small-language-modelling/data/slm_TR2_uniform_L6_v1/rhm_transformer_v2_P_65536_seed_rules_1_seed_sample_1_seed_model_1/checkpoints/checkpoint_step_13.pt
[RHM] step=13 train_peeled_loss_l=[2.42234, 1.19425, 0.76651, 0.65626, 0.49074, 0.42065] val_peeled_loss_l=[2.42294, 1.19463, 0.76562, 0.65638, 0.49061, 0.41986]
[RHM] step=13 train_Mpos_l=[0.00000, 0.16166, 0.49391, 0.56385, 0.74447, 0.79401] val_Mpos_l=[0.00000, 0.16120, 0.49508, 0.56411, 0.74528, 0.79712] train_valid_l=[0.50794, 0.52496, 0.40835, 0.24731, 0.17043, 0.10061] val_valid_l=[0.50794, 0.52483, 0.40829, 0.24795, 0.17070, 0.10067]
[VALID] step=13 epoch=0.0063 running=4.143952 train_loss=4.141649 val_loss=4.142019 val_acc=0.033737 log_specnorm=63.922190
[CHECKPOINT] saved /mnt/beegfs/2a/mb12724/franc/small-language-modelling/data/slm_TR2_uniform_L6_v1/rhm_transformer_v2_P_65536_seed_rules_1_seed_sample_1_seed_model_1/checkpoints/checkpoint_step_14.pt
[RHM] step=14 train_peeled_loss_l=[2.37657, 1.18657, 0.76379, 0.65247, 0.48656, 0.41780] val_peeled_loss_l=[2.37724, 1.18641, 0.76315, 0.65271, 0.48615, 0.41704]
[RHM] step=14 train_Mpos_l=[0.00000, 0.17563, 0.50226, 0.57152, 0.74624, 0.79535] val_Mpos_l=[0.00000, 0.17507, 0.50268, 0.57179, 0.74732, 0.79749] train_valid_l=[0.50794, 0.52496, 0.40835, 0.24731, 0.17043, 0.10061] val_valid_l=[0.50794, 0.52483, 0.40829, 0.24795, 0.17070, 0.10067]
[VALID] step=14 epoch=0.0068 running=4.143988 train_loss=4.126183 val_loss=4.127318 val_acc=0.033161 log_specnorm=64.245008
[CHECKPOINT] saved /mnt/beegfs/2a/mb12724/franc/small-language-modelling/data/slm_TR2_uniform_L6_v1/rhm_transformer_v2_P_65536_seed_rules_1_seed_sample_1_seed_model_1/checkpoints/checkpoint_step_15.pt
[RHM] step=15 train_peeled_loss_l=[2.36030, 1.18139, 0.76325, 0.65164, 0.48670, 0.41739] val_peeled_loss_l=[2.36098, 1.18142, 0.76274, 0.65171, 0.48636, 0.41725]
[RHM] step=15 train_Mpos_l=[0.00000, 0.17278, 0.50032, 0.56731, 0.74688, 0.79635] val_Mpos_l=[0.00000, 0.17216, 0.50034, 0.56777, 0.74796, 0.79850] train_valid_l=[0.50794, 0.52496, 0.40835, 0.24731, 0.17043, 0.10061] val_valid_l=[0.50794, 0.52483, 0.40829, 0.24795, 0.17070, 0.10067]
[VALID] step=15 epoch=0.0073 running=4.145597 train_loss=4.114794 val_loss=4.116248 val_acc=0.033737 log_specnorm=64.528313
[CHECKPOINT] saved /mnt/beegfs/2a/mb12724/franc/small-language-modelling/data/slm_TR2_uniform_L6_v1/rhm_transformer_v2_P_65536_seed_rules_1_seed_sample_1_seed_model_1/checkpoints/checkpoint_step_16.pt
[RHM] step=16 train_peeled_loss_l=[2.36125, 1.17752, 0.76342, 0.65185, 0.48811, 0.41828] val_peeled_loss_l=[2.36181, 1.17781, 0.76294, 0.65177, 0.48792, 0.41839]
[RHM] step=16 train_Mpos_l=[0.00000, 0.18098, 0.50059, 0.56183, 0.74342, 0.79407] val_Mpos_l=[0.00000, 0.17951, 0.50111, 0.56193, 0.74476, 0.79465] train_valid_l=[0.50794, 0.52496, 0.40835, 0.24731, 0.17043, 0.10061] val_valid_l=[0.50794, 0.52483, 0.40829, 0.24795, 0.17070, 0.10067]
[VALID] step=16 epoch=0.0078 running=4.101390 train_loss=4.117440 val_loss=4.118978 val_acc=0.033737 log_specnorm=64.785695
[CHECKPOINT] saved /mnt/beegfs/2a/mb12724/franc/small-language-modelling/data/slm_TR2_uniform_L6_v1/rhm_transformer_v2_P_65536_seed_rules_1_seed_sample_1_seed_model_1/checkpoints/checkpoint_step_17.pt
[RHM] step=17 train_peeled_loss_l=[2.37584, 1.17553, 0.76187, 0.65127, 0.48723, 0.41806] val_peeled_loss_l=[2.37631, 1.17549, 0.76135, 0.65147, 0.48696, 0.41832]
[RHM] step=17 train_Mpos_l=[0.00000, 0.17293, 0.49891, 0.56168, 0.74351, 0.79462] val_Mpos_l=[0.00000, 0.17243, 0.49985, 0.56149, 0.74459, 0.79626] train_valid_l=[0.50794, 0.52496, 0.40835, 0.24731, 0.17043, 0.10061] val_valid_l=[0.50794, 0.52483, 0.40829, 0.24795, 0.17070, 0.10067]
[VALID] step=17 epoch=0.0083 running=4.117896 train_loss=4.113818 val_loss=4.114893 val_acc=0.033737 log_specnorm=65.025215
[CHECKPOINT] saved /mnt/beegfs/2a/mb12724/franc/small-language-modelling/data/slm_TR2_uniform_L6_v1/rhm_transformer_v2_P_65536_seed_rules_1_seed_sample_1_seed_model_1/checkpoints/checkpoint_step_18.pt
[RHM] step=18 train_peeled_loss_l=[2.36376, 1.17178, 0.76165, 0.65074, 0.48675, 0.41790] val_peeled_loss_l=[2.36410, 1.17160, 0.76095, 0.65099, 0.48638, 0.41792]
[RHM] step=18 train_Mpos_l=[0.00000, 0.17862, 0.50207, 0.56355, 0.74306, 0.79416] val_Mpos_l=[0.00000, 0.17811, 0.50287, 0.56407, 0.74372, 0.79500] train_valid_l=[0.50794, 0.52496, 0.40835, 0.24731, 0.17043, 0.10061] val_valid_l=[0.50794, 0.52483, 0.40829, 0.24795, 0.17070, 0.10067]
[VALID] step=18 epoch=0.0088 running=4.097543 train_loss=4.116187 val_loss=4.117056 val_acc=0.033737 log_specnorm=65.245063
[CHECKPOINT] saved /mnt/beegfs/2a/mb12724/franc/small-language-modelling/data/slm_TR2_uniform_L6_v1/rhm_transformer_v2_P_65536_seed_rules_1_seed_sample_1_seed_model_1/checkpoints/checkpoint_step_19.pt
[RHM] step=19 train_peeled_loss_l=[2.37319, 1.17670, 0.76002, 0.65086, 0.48731, 0.41766] val_peeled_loss_l=[2.37351, 1.17696, 0.75905, 0.65080, 0.48707, 0.41733]
[RHM] step=19 train_Mpos_l=[0.00000, 0.17171, 0.50358, 0.56159, 0.74423, 0.79613] val_Mpos_l=[0.00000, 0.17123, 0.50410, 0.56206, 0.74504, 0.79741] train_valid_l=[0.50794, 0.52496, 0.40835, 0.24731, 0.17043, 0.10061] val_valid_l=[0.50794, 0.52483, 0.40829, 0.24795, 0.17070, 0.10067]
[VALID] step=19 epoch=0.0093 running=4.119667 train_loss=4.107509 val_loss=4.108024 val_acc=0.033737 log_specnorm=65.436233
[CHECKPOINT] saved /mnt/beegfs/2a/mb12724/franc/small-language-modelling/data/slm_TR2_uniform_L6_v1/rhm_transformer_v2_P_65536_seed_rules_1_seed_sample_1_seed_model_1/checkpoints/checkpoint_step_20.pt
[RHM] step=20 train_peeled_loss_l=[2.39452, 1.18684, 0.76136, 0.65294, 0.48836, 0.41851] val_peeled_loss_l=[2.39510, 1.18717, 0.76029, 0.65284, 0.48813, 0.41773]
[RHM] step=20 train_Mpos_l=[0.00000, 0.16821, 0.50404, 0.56559, 0.74690, 0.79677] val_Mpos_l=[0.00000, 0.16798, 0.50516, 0.56584, 0.74688, 0.79914] train_valid_l=[0.50794, 0.52496, 0.40835, 0.24731, 0.17043, 0.10061] val_valid_l=[0.50794, 0.52483, 0.40829, 0.24795, 0.17070, 0.10067]
[VALID] step=20 epoch=0.0098 running=4.116661 train_loss=4.117211 val_loss=4.117527 val_acc=0.033737 log_specnorm=65.612849
[CHECKPOINT] saved /mnt/beegfs/2a/mb12724/franc/small-language-modelling/data/slm_TR2_uniform_L6_v1/rhm_transformer_v2_P_65536_seed_rules_1_seed_sample_1_seed_model_1/checkpoints/checkpoint_step_21.pt
[RHM] step=21 train_peeled_loss_l=[2.35125, 1.18153, 0.76314, 0.65223, 0.48737, 0.41816] val_peeled_loss_l=[2.35188, 1.18149, 0.76231, 0.65229, 0.48690, 0.41720]
[RHM] step=21 train_Mpos_l=[0.00000, 0.19165, 0.50433, 0.56929, 0.74645, 0.79577] val_Mpos_l=[0.00000, 0.19076, 0.50449, 0.57005, 0.74852, 0.79737] train_valid_l=[0.50794, 0.52496, 0.40835, 0.24731, 0.17043, 0.10061] val_valid_l=[0.50794, 0.52483, 0.40829, 0.24795, 0.17070, 0.10067]
[VALID] step=21 epoch=0.0103 running=4.114698 train_loss=4.124898 val_loss=4.125884 val_acc=0.033737 log_specnorm=65.782119
[CHECKPOINT] saved /mnt/beegfs/2a/mb12724/franc/small-language-modelling/data/slm_TR2_uniform_L6_v1/rhm_transformer_v2_P_65536_seed_rules_1_seed_sample_1_seed_model_1/checkpoints/checkpoint_step_22.pt
[RHM] step=22 train_peeled_loss_l=[2.35515, 1.18047, 0.76262, 0.65046, 0.48613, 0.41759] val_peeled_loss_l=[2.35583, 1.18038, 0.76209, 0.65060, 0.48600, 0.41681]
[RHM] step=22 train_Mpos_l=[0.00000, 0.18771, 0.49970, 0.56835, 0.74684, 0.79569] val_Mpos_l=[0.00000, 0.18652, 0.49980, 0.56905, 0.74851, 0.79811] train_valid_l=[0.50794, 0.52496, 0.40835, 0.24731, 0.17043, 0.10061] val_valid_l=[0.50794, 0.52483, 0.40829, 0.24795, 0.17070, 0.10067]
[VALID] step=22 epoch=0.0107 running=4.127726 train_loss=4.111600 val_loss=4.112812 val_acc=0.033737 log_specnorm=65.923204
[CHECKPOINT] saved /mnt/beegfs/2a/mb12724/franc/small-language-modelling/data/slm_TR2_uniform_L6_v1/rhm_transformer_v2_P_65536_seed_rules_1_seed_sample_1_seed_model_1/checkpoints/checkpoint_step_23.pt
[RHM] step=23 train_peeled_loss_l=[2.38037, 1.18863, 0.76415, 0.65177, 0.48719, 0.41872] val_peeled_loss_l=[2.38118, 1.18841, 0.76374, 0.65195, 0.48730, 0.41822]
[RHM] step=23 train_Mpos_l=[0.00000, 0.17249, 0.49702, 0.56467, 0.74512, 0.79760] val_Mpos_l=[0.00000, 0.17219, 0.49703, 0.56494, 0.74665, 0.79992] train_valid_l=[0.50794, 0.52496, 0.40835, 0.24731, 0.17043, 0.10061] val_valid_l=[0.50794, 0.52483, 0.40829, 0.24795, 0.17070, 0.10067]
[VALID] step=23 epoch=0.0112 running=4.109555 train_loss=4.117962 val_loss=4.119120 val_acc=0.033767 log_specnorm=66.051624
[CHECKPOINT] saved /mnt/beegfs/2a/mb12724/franc/small-language-modelling/data/slm_TR2_uniform_L6_v1/rhm_transformer_v2_P_65536_seed_rules_1_seed_sample_1_seed_model_1/checkpoints/checkpoint_step_24.pt
[RHM] step=24 train_peeled_loss_l=[2.35390, 1.17744, 0.76264, 0.65081, 0.48705, 0.41802] val_peeled_loss_l=[2.35461, 1.17732, 0.76215, 0.65092, 0.48681, 0.41799]
[RHM] step=24 train_Mpos_l=[0.00000, 0.18836, 0.49633, 0.56151, 0.74264, 0.79405] val_Mpos_l=[0.00000, 0.18757, 0.49716, 0.56118, 0.74464, 0.79490] train_valid_l=[0.50794, 0.52496, 0.40835, 0.24731, 0.17043, 0.10061] val_valid_l=[0.50794, 0.52483, 0.40829, 0.24795, 0.17070, 0.10067]
[VALID] step=24 epoch=0.0117 running=4.111963 train_loss=4.109791 val_loss=4.111139 val_acc=0.033737 log_specnorm=66.175713
[CHECKPOINT] saved /mnt/beegfs/2a/mb12724/franc/small-language-modelling/data/slm_TR2_uniform_L6_v1/rhm_transformer_v2_P_65536_seed_rules_1_seed_sample_1_seed_model_1/checkpoints/checkpoint_step_25.pt
[RHM] step=25 train_peeled_loss_l=[2.35117, 1.17558, 0.76415, 0.65333, 0.48880, 0.41879] val_peeled_loss_l=[2.35162, 1.17562, 0.76349, 0.65357, 0.48819, 0.41949]
[RHM] step=25 train_Mpos_l=[0.00000, 0.18385, 0.50347, 0.56221, 0.74219, 0.79333] val_Mpos_l=[0.00000, 0.18282, 0.50427, 0.56248, 0.74387, 0.79393] train_valid_l=[0.50794, 0.52496, 0.40835, 0.24731, 0.17043, 0.10061] val_valid_l=[0.50794, 0.52483, 0.40829, 0.24795, 0.17070, 0.10067]
[VALID] step=25 epoch=0.0122 running=4.113938 train_loss=4.114637 val_loss=4.115643 val_acc=0.033737 log_specnorm=66.292454
[CHECKPOINT] saved /mnt/beegfs/2a/mb12724/franc/small-language-modelling/data/slm_TR2_uniform_L6_v1/rhm_transformer_v2_P_65536_seed_rules_1_seed_sample_1_seed_model_1/checkpoints/checkpoint_step_26.pt
[RHM] step=26 train_peeled_loss_l=[2.37724, 1.17842, 0.76192, 0.65243, 0.48875, 0.41809] val_peeled_loss_l=[2.37780, 1.17879, 0.76102, 0.65228, 0.48840, 0.41835]
[RHM] step=26 train_Mpos_l=[0.00000, 0.16643, 0.49924, 0.56074, 0.74261, 0.79539] val_Mpos_l=[0.00000, 0.16612, 0.50012, 0.56127, 0.74387, 0.79660] train_valid_l=[0.50794, 0.52496, 0.40835, 0.24731, 0.17043, 0.10061] val_valid_l=[0.50794, 0.52483, 0.40829, 0.24795, 0.17070, 0.10067]
[VALID] step=26 epoch=0.0127 running=4.122646 train_loss=4.108130 val_loss=4.108774 val_acc=0.033737 log_specnorm=66.385692
[CHECKPOINT] saved /mnt/beegfs/2a/mb12724/franc/small-language-modelling/data/slm_TR2_uniform_L6_v1/rhm_transformer_v2_P_65536_seed_rules_1_seed_sample_1_seed_model_1/checkpoints/checkpoint_step_27.pt
[RHM] step=27 train_peeled_loss_l=[2.38630, 1.18250, 0.76233, 0.65298, 0.48936, 0.41865] val_peeled_loss_l=[2.38694, 1.18291, 0.76131, 0.65263, 0.48920, 0.41838]
[RHM] step=27 train_Mpos_l=[0.00000, 0.16670, 0.50158, 0.56107, 0.74637, 0.79682] val_Mpos_l=[0.00000, 0.16630, 0.50224, 0.56170, 0.74720, 0.79808] train_valid_l=[0.50794, 0.52496, 0.40835, 0.24731, 0.17043, 0.10061] val_valid_l=[0.50794, 0.52483, 0.40829, 0.24795, 0.17070, 0.10067]
[VALID] step=27 epoch=0.0132 running=4.113341 train_loss=4.113090 val_loss=4.113512 val_acc=0.032962 log_specnorm=66.473621
[CHECKPOINT] saved /mnt/beegfs/2a/mb12724/franc/small-language-modelling/data/slm_TR2_uniform_L6_v1/rhm_transformer_v2_P_65536_seed_rules_1_seed_sample_1_seed_model_1/checkpoints/checkpoint_step_28.pt
[RHM] step=28 train_peeled_loss_l=[2.34942, 1.17612, 0.76102, 0.65016, 0.48710, 0.41733] val_peeled_loss_l=[2.35011, 1.17623, 0.76003, 0.64982, 0.48675, 0.41671]
[RHM] step=28 train_Mpos_l=[0.00000, 0.19151, 0.50298, 0.56415, 0.74624, 0.79568] val_Mpos_l=[0.00000, 0.19045, 0.50427, 0.56544, 0.74764, 0.79734] train_valid_l=[0.50794, 0.52496, 0.40835, 0.24731, 0.17043, 0.10061] val_valid_l=[0.50794, 0.52483, 0.40829, 0.24795, 0.17070, 0.10067]
[VALID] step=28 epoch=0.0137 running=4.111009 train_loss=4.107366 val_loss=4.108174 val_acc=0.032962 log_specnorm=66.560943
[CHECKPOINT] saved /mnt/beegfs/2a/mb12724/franc/small-language-modelling/data/slm_TR2_uniform_L6_v1/rhm_transformer_v2_P_65536_seed_rules_1_seed_sample_1_seed_model_1/checkpoints/checkpoint_step_29.pt
[RHM] step=29 train_peeled_loss_l=[2.35810, 1.17720, 0.76194, 0.65037, 0.48577, 0.41680] val_peeled_loss_l=[2.35877, 1.17714, 0.76114, 0.65052, 0.48523, 0.41661]
[RHM] step=29 train_Mpos_l=[0.00000, 0.17424, 0.50478, 0.56891, 0.74741, 0.79769] val_Mpos_l=[0.00000, 0.17383, 0.50446, 0.56967, 0.74881, 0.80013] train_valid_l=[0.50794, 0.52496, 0.40835, 0.24731, 0.17043, 0.10061] val_valid_l=[0.50794, 0.52483, 0.40829, 0.24795, 0.17070, 0.10067]
[VALID] step=29 epoch=0.0142 running=4.125059 train_loss=4.107776 val_loss=4.108489 val_acc=0.032962 log_specnorm=66.639159
[CHECKPOINT] saved /mnt/beegfs/2a/mb12724/franc/small-language-modelling/data/slm_TR2_uniform_L6_v1/rhm_transformer_v2_P_65536_seed_rules_1_seed_sample_1_seed_model_1/checkpoints/checkpoint_step_30.pt
[RHM] step=30 train_peeled_loss_l=[2.35890, 1.17571, 0.76100, 0.64998, 0.48586, 0.41646] val_peeled_loss_l=[2.35952, 1.17584, 0.76038, 0.65020, 0.48545, 0.41626]
[RHM] step=30 train_Mpos_l=[0.00000, 0.17374, 0.50225, 0.56784, 0.74724, 0.79890] val_Mpos_l=[0.00000, 0.17321, 0.50212, 0.56753, 0.74834, 0.80061] train_valid_l=[0.50794, 0.52496, 0.40835, 0.24731, 0.17043, 0.10061] val_valid_l=[0.50794, 0.52483, 0.40829, 0.24795, 0.17070, 0.10067]
[VALID] step=30 epoch=0.0146 running=4.100199 train_loss=4.105243 val_loss=4.106170 val_acc=0.034034 log_specnorm=66.699797
[CHECKPOINT] saved /mnt/beegfs/2a/mb12724/franc/small-language-modelling/data/slm_TR2_uniform_L6_v1/rhm_transformer_v2_P_65536_seed_rules_1_seed_sample_1_seed_model_1/checkpoints/checkpoint_step_33.pt
[RHM] step=33 train_peeled_loss_l=[2.34786, 1.17724, 0.76210, 0.65132, 0.48709, 0.41771] val_peeled_loss_l=[2.34820, 1.17705, 0.76153, 0.65157, 0.48688, 0.41786]
[RHM] step=33 train_Mpos_l=[0.00000, 0.18462, 0.50167, 0.56306, 0.74314, 0.79529] val_Mpos_l=[0.00000, 0.18368, 0.50200, 0.56387, 0.74443, 0.79572] train_valid_l=[0.50794, 0.52496, 0.40835, 0.24731, 0.17043, 0.10061] val_valid_l=[0.50794, 0.52483, 0.40829, 0.24795, 0.17070, 0.10067]
[VALID] step=33 epoch=0.0161 running=4.097089 train_loss=4.102866 val_loss=4.103911 val_acc=0.033649 log_specnorm=66.871583
[CHECKPOINT] saved /mnt/beegfs/2a/mb12724/franc/small-language-modelling/data/slm_TR2_uniform_L6_v1/rhm_transformer_v2_P_65536_seed_rules_1_seed_sample_1_seed_model_1/checkpoints/checkpoint_step_37.pt
[RHM] step=37 train_peeled_loss_l=[2.33880, 1.17090, 0.76080, 0.64953, 0.48701, 0.41727] val_peeled_loss_l=[2.33928, 1.17111, 0.75990, 0.64895, 0.48677, 0.41659]
[RHM] step=37 train_Mpos_l=[0.00000, 0.20584, 0.50956, 0.56552, 0.74509, 0.79422] val_Mpos_l=[0.00000, 0.20487, 0.51017, 0.56695, 0.74565, 0.79592] train_valid_l=[0.50794, 0.52496, 0.40835, 0.24731, 0.17043, 0.10061] val_valid_l=[0.50794, 0.52483, 0.40829, 0.24795, 0.17070, 0.10067]
[VALID] step=37 epoch=0.0181 running=4.090998 train_loss=4.110554 val_loss=4.111780 val_acc=0.038092 log_specnorm=67.038297
[CHECKPOINT] saved /mnt/beegfs/2a/mb12724/franc/small-language-modelling/data/slm_TR2_uniform_L6_v1/rhm_transformer_v2_P_65536_seed_rules_1_seed_sample_1_seed_model_1/checkpoints/checkpoint_step_41.pt
[RHM] step=41 train_peeled_loss_l=[2.32644, 1.17585, 0.76159, 0.64978, 0.48675, 0.41680] val_peeled_loss_l=[2.32722, 1.17584, 0.76099, 0.65029, 0.48635, 0.41679]
[RHM] step=41 train_Mpos_l=[0.00000, 0.17050, 0.50315, 0.56785, 0.74706, 0.79717] val_Mpos_l=[0.00000, 0.17016, 0.50279, 0.56756, 0.74869, 0.79786] train_valid_l=[0.50794, 0.52496, 0.40835, 0.24731, 0.17043, 0.10061] val_valid_l=[0.50794, 0.52483, 0.40829, 0.24795, 0.17070, 0.10067]
[VALID] step=41 epoch=0.0200 running=4.096740 train_loss=4.088791 val_loss=4.090026 val_acc=0.032962 log_specnorm=67.199901
[CHECKPOINT] saved /mnt/beegfs/2a/mb12724/franc/small-language-modelling/data/slm_TR2_uniform_L6_v1/rhm_transformer_v2_P_65536_seed_rules_1_seed_sample_1_seed_model_1/checkpoints/checkpoint_step_46.pt
[RHM] step=46 train_peeled_loss_l=[2.28604, 1.18604, 0.76304, 0.65555, 0.48960, 0.41989] val_peeled_loss_l=[2.28631, 1.18621, 0.76274, 0.65594, 0.48981, 0.41989]
[RHM] step=46 train_Mpos_l=[0.00000, 0.16295, 0.50522, 0.56596, 0.74833, 0.79742] val_Mpos_l=[0.00000, 0.16243, 0.50529, 0.56538, 0.74870, 0.79864] train_valid_l=[0.50794, 0.52496, 0.40835, 0.24731, 0.17043, 0.10061] val_valid_l=[0.50794, 0.52483, 0.40829, 0.24795, 0.17070, 0.10067]
[VALID] step=46 epoch=0.0225 running=4.084376 train_loss=4.070212 val_loss=4.070694 val_acc=0.050587 log_specnorm=67.503157
[CHECKPOINT] saved /mnt/beegfs/2a/mb12724/franc/small-language-modelling/data/slm_TR2_uniform_L6_v1/rhm_transformer_v2_P_65536_seed_rules_1_seed_sample_1_seed_model_1/checkpoints/checkpoint_step_52.pt
[RHM] step=52 train_peeled_loss_l=[2.03610, 1.16087, 0.76167, 0.65111, 0.48635, 0.41771] val_peeled_loss_l=[2.03588, 1.16111, 0.76141, 0.65197, 0.48705, 0.41730]
[RHM] step=52 train_Mpos_l=[0.00000, 0.21095, 0.51224, 0.57285, 0.74662, 0.79630] val_Mpos_l=[0.00000, 0.21048, 0.51260, 0.57244, 0.74764, 0.79787] train_valid_l=[0.50794, 0.52496, 0.40835, 0.24731, 0.17043, 0.10061] val_valid_l=[0.50794, 0.52483, 0.40829, 0.24795, 0.17070, 0.10067]
[VALID] step=52 epoch=0.0254 running=4.004251 train_loss=3.975990 val_loss=3.976663 val_acc=0.056230 log_specnorm=68.041848
[CHECKPOINT] saved /mnt/beegfs/2a/mb12724/franc/small-language-modelling/data/slm_TR2_uniform_L6_v1/rhm_transformer_v2_P_65536_seed_rules_1_seed_sample_1_seed_model_1/checkpoints/checkpoint_step_59.pt
[RHM] step=59 train_peeled_loss_l=[1.46263, 1.19761, 0.78645, 0.67010, 0.50337, 0.43083] val_peeled_loss_l=[1.46119, 1.19910, 0.78572, 0.67137, 0.50416, 0.43177]
[RHM] step=59 train_Mpos_l=[0.08057, 0.23122, 0.51736, 0.57395, 0.74475, 0.78989] val_Mpos_l=[0.08100, 0.22974, 0.51802, 0.57325, 0.74446, 0.78977] train_valid_l=[0.50794, 0.52496, 0.40835, 0.24731, 0.17043, 0.10061] val_valid_l=[0.50794, 0.52483, 0.40829, 0.24795, 0.17070, 0.10067]
[VALID] step=59 epoch=0.0288 running=3.838130 train_loss=3.767331 val_loss=3.766275 val_acc=0.088362 log_specnorm=68.613483
[CHECKPOINT] saved /mnt/beegfs/2a/mb12724/franc/small-language-modelling/data/slm_TR2_uniform_L6_v1/rhm_transformer_v2_P_65536_seed_rules_1_seed_sample_1_seed_model_1/checkpoints/checkpoint_step_66.pt
[RHM] step=66 train_peeled_loss_l=[0.85843, 1.18339, 0.78253, 0.66993, 0.50021, 0.42774] val_peeled_loss_l=[0.85757, 1.18363, 0.78274, 0.67153, 0.50186, 0.42960]
[RHM] step=66 train_Mpos_l=[0.41252, 0.28124, 0.52788, 0.58631, 0.75041, 0.79105] val_Mpos_l=[0.41382, 0.27996, 0.52697, 0.58399, 0.74888, 0.79158] train_valid_l=[0.50794, 0.52496, 0.40835, 0.24731, 0.17043, 0.10061] val_valid_l=[0.50794, 0.52483, 0.40829, 0.24795, 0.17070, 0.10067]
[VALID] step=66 epoch=0.0322 running=3.531965 train_loss=3.502380 val_loss=3.500900 val_acc=0.123005 log_specnorm=69.073472
[CHECKPOINT] saved /mnt/beegfs/2a/mb12724/franc/small-language-modelling/data/slm_TR2_uniform_L6_v1/rhm_transformer_v2_P_65536_seed_rules_1_seed_sample_1_seed_model_1/checkpoints/checkpoint_step_74.pt
[RHM] step=74 train_peeled_loss_l=[0.37770, 1.27474, 0.81418, 0.70387, 0.52672, 0.44415] val_peeled_loss_l=[0.37718, 1.27326, 0.81229, 0.70556, 0.52732, 0.44462]
[RHM] step=74 train_Mpos_l=[0.86522, 0.25554, 0.52706, 0.57212, 0.74562, 0.78750] val_Mpos_l=[0.86622, 0.25420, 0.52727, 0.57015, 0.74480, 0.78820] train_valid_l=[0.50794, 0.52496, 0.40835, 0.24731, 0.17043, 0.10061] val_valid_l=[0.50794, 0.52483, 0.40829, 0.24795, 0.17070, 0.10067]
[VALID] step=74 epoch=0.0361 running=3.363420 train_loss=3.313581 val_loss=3.313044 val_acc=0.128653 log_specnorm=69.709783
[CHECKPOINT] saved /mnt/beegfs/2a/mb12724/franc/small-language-modelling/data/slm_TR2_uniform_L6_v1/rhm_transformer_v2_P_65536_seed_rules_1_seed_sample_1_seed_model_1/checkpoints/checkpoint_step_83.pt
[RHM] step=83 train_peeled_loss_l=[0.22036, 1.20434, 0.77461, 0.66488, 0.49345, 0.42135] val_peeled_loss_l=[0.22012, 1.20261, 0.77216, 0.66548, 0.49440, 0.42005]
[RHM] step=83 train_Mpos_l=[0.98587, 0.25369, 0.52577, 0.57897, 0.75223, 0.79766] val_Mpos_l=[0.98606, 0.25332, 0.52667, 0.57879, 0.75215, 0.79883] train_valid_l=[0.50794, 0.52496, 0.40835, 0.24731, 0.17043, 0.10061] val_valid_l=[0.50794, 0.52483, 0.40829, 0.24795, 0.17070, 0.10067]
[VALID] step=83 epoch=0.0405 running=3.103940 train_loss=3.112585 val_loss=3.111918 val_acc=0.138044 log_specnorm=70.380359
[CHECKPOINT] saved /mnt/beegfs/2a/mb12724/franc/small-language-modelling/data/slm_TR2_uniform_L6_v1/rhm_transformer_v2_P_65536_seed_rules_1_seed_sample_1_seed_model_1/checkpoints/checkpoint_step_93.pt
[RHM] step=93 train_peeled_loss_l=[0.11715, 1.19890, 0.76592, 0.66592, 0.49395, 0.42324] val_peeled_loss_l=[0.11688, 1.19882, 0.76547, 0.66639, 0.49420, 0.42223]
[RHM] step=93 train_Mpos_l=[0.99910, 0.24018, 0.52433, 0.56950, 0.74788, 0.79383] val_Mpos_l=[0.99917, 0.23913, 0.52503, 0.56902, 0.74859, 0.79463] train_valid_l=[0.50794, 0.52496, 0.40835, 0.24731, 0.17043, 0.10061] val_valid_l=[0.50794, 0.52483, 0.40829, 0.24795, 0.17070, 0.10067]
[VALID] step=93 epoch=0.0454 running=3.047810 train_loss=3.023122 val_loss=3.023317 val_acc=0.136729 log_specnorm=71.173885
[TRAIN] step=100/100000 epoch=0.0488 loss=2.987271 dt=40.24ms
[CHECKPOINT] saved /mnt/beegfs/2a/mb12724/franc/small-language-modelling/data/slm_TR2_uniform_L6_v1/rhm_transformer_v2_P_65536_seed_rules_1_seed_sample_1_seed_model_1/checkpoints/checkpoint_step_105.pt
[RHM] step=105 train_peeled_loss_l=[0.08302, 1.15146, 0.76444, 0.65641, 0.49086, 0.41842] val_peeled_loss_l=[0.08300, 1.15024, 0.76234, 0.65570, 0.49123, 0.41813]
[RHM] step=105 train_Mpos_l=[0.99998, 0.24030, 0.52318, 0.57702, 0.74811, 0.79509] val_Mpos_l=[0.99999, 0.23921, 0.52447, 0.57783, 0.74709, 0.79777] train_valid_l=[0.50794, 0.52496, 0.40835, 0.24731, 0.17043, 0.10061] val_valid_l=[0.50794, 0.52483, 0.40829, 0.24795, 0.17070, 0.10067]
[VALID] step=105 epoch=0.0513 running=2.961785 train_loss=2.978673 val_loss=2.978226 val_acc=0.134393 log_specnorm=72.053053
[CHECKPOINT] saved /mnt/beegfs/2a/mb12724/franc/small-language-modelling/data/slm_TR2_uniform_L6_v1/rhm_transformer_v2_P_65536_seed_rules_1_seed_sample_1_seed_model_1/checkpoints/checkpoint_step_118.pt
[RHM] step=118 train_peeled_loss_l=[0.06325, 1.15055, 0.75889, 0.65418, 0.48845, 0.41803] val_peeled_loss_l=[0.06309, 1.15071, 0.75791, 0.65470, 0.48844, 0.41951]
[RHM] step=118 train_Mpos_l=[1.00000, 0.24427, 0.51919, 0.57549, 0.74859, 0.79572] val_Mpos_l=[1.00000, 0.24344, 0.51959, 0.57494, 0.74962, 0.79670] train_valid_l=[0.50794, 0.52496, 0.40835, 0.24731, 0.17043, 0.10061] val_valid_l=[0.50794, 0.52483, 0.40829, 0.24795, 0.17070, 0.10067]
[VALID] step=118 epoch=0.0576 running=2.975656 train_loss=2.962836 val_loss=2.962468 val_acc=0.137199 log_specnorm=72.684601
[CHECKPOINT] saved /mnt/beegfs/2a/mb12724/franc/small-language-modelling/data/slm_TR2_uniform_L6_v1/rhm_transformer_v2_P_65536_seed_rules_1_seed_sample_1_seed_model_1/checkpoints/checkpoint_step_132.pt
[RHM] step=132 train_peeled_loss_l=[0.05799, 1.16107, 0.75633, 0.65613, 0.48901, 0.41876] val_peeled_loss_l=[0.05793, 1.15973, 0.75535, 0.65653, 0.48916, 0.41787]
[RHM] step=132 train_Mpos_l=[1.00000, 0.24581, 0.51987, 0.57310, 0.74794, 0.79426] val_Mpos_l=[1.00000, 0.24512, 0.51981, 0.57228, 0.74834, 0.79603] train_valid_l=[0.50794, 0.52496, 0.40835, 0.24731, 0.17043, 0.10061] val_valid_l=[0.50794, 0.52483, 0.40829, 0.24795, 0.17070, 0.10067]
[VALID] step=132 epoch=0.0645 running=2.953440 train_loss=2.963055 val_loss=2.961644 val_acc=0.137857 log_specnorm=73.130833
[CHECKPOINT] saved /mnt/beegfs/2a/mb12724/franc/small-language-modelling/data/slm_TR2_uniform_L6_v1/rhm_transformer_v2_P_65536_seed_rules_1_seed_sample_1_seed_model_1/checkpoints/checkpoint_step_148.pt
[RHM] step=148 train_peeled_loss_l=[0.04812, 1.13262, 0.76062, 0.65165, 0.48545, 0.41665] val_peeled_loss_l=[0.04802, 1.13280, 0.75972, 0.65302, 0.48595, 0.41744]
[RHM] step=148 train_Mpos_l=[1.00000, 0.25881, 0.52083, 0.57792, 0.75079, 0.79492] val_Mpos_l=[1.00000, 0.25736, 0.52022, 0.57667, 0.75102, 0.79745] train_valid_l=[0.50794, 0.52496, 0.40835, 0.24731, 0.17043, 0.10061] val_valid_l=[0.50794, 0.52483, 0.40829, 0.24795, 0.17070, 0.10067]
[VALID] step=148 epoch=0.0723 running=2.917388 train_loss=2.935493 val_loss=2.934921 val_acc=0.142496 log_specnorm=73.466628
[CHECKPOINT] saved /mnt/beegfs/2a/mb12724/franc/small-language-modelling/data/slm_TR2_uniform_L6_v1/rhm_transformer_v2_P_65536_seed_rules_1_seed_sample_1_seed_model_1/checkpoints/checkpoint_step_167.pt
[RHM] step=167 train_peeled_loss_l=[0.04534, 1.11416, 0.74372, 0.64653, 0.47927, 0.41081] val_peeled_loss_l=[0.04531, 1.11425, 0.74317, 0.64652, 0.47971, 0.41160]
[RHM] step=167 train_Mpos_l=[0.99999, 0.26230, 0.52793, 0.57825, 0.75305, 0.79993] val_Mpos_l=[1.00000, 0.26158, 0.52839, 0.57728, 0.75389, 0.80018] train_valid_l=[0.50794, 0.52496, 0.40835, 0.24731, 0.17043, 0.10061] val_valid_l=[0.50794, 0.52483, 0.40829, 0.24795, 0.17070, 0.10067]
[VALID] step=167 epoch=0.0815 running=2.936463 train_loss=2.915015 val_loss=2.913884 val_acc=0.143672 log_specnorm=73.912426
[CHECKPOINT] saved /mnt/beegfs/2a/mb12724/franc/small-language-modelling/data/slm_TR2_uniform_L6_v1/rhm_transformer_v2_P_65536_seed_rules_1_seed_sample_1_seed_model_1/checkpoints/checkpoint_step_187.pt
[RHM] step=187 train_peeled_loss_l=[0.03688, 1.11803, 0.74023, 0.64620, 0.48137, 0.41265] val_peeled_loss_l=[0.03687, 1.11923, 0.73913, 0.64613, 0.48085, 0.41282]
[RHM] step=187 train_Mpos_l=[1.00000, 0.24999, 0.52808, 0.57680, 0.75314, 0.79799] val_Mpos_l=[1.00000, 0.24863, 0.52834, 0.57594, 0.75363, 0.80027] train_valid_l=[0.50794, 0.52496, 0.40835, 0.24731, 0.17043, 0.10061] val_valid_l=[0.50794, 0.52483, 0.40829, 0.24795, 0.17070, 0.10067]
[VALID] step=187 epoch=0.0913 running=2.891672 train_loss=2.895091 val_loss=2.894303 val_acc=0.153111 log_specnorm=74.249908
[TRAIN] step=200/100000 epoch=0.0977 loss=2.922967 dt=35.39ms
[CHECKPOINT] saved /mnt/beegfs/2a/mb12724/franc/small-language-modelling/data/slm_TR2_uniform_L6_v1/rhm_transformer_v2_P_65536_seed_rules_1_seed_sample_1_seed_model_1/checkpoints/checkpoint_step_210.pt
[RHM] step=210 train_peeled_loss_l=[0.03463, 1.11921, 0.73300, 0.64202, 0.47774, 0.40949] val_peeled_loss_l=[0.03461, 1.11884, 0.73289, 0.64271, 0.47765, 0.41026]
[RHM] step=210 train_Mpos_l=[1.00000, 0.26128, 0.53815, 0.58526, 0.75415, 0.80121] val_Mpos_l=[1.00000, 0.26093, 0.53845, 0.58452, 0.75529, 0.80152] train_valid_l=[0.50794, 0.52496, 0.40835, 0.24731, 0.17043, 0.10061] val_valid_l=[0.50794, 0.52483, 0.40829, 0.24795, 0.17070, 0.10067]
[VALID] step=210 epoch=0.1025 running=2.890800 train_loss=2.904043 val_loss=2.903254 val_acc=0.152890 log_specnorm=74.706449
[CHECKPOINT] saved /mnt/beegfs/2a/mb12724/franc/small-language-modelling/data/slm_TR2_uniform_L6_v1/rhm_transformer_v2_P_65536_seed_rules_1_seed_sample_1_seed_model_1/checkpoints/checkpoint_step_236.pt
[RHM] step=236 train_peeled_loss_l=[0.03387, 1.11126, 0.73434, 0.64349, 0.47652, 0.40842] val_peeled_loss_l=[0.03385, 1.11082, 0.73275, 0.64443, 0.47592, 0.40828]
[RHM] step=236 train_Mpos_l=[1.00000, 0.25604, 0.53915, 0.58608, 0.75708, 0.79985] val_Mpos_l=[1.00000, 0.25538, 0.54023, 0.58460, 0.75966, 0.80163] train_valid_l=[0.50794, 0.52496, 0.40835, 0.24731, 0.17043, 0.10061] val_valid_l=[0.50794, 0.52483, 0.40829, 0.24795, 0.17070, 0.10067]
[VALID] step=236 epoch=0.1152 running=2.911239 train_loss=2.890635 val_loss=2.890174 val_acc=0.152337 log_specnorm=75.246709
[CHECKPOINT] saved /mnt/beegfs/2a/mb12724/franc/small-language-modelling/data/slm_TR2_uniform_L6_v1/rhm_transformer_v2_P_65536_seed_rules_1_seed_sample_1_seed_model_1/checkpoints/checkpoint_step_266.pt
[RHM] step=266 train_peeled_loss_l=[0.03745, 1.11285, 0.72986, 0.64104, 0.47685, 0.40851] val_peeled_loss_l=[0.03744, 1.11284, 0.72850, 0.64250, 0.47616, 0.40788]
[RHM] step=266 train_Mpos_l=[1.00000, 0.25164, 0.53359, 0.58001, 0.75231, 0.80052] val_Mpos_l=[1.00000, 0.25081, 0.53413, 0.57890, 0.75392, 0.80181] train_valid_l=[0.50794, 0.52496, 0.40835, 0.24731, 0.17043, 0.10061] val_valid_l=[0.50794, 0.52483, 0.40829, 0.24795, 0.17070, 0.10067]
[VALID] step=266 epoch=0.1299 running=2.873348 train_loss=2.889476 val_loss=2.888811 val_acc=0.154630 log_specnorm=75.965063
[CHECKPOINT] saved /mnt/beegfs/2a/mb12724/franc/small-language-modelling/data/slm_TR2_uniform_L6_v1/rhm_transformer_v2_P_65536_seed_rules_1_seed_sample_1_seed_model_1/checkpoints/checkpoint_step_298.pt
[RHM] step=298 train_peeled_loss_l=[0.03511, 1.10339, 0.73383, 0.64492, 0.47994, 0.41122] val_peeled_loss_l=[0.03508, 1.10429, 0.73334, 0.64458, 0.47880, 0.41165]
[RHM] step=298 train_Mpos_l=[0.99999, 0.25570, 0.53696, 0.58077, 0.75260, 0.79929] val_Mpos_l=[0.99999, 0.25473, 0.53756, 0.58065, 0.75452, 0.79939] train_valid_l=[0.50794, 0.52496, 0.40835, 0.24731, 0.17043, 0.10061] val_valid_l=[0.50794, 0.52483, 0.40829, 0.24795, 0.17070, 0.10067]
[VALID] step=298 epoch=0.1455 running=2.886265 train_loss=2.893682 val_loss=2.892764 val_acc=0.153049 log_specnorm=76.500870
[TRAIN] step=300/100000 epoch=0.1465 loss=2.895413 dt=34.78ms
[CHECKPOINT] saved /mnt/beegfs/2a/mb12724/franc/small-language-modelling/data/slm_TR2_uniform_L6_v1/rhm_transformer_v2_P_65536_seed_rules_1_seed_sample_1_seed_model_1/checkpoints/checkpoint_step_335.pt
[RHM] step=335 train_peeled_loss_l=[0.02836, 1.08681, 0.72796, 0.64082, 0.47383, 0.40725] val_peeled_loss_l=[0.02838, 1.08731, 0.72680, 0.64177, 0.47371, 0.40671]
[RHM] step=335 train_Mpos_l=[1.00000, 0.26432, 0.54334, 0.58467, 0.75739, 0.80361] val_Mpos_l=[1.00000, 0.26435, 0.54458, 0.58310, 0.75805, 0.80424] train_valid_l=[0.50794, 0.52496, 0.40835, 0.24731, 0.17043, 0.10061] val_valid_l=[0.50794, 0.52483, 0.40829, 0.24795, 0.17070, 0.10067]
[VALID] step=335 epoch=0.1636 running=2.858810 train_loss=2.872042 val_loss=2.871634 val_acc=0.158547 log_specnorm=77.392741
[CHECKPOINT] saved /mnt/beegfs/2a/mb12724/franc/small-language-modelling/data/slm_TR2_uniform_L6_v1/rhm_transformer_v2_P_65536_seed_rules_1_seed_sample_1_seed_model_1/checkpoints/checkpoint_step_376.pt
[RHM] step=376 train_peeled_loss_l=[0.02001, 1.06907, 0.72447, 0.63552, 0.47421, 0.40457] val_peeled_loss_l=[0.01999, 1.06932, 0.72373, 0.63574, 0.47271, 0.40450]
[RHM] step=376 train_Mpos_l=[1.00000, 0.28600, 0.54029, 0.59080, 0.75804, 0.80397] val_Mpos_l=[1.00000, 0.28617, 0.54052, 0.59028, 0.76021, 0.80558] train_valid_l=[0.50794, 0.52496, 0.40835, 0.24731, 0.17043, 0.10061] val_valid_l=[0.50794, 0.52483, 0.40829, 0.24795, 0.17070, 0.10067]
[VALID] step=376 epoch=0.1836 running=2.865559 train_loss=2.858607 val_loss=2.857965 val_acc=0.158680 log_specnorm=78.187342
[TRAIN] step=400/100000 epoch=0.1953 loss=2.863801 dt=32.11ms
[CHECKPOINT] saved /mnt/beegfs/2a/mb12724/franc/small-language-modelling/data/slm_TR2_uniform_L6_v1/rhm_transformer_v2_P_65536_seed_rules_1_seed_sample_1_seed_model_1/checkpoints/checkpoint_step_423.pt
[RHM] step=423 train_peeled_loss_l=[0.02647, 1.05923, 0.72262, 0.63776, 0.47279, 0.40540] val_peeled_loss_l=[0.02649, 1.05931, 0.72239, 0.63813, 0.47177, 0.40537]
[RHM] step=423 train_Mpos_l=[1.00000, 0.30376, 0.54618, 0.59066, 0.75829, 0.80280] val_Mpos_l=[0.99999, 0.30378, 0.54702, 0.58900, 0.76112, 0.80355] train_valid_l=[0.50794, 0.52496, 0.40835, 0.24731, 0.17043, 0.10061] val_valid_l=[0.50794, 0.52483, 0.40829, 0.24795, 0.17070, 0.10067]
[VALID] step=423 epoch=0.2065 running=2.847107 train_loss=2.862461 val_loss=2.862208 val_acc=0.161866 log_specnorm=79.428370
[CHECKPOINT] saved /mnt/beegfs/2a/mb12724/franc/small-language-modelling/data/slm_TR2_uniform_L6_v1/rhm_transformer_v2_P_65536_seed_rules_1_seed_sample_1_seed_model_1/checkpoints/checkpoint_step_475.pt
[RHM] step=475 train_peeled_loss_l=[0.02366, 1.04803, 0.72099, 0.63798, 0.47565, 0.40636] val_peeled_loss_l=[0.02363, 1.04897, 0.72025, 0.63738, 0.47578, 0.40614]
[RHM] step=475 train_Mpos_l=[0.99999, 0.33845, 0.54954, 0.59330, 0.75826, 0.80366] val_Mpos_l=[0.99999, 0.33857, 0.55060, 0.59198, 0.75879, 0.80426] train_valid_l=[0.50794, 0.52496, 0.40835, 0.24731, 0.17043, 0.10061] val_valid_l=[0.50794, 0.52483, 0.40829, 0.24795, 0.17070, 0.10067]
[VALID] step=475 epoch=0.2319 running=2.838627 train_loss=2.861399 val_loss=2.861044 val_acc=0.159364 log_specnorm=81.186384
[TRAIN] step=500/100000 epoch=0.2441 loss=2.828929 dt=32.21ms
[CHECKPOINT] saved /mnt/beegfs/2a/mb12724/franc/small-language-modelling/data/slm_TR2_uniform_L6_v1/rhm_transformer_v2_P_65536_seed_rules_1_seed_sample_1_seed_model_1/checkpoints/checkpoint_step_534.pt
[RHM] step=534 train_peeled_loss_l=[0.02523, 1.01843, 0.71737, 0.62844, 0.46656, 0.40052] val_peeled_loss_l=[0.02522, 1.01828, 0.71708, 0.62956, 0.46644, 0.40027]
[RHM] step=534 train_Mpos_l=[1.00000, 0.35726, 0.54940, 0.59567, 0.76247, 0.80795] val_Mpos_l=[1.00000, 0.35680, 0.54969, 0.59416, 0.76466, 0.80910] train_valid_l=[0.50794, 0.52496, 0.40835, 0.24731, 0.17043, 0.10061] val_valid_l=[0.50794, 0.52483, 0.40829, 0.24795, 0.17070, 0.10067]
[VALID] step=534 epoch=0.2607 running=2.844021 train_loss=2.837820 val_loss=2.837034 val_acc=0.166981 log_specnorm=82.984523
[CHECKPOINT] saved /mnt/beegfs/2a/mb12724/franc/small-language-modelling/data/slm_TR2_uniform_L6_v1/rhm_transformer_v2_P_65536_seed_rules_1_seed_sample_1_seed_model_1/checkpoints/checkpoint_step_599.pt
[RHM] step=599 train_peeled_loss_l=[0.02117, 1.00506, 0.71761, 0.63018, 0.46830, 0.40128] val_peeled_loss_l=[0.02117, 1.00470, 0.71717, 0.63103, 0.46816, 0.40203]
[RHM] step=599 train_Mpos_l=[0.99991, 0.36719, 0.54593, 0.59515, 0.75967, 0.80770] val_Mpos_l=[0.99990, 0.36690, 0.54666, 0.59384, 0.76108, 0.80763] train_valid_l=[0.50794, 0.52496, 0.40835, 0.24731, 0.17043, 0.10061] val_valid_l=[0.50794, 0.52483, 0.40829, 0.24795, 0.17070, 0.10067]
[VALID] step=599 epoch=0.2925 running=2.831002 train_loss=2.826346 val_loss=2.824926 val_acc=0.167971 log_specnorm=85.747272
[TRAIN] step=600/100000 epoch=0.2930 loss=2.843331 dt=37.81ms
[CHECKPOINT] saved /mnt/beegfs/2a/mb12724/franc/small-language-modelling/data/slm_TR2_uniform_L6_v1/rhm_transformer_v2_P_65536_seed_rules_1_seed_sample_1_seed_model_1/checkpoints/checkpoint_step_673.pt
[RHM] step=673 train_peeled_loss_l=[0.02023, 0.97658, 0.71203, 0.62845, 0.46934, 0.40191] val_peeled_loss_l=[0.02022, 0.97601, 0.71177, 0.62980, 0.46977, 0.40358]
[RHM] step=673 train_Mpos_l=[0.99999, 0.40197, 0.55164, 0.60071, 0.76063, 0.80729] val_Mpos_l=[1.00000, 0.40180, 0.55136, 0.59882, 0.76011, 0.80676] train_valid_l=[0.50794, 0.52496, 0.40835, 0.24731, 0.17043, 0.10061] val_valid_l=[0.50794, 0.52483, 0.40829, 0.24795, 0.17070, 0.10067]
[VALID] step=673 epoch=0.3286 running=2.799603 train_loss=2.808555 val_loss=2.806809 val_acc=0.173115 log_specnorm=89.332373
[TRAIN] step=700/100000 epoch=0.3418 loss=2.793649 dt=32.23ms
[CHECKPOINT] saved /mnt/beegfs/2a/mb12724/franc/small-language-modelling/data/slm_TR2_uniform_L6_v1/rhm_transformer_v2_P_65536_seed_rules_1_seed_sample_1_seed_model_1/checkpoints/checkpoint_step_756.pt
[RHM] step=756 train_peeled_loss_l=[0.02137, 0.90541, 0.70940, 0.62623, 0.46793, 0.39977] val_peeled_loss_l=[0.02139, 0.90430, 0.70897, 0.62704, 0.46741, 0.40038]
[RHM] step=756 train_Mpos_l=[0.99998, 0.47611, 0.55730, 0.59902, 0.76190, 0.80923] val_Mpos_l=[0.99998, 0.47664, 0.55791, 0.59719, 0.76233, 0.80863] train_valid_l=[0.50794, 0.52496, 0.40835, 0.24731, 0.17043, 0.10061] val_valid_l=[0.50794, 0.52483, 0.40829, 0.24795, 0.17070, 0.10067]
[VALID] step=756 epoch=0.3691 running=2.754160 train_loss=2.772001 val_loss=2.770743 val_acc=0.178262 log_specnorm=94.047766
[TRAIN] step=800/100000 epoch=0.3906 loss=2.749873 dt=32.17ms
[CHECKPOINT] saved /mnt/beegfs/2a/mb12724/franc/small-language-modelling/data/slm_TR2_uniform_L6_v1/rhm_transformer_v2_P_65536_seed_rules_1_seed_sample_1_seed_model_1/checkpoints/checkpoint_step_850.pt
[RHM] step=850 train_peeled_loss_l=[0.02165, 0.74141, 0.70922, 0.62494, 0.46948, 0.40104] val_peeled_loss_l=[0.02166, 0.74123, 0.70822, 0.62561, 0.46886, 0.40066]
[RHM] step=850 train_Mpos_l=[0.99995, 0.62233, 0.56712, 0.60683, 0.76162, 0.80861] val_Mpos_l=[0.99994, 0.62235, 0.56775, 0.60626, 0.76208, 0.81039] train_valid_l=[0.50794, 0.52496, 0.40835, 0.24731, 0.17043, 0.10061] val_valid_l=[0.50794, 0.52483, 0.40829, 0.24795, 0.17070, 0.10067]
[VALID] step=850 epoch=0.4150 running=2.708483 train_loss=2.697337 val_loss=2.695721 val_acc=0.199643 log_specnorm=99.943252
[TRAIN] step=900/100000 epoch=0.4395 loss=2.643608 dt=32.21ms
[CHECKPOINT] saved /mnt/beegfs/2a/mb12724/franc/small-language-modelling/data/slm_TR2_uniform_L6_v1/rhm_transformer_v2_P_65536_seed_rules_1_seed_sample_1_seed_model_1/checkpoints/checkpoint_step_955.pt
[RHM] step=955 train_peeled_loss_l=[0.02058, 0.46632, 0.70080, 0.61809, 0.46752, 0.39977] val_peeled_loss_l=[0.02062, 0.46656, 0.69922, 0.61832, 0.46747, 0.39987]
[RHM] step=955 train_Mpos_l=[0.99996, 0.79538, 0.57973, 0.61375, 0.76348, 0.81212] val_Mpos_l=[0.99997, 0.79491, 0.58043, 0.61256, 0.76437, 0.81220] train_valid_l=[0.50794, 0.52496, 0.40835, 0.24731, 0.17043, 0.10061] val_valid_l=[0.50794, 0.52483, 0.40829, 0.24795, 0.17070, 0.10067]
[VALID] step=955 epoch=0.4663 running=2.546290 train_loss=2.553878 val_loss=2.552998 val_acc=0.249651 log_specnorm=106.848770
[TRAIN] step=1000/100000 epoch=0.4883 loss=2.493529 dt=32.23ms
[CHECKPOINT] saved /mnt/beegfs/2a/mb12724/franc/small-language-modelling/data/slm_TR2_uniform_L6_v1/rhm_transformer_v2_P_65536_seed_rules_1_seed_sample_1_seed_model_1/checkpoints/checkpoint_step_1072.pt
[RHM] step=1072 train_peeled_loss_l=[0.01861, 0.19243, 0.70792, 0.62240, 0.47047, 0.40167] val_peeled_loss_l=[0.01863, 0.19300, 0.70739, 0.62386, 0.47007, 0.40422]
[RHM] step=1072 train_Mpos_l=[0.99986, 0.94943, 0.57816, 0.61060, 0.76165, 0.81398] val_Mpos_l=[0.99984, 0.94869, 0.57968, 0.60882, 0.76263, 0.81238] train_valid_l=[0.50794, 0.52496, 0.40835, 0.24731, 0.17043, 0.10061] val_valid_l=[0.50794, 0.52483, 0.40829, 0.24795, 0.17070, 0.10067]
[VALID] step=1072 epoch=0.5234 running=2.421611 train_loss=2.409772 val_loss=2.409498 val_acc=0.290822 log_specnorm=112.477571
[TRAIN] step=1100/100000 epoch=0.5371 loss=2.374989 dt=32.20ms
[TRAIN] step=1200/100000 epoch=0.5859 loss=2.350996 dt=32.19ms
[CHECKPOINT] saved /mnt/beegfs/2a/mb12724/franc/small-language-modelling/data/slm_TR2_uniform_L6_v1/rhm_transformer_v2_P_65536_seed_rules_1_seed_sample_1_seed_model_1/checkpoints/checkpoint_step_1205.pt
[RHM] step=1205 train_peeled_loss_l=[0.01376, 0.08122, 0.69707, 0.61654, 0.46393, 0.39724] val_peeled_loss_l=[0.01385, 0.08147, 0.69713, 0.61757, 0.46247, 0.39717]
[RHM] step=1205 train_Mpos_l=[0.99999, 0.98952, 0.58535, 0.61895, 0.76660, 0.81595] val_Mpos_l=[0.99996, 0.98954, 0.58569, 0.61744, 0.76845, 0.81749] train_valid_l=[0.50794, 0.52496, 0.40835, 0.24731, 0.17043, 0.10061] val_valid_l=[0.50794, 0.52483, 0.40829, 0.24795, 0.17070, 0.10067]
[VALID] step=1205 epoch=0.5884 running=2.318284 train_loss=2.329880 val_loss=2.331310 val_acc=0.307596 log_specnorm=115.733915
[TRAIN] step=1300/100000 epoch=0.6348 loss=2.300592 dt=32.13ms
[CHECKPOINT] saved /mnt/beegfs/2a/mb12724/franc/small-language-modelling/data/slm_TR2_uniform_L6_v1/rhm_transformer_v2_P_65536_seed_rules_1_seed_sample_1_seed_model_1/checkpoints/checkpoint_step_1353.pt
[RHM] step=1353 train_peeled_loss_l=[0.01278, 0.05194, 0.68587, 0.61144, 0.46186, 0.39312] val_peeled_loss_l=[0.01281, 0.05190, 0.68549, 0.61262, 0.46133, 0.39479]
[RHM] step=1353 train_Mpos_l=[0.99999, 0.99690, 0.59123, 0.61951, 0.76669, 0.81860] val_Mpos_l=[0.99999, 0.99687, 0.59157, 0.61832, 0.76745, 0.81904] train_valid_l=[0.50794, 0.52496, 0.40835, 0.24731, 0.17043, 0.10061] val_valid_l=[0.50794, 0.52483, 0.40829, 0.24795, 0.17070, 0.10067]
[VALID] step=1353 epoch=0.6606 running=2.308581 train_loss=2.303762 val_loss=2.303343 val_acc=0.311604 log_specnorm=117.795640
[TRAIN] step=1400/100000 epoch=0.6836 loss=2.307575 dt=32.11ms
[TRAIN] step=1500/100000 epoch=0.7324 loss=2.278564 dt=32.12ms
[CHECKPOINT] saved /mnt/beegfs/2a/mb12724/franc/small-language-modelling/data/slm_TR2_uniform_L6_v1/rhm_transformer_v2_P_65536_seed_rules_1_seed_sample_1_seed_model_1/checkpoints/checkpoint_step_1520.pt
[RHM] step=1520 train_peeled_loss_l=[0.00941, 0.03628, 0.67376, 0.60566, 0.45727, 0.38948] val_peeled_loss_l=[0.00939, 0.03612, 0.67315, 0.60609, 0.45718, 0.39240]
[RHM] step=1520 train_Mpos_l=[1.00000, 0.99892, 0.59003, 0.61898, 0.76777, 0.82031] val_Mpos_l=[1.00000, 0.99893, 0.59069, 0.61899, 0.76900, 0.81833] train_valid_l=[0.50794, 0.52496, 0.40835, 0.24731, 0.17043, 0.10061] val_valid_l=[0.50794, 0.52483, 0.40829, 0.24795, 0.17070, 0.10067]
[VALID] step=1520 epoch=0.7422 running=2.272491 train_loss=2.281150 val_loss=2.281410 val_acc=0.313451 log_specnorm=119.383460
[TRAIN] step=1600/100000 epoch=0.7812 loss=2.274454 dt=32.23ms
[TRAIN] step=1700/100000 epoch=0.8301 loss=2.262084 dt=32.21ms
[CHECKPOINT] saved /mnt/beegfs/2a/mb12724/franc/small-language-modelling/data/slm_TR2_uniform_L6_v1/rhm_transformer_v2_P_65536_seed_rules_1_seed_sample_1_seed_model_1/checkpoints/checkpoint_step_1707.pt
[RHM] step=1707 train_peeled_loss_l=[0.01043, 0.02725, 0.66719, 0.59954, 0.45540, 0.38841] val_peeled_loss_l=[0.01041, 0.02726, 0.66624, 0.60024, 0.45571, 0.38768]
[RHM] step=1707 train_Mpos_l=[0.99999, 0.99936, 0.59498, 0.62433, 0.76944, 0.82007] val_Mpos_l=[0.99999, 0.99939, 0.59566, 0.62385, 0.76936, 0.81964] train_valid_l=[0.50794, 0.52496, 0.40835, 0.24731, 0.17043, 0.10061] val_valid_l=[0.50794, 0.52483, 0.40829, 0.24795, 0.17070, 0.10067]
[VALID] step=1707 epoch=0.8335 running=2.263383 train_loss=2.270244 val_loss=2.268919 val_acc=0.315394 log_specnorm=120.805858
[TRAIN] step=1800/100000 epoch=0.8789 loss=2.276111 dt=32.19ms
[TRAIN] step=1900/100000 epoch=0.9277 loss=2.269022 dt=32.20ms
[CHECKPOINT] saved /mnt/beegfs/2a/mb12724/franc/small-language-modelling/data/slm_TR2_uniform_L6_v1/rhm_transformer_v2_P_65536_seed_rules_1_seed_sample_1_seed_model_1/checkpoints/checkpoint_step_1918.pt
[RHM] step=1918 train_peeled_loss_l=[0.01223, 0.03060, 0.65855, 0.59824, 0.45349, 0.38865] val_peeled_loss_l=[0.01227, 0.03069, 0.65818, 0.59940, 0.45315, 0.38840]
[RHM] step=1918 train_Mpos_l=[0.99999, 0.99913, 0.59835, 0.62441, 0.76983, 0.82032] val_Mpos_l=[0.99999, 0.99914, 0.59909, 0.62327, 0.77133, 0.82115] train_valid_l=[0.50794, 0.52496, 0.40835, 0.24731, 0.17043, 0.10061] val_valid_l=[0.50794, 0.52483, 0.40829, 0.24795, 0.17070, 0.10067]
[VALID] step=1918 epoch=0.9365 running=2.280264 train_loss=2.263056 val_loss=2.263276 val_acc=0.317467 log_specnorm=122.187634
[TRAIN] step=2000/100000 epoch=0.9766 loss=2.270029 dt=32.18ms
[TRAIN] step=2100/100000 epoch=1.0254 loss=2.265439 dt=32.21ms
[CHECKPOINT] saved /mnt/beegfs/2a/mb12724/franc/small-language-modelling/data/slm_TR2_uniform_L6_v1/rhm_transformer_v2_P_65536_seed_rules_1_seed_sample_1_seed_model_1/checkpoints/checkpoint_step_2154.pt
[RHM] step=2154 train_peeled_loss_l=[0.01067, 0.02631, 0.64678, 0.59829, 0.45507, 0.38851] val_peeled_loss_l=[0.01067, 0.02629, 0.64662, 0.59953, 0.45417, 0.38984]
[RHM] step=2154 train_Mpos_l=[0.99999, 0.99958, 0.60513, 0.62166, 0.76960, 0.82025] val_Mpos_l=[0.99999, 0.99958, 0.60513, 0.62033, 0.77081, 0.82022] train_valid_l=[0.50794, 0.52496, 0.40835, 0.24731, 0.17043, 0.10061] val_valid_l=[0.50794, 0.52483, 0.40829, 0.24795, 0.17070, 0.10067]
[VALID] step=2154 epoch=1.0518 running=2.260633 train_loss=2.249694 val_loss=2.248880 val_acc=0.318300 log_specnorm=123.678651
[TRAIN] step=2200/100000 epoch=1.0742 loss=2.239107 dt=32.19ms
[TRAIN] step=2300/100000 epoch=1.1230 loss=2.248094 dt=32.18ms
[TRAIN] step=2400/100000 epoch=1.1719 loss=2.244571 dt=32.15ms
[CHECKPOINT] saved /mnt/beegfs/2a/mb12724/franc/small-language-modelling/data/slm_TR2_uniform_L6_v1/rhm_transformer_v2_P_65536_seed_rules_1_seed_sample_1_seed_model_1/checkpoints/checkpoint_step_2420.pt
[RHM] step=2420 train_peeled_loss_l=[0.00743, 0.01905, 0.61069, 0.59452, 0.45177, 0.38640] val_peeled_loss_l=[0.00742, 0.01909, 0.61038, 0.59465, 0.45117, 0.38628]
[RHM] step=2420 train_Mpos_l=[1.00000, 0.99947, 0.63543, 0.62922, 0.77118, 0.82073] val_Mpos_l=[1.00000, 0.99949, 0.63564, 0.62933, 0.77242, 0.82090] train_valid_l=[0.50794, 0.52496, 0.40835, 0.24731, 0.17043, 0.10061] val_valid_l=[0.50794, 0.52483, 0.40829, 0.24795, 0.17070, 0.10067]
[VALID] step=2420 epoch=1.1816 running=2.231171 train_loss=2.233854 val_loss=2.233018 val_acc=0.321528 log_specnorm=125.426726
[TRAIN] step=2500/100000 epoch=1.2207 loss=2.220222 dt=32.20ms
[TRAIN] step=2600/100000 epoch=1.2695 loss=2.212727 dt=32.21ms
[TRAIN] step=2700/100000 epoch=1.3184 loss=2.215645 dt=32.14ms
[CHECKPOINT] saved /mnt/beegfs/2a/mb12724/franc/small-language-modelling/data/slm_TR2_uniform_L6_v1/rhm_transformer_v2_P_65536_seed_rules_1_seed_sample_1_seed_model_1/checkpoints/checkpoint_step_2719.pt
[RHM] step=2719 train_peeled_loss_l=[0.00868, 0.02270, 0.57121, 0.59209, 0.44830, 0.38565] val_peeled_loss_l=[0.00868, 0.02278, 0.57180, 0.59333, 0.44772, 0.38640]
[RHM] step=2719 train_Mpos_l=[0.99998, 0.99943, 0.67013, 0.63019, 0.77261, 0.82092] val_Mpos_l=[0.99998, 0.99942, 0.66979, 0.62912, 0.77285, 0.82074] train_valid_l=[0.50794, 0.52496, 0.40835, 0.24731, 0.17043, 0.10061] val_valid_l=[0.50794, 0.52483, 0.40829, 0.24795, 0.17070, 0.10067]
[VALID] step=2719 epoch=1.3276 running=2.216835 train_loss=2.217634 val_loss=2.218044 val_acc=0.324607 log_specnorm=127.567530
[TRAIN] step=2800/100000 epoch=1.3672 loss=2.205794 dt=32.17ms
[TRAIN] step=2900/100000 epoch=1.4160 loss=2.224577 dt=32.17ms
[TRAIN] step=3000/100000 epoch=1.4648 loss=2.195208 dt=32.19ms
[CHECKPOINT] saved /mnt/beegfs/2a/mb12724/franc/small-language-modelling/data/slm_TR2_uniform_L6_v1/rhm_transformer_v2_P_65536_seed_rules_1_seed_sample_1_seed_model_1/checkpoints/checkpoint_step_3054.pt
[RHM] step=3054 train_peeled_loss_l=[0.00743, 0.01688, 0.52410, 0.58985, 0.44628, 0.38294] val_peeled_loss_l=[0.00740, 0.01690, 0.52380, 0.59047, 0.44576, 0.38315]
[RHM] step=3054 train_Mpos_l=[0.99991, 0.99953, 0.71256, 0.63726, 0.77515, 0.82455] val_Mpos_l=[0.99992, 0.99950, 0.71321, 0.63686, 0.77667, 0.82527] train_valid_l=[0.50794, 0.52496, 0.40835, 0.24731, 0.17043, 0.10061] val_valid_l=[0.50794, 0.52483, 0.40829, 0.24795, 0.17070, 0.10067]
[VALID] step=3054 epoch=1.4912 running=2.190050 train_loss=2.196159 val_loss=2.196016 val_acc=0.331708 log_specnorm=129.719832
[TRAIN] step=3100/100000 epoch=1.5137 loss=2.201504 dt=32.31ms
[TRAIN] step=3200/100000 epoch=1.5625 loss=2.204268 dt=32.25ms
[TRAIN] step=3300/100000 epoch=1.6113 loss=2.185380 dt=32.20ms
[TRAIN] step=3400/100000 epoch=1.6602 loss=2.161582 dt=32.23ms
[CHECKPOINT] saved /mnt/beegfs/2a/mb12724/franc/small-language-modelling/data/slm_TR2_uniform_L6_v1/rhm_transformer_v2_P_65536_seed_rules_1_seed_sample_1_seed_model_1/checkpoints/checkpoint_step_3430.pt
[RHM] step=3430 train_peeled_loss_l=[0.00769, 0.01735, 0.47520, 0.58748, 0.44691, 0.38434] val_peeled_loss_l=[0.00768, 0.01750, 0.47557, 0.58884, 0.44602, 0.38488]
[RHM] step=3430 train_Mpos_l=[0.99997, 0.99967, 0.75019, 0.63657, 0.77360, 0.82247] val_Mpos_l=[0.99997, 0.99961, 0.74976, 0.63509, 0.77479, 0.82328] train_valid_l=[0.50794, 0.52496, 0.40835, 0.24731, 0.17043, 0.10061] val_valid_l=[0.50794, 0.52483, 0.40829, 0.24795, 0.17070, 0.10067]
[VALID] step=3430 epoch=1.6748 running=2.185889 train_loss=2.171217 val_loss=2.170896 val_acc=0.333787 log_specnorm=132.166287
[TRAIN] step=3500/100000 epoch=1.7090 loss=2.180348 dt=38.30ms
[TRAIN] step=3600/100000 epoch=1.7578 loss=2.171414 dt=38.28ms
[TRAIN] step=3700/100000 epoch=1.8066 loss=2.140719 dt=34.86ms
[TRAIN] step=3800/100000 epoch=1.8555 loss=2.151294 dt=34.82ms
[CHECKPOINT] saved /mnt/beegfs/2a/mb12724/franc/small-language-modelling/data/slm_TR2_uniform_L6_v1/rhm_transformer_v2_P_65536_seed_rules_1_seed_sample_1_seed_model_1/checkpoints/checkpoint_step_3854.pt
[RHM] step=3854 train_peeled_loss_l=[0.00716, 0.01602, 0.39334, 0.58472, 0.44547, 0.38284] val_peeled_loss_l=[0.00720, 0.01585, 0.39389, 0.58547, 0.44604, 0.38292]
[RHM] step=3854 train_Mpos_l=[0.99997, 0.99942, 0.81478, 0.64622, 0.77825, 0.82560] val_Mpos_l=[0.99996, 0.99946, 0.81480, 0.64506, 0.77807, 0.82536] train_valid_l=[0.50794, 0.52496, 0.40835, 0.24731, 0.17043, 0.10061] val_valid_l=[0.50794, 0.52483, 0.40829, 0.24795, 0.17070, 0.10067]
[VALID] step=3854 epoch=1.8818 running=2.154599 train_loss=2.142682 val_loss=2.141847 val_acc=0.344226 log_specnorm=134.887954
[TRAIN] step=3900/100000 epoch=1.9043 loss=2.143184 dt=32.20ms
[TRAIN] step=4000/100000 epoch=1.9531 loss=2.136233 dt=32.21ms
[TRAIN] step=4100/100000 epoch=2.0020 loss=2.096591 dt=32.26ms
[TRAIN] step=4200/100000 epoch=2.0508 loss=2.114148 dt=32.21ms
[TRAIN] step=4300/100000 epoch=2.0996 loss=2.105183 dt=32.22ms
[CHECKPOINT] saved /mnt/beegfs/2a/mb12724/franc/small-language-modelling/data/slm_TR2_uniform_L6_v1/rhm_transformer_v2_P_65536_seed_rules_1_seed_sample_1_seed_model_1/checkpoints/checkpoint_step_4329.pt
[RHM] step=4329 train_peeled_loss_l=[0.00692, 0.01534, 0.28844, 0.58457, 0.44321, 0.38180] val_peeled_loss_l=[0.00694, 0.01547, 0.28886, 0.58536, 0.44265, 0.38357]
[RHM] step=4329 train_Mpos_l=[0.99998, 0.99930, 0.88279, 0.65454, 0.77975, 0.82718] val_Mpos_l=[0.99997, 0.99926, 0.88254, 0.65359, 0.78076, 0.82649] train_valid_l=[0.50794, 0.52496, 0.40835, 0.24731, 0.17043, 0.10061] val_valid_l=[0.50794, 0.52483, 0.40829, 0.24795, 0.17070, 0.10067]
[VALID] step=4329 epoch=2.1138 running=2.085504 train_loss=2.098472 val_loss=2.097976 val_acc=0.353519 log_specnorm=137.764272
[TRAIN] step=4400/100000 epoch=2.1484 loss=2.094963 dt=32.21ms
[TRAIN] step=4500/100000 epoch=2.1973 loss=2.082495 dt=32.22ms
[TRAIN] step=4600/100000 epoch=2.2461 loss=2.084659 dt=32.24ms
[TRAIN] step=4700/100000 epoch=2.2949 loss=2.078393 dt=32.20ms
[TRAIN] step=4800/100000 epoch=2.3438 loss=2.052430 dt=32.20ms
[CHECKPOINT] saved /mnt/beegfs/2a/mb12724/franc/small-language-modelling/data/slm_TR2_uniform_L6_v1/rhm_transformer_v2_P_65536_seed_rules_1_seed_sample_1_seed_model_1/checkpoints/checkpoint_step_4863.pt
[RHM] step=4863 train_peeled_loss_l=[0.00615, 0.01199, 0.17214, 0.57270, 0.43819, 0.37970] val_peeled_loss_l=[0.00614, 0.01201, 0.17177, 0.57342, 0.43743, 0.38002]
[RHM] step=4863 train_Mpos_l=[0.99987, 0.99975, 0.94660, 0.66826, 0.78372, 0.82852] val_Mpos_l=[0.99987, 0.99975, 0.94769, 0.66723, 0.78640, 0.82986] train_valid_l=[0.50794, 0.52496, 0.40835, 0.24731, 0.17043, 0.10061] val_valid_l=[0.50794, 0.52483, 0.40829, 0.24795, 0.17070, 0.10067]
[VALID] step=4863 epoch=2.3745 running=2.042787 train_loss=2.040824 val_loss=2.041150 val_acc=0.364773 log_specnorm=140.589511
[TRAIN] step=4900/100000 epoch=2.3926 loss=2.048893 dt=32.20ms
[TRAIN] step=5000/100000 epoch=2.4414 loss=2.042830 dt=32.19ms
[TRAIN] step=5100/100000 epoch=2.4902 loss=2.025871 dt=32.16ms
[TRAIN] step=5200/100000 epoch=2.5391 loss=2.019033 dt=32.17ms
[TRAIN] step=5300/100000 epoch=2.5879 loss=2.005492 dt=32.21ms
[TRAIN] step=5400/100000 epoch=2.6367 loss=2.012157 dt=32.20ms
[CHECKPOINT] saved /mnt/beegfs/2a/mb12724/franc/small-language-modelling/data/slm_TR2_uniform_L6_v1/rhm_transformer_v2_P_65536_seed_rules_1_seed_sample_1_seed_model_1/checkpoints/checkpoint_step_5462.pt
[RHM] step=5462 train_peeled_loss_l=[0.00503, 0.01056, 0.09771, 0.56105, 0.42960, 0.37348] val_peeled_loss_l=[0.00501, 0.01051, 0.09792, 0.56191, 0.42907, 0.37367]
[RHM] step=5462 train_Mpos_l=[0.99998, 0.99987, 0.98088, 0.68386, 0.79126, 0.83411] val_Mpos_l=[0.99998, 0.99988, 0.98074, 0.68381, 0.79246, 0.83432] train_valid_l=[0.50794, 0.52496, 0.40835, 0.24731, 0.17043, 0.10061] val_valid_l=[0.50794, 0.52483, 0.40829, 0.24795, 0.17070, 0.10067]
[VALID] step=5462 epoch=2.6670 running=2.016148 train_loss=2.001867 val_loss=2.002231 val_acc=0.373330 log_specnorm=143.147514
[TRAIN] step=5500/100000 epoch=2.6855 loss=1.992364 dt=34.87ms
[TRAIN] step=5600/100000 epoch=2.7344 loss=2.002348 dt=32.24ms
[TRAIN] step=5700/100000 epoch=2.7832 loss=2.005788 dt=32.19ms
[TRAIN] step=5800/100000 epoch=2.8320 loss=2.001120 dt=32.22ms
[TRAIN] step=5900/100000 epoch=2.8809 loss=1.988317 dt=32.23ms
[TRAIN] step=6000/100000 epoch=2.9297 loss=1.972794 dt=32.22ms
[TRAIN] step=6100/100000 epoch=2.9785 loss=1.977828 dt=32.21ms
[CHECKPOINT] saved /mnt/beegfs/2a/mb12724/franc/small-language-modelling/data/slm_TR2_uniform_L6_v1/rhm_transformer_v2_P_65536_seed_rules_1_seed_sample_1_seed_model_1/checkpoints/checkpoint_step_6136.pt
[RHM] step=6136 train_peeled_loss_l=[0.00689, 0.01106, 0.06903, 0.56186, 0.42786, 0.37285] val_peeled_loss_l=[0.00696, 0.01108, 0.06904, 0.56351, 0.42826, 0.37348]
[RHM] step=6136 train_Mpos_l=[0.99990, 0.99988, 0.99140, 0.67789, 0.78957, 0.83096] val_Mpos_l=[0.99991, 0.99986, 0.99185, 0.67696, 0.79135, 0.83154] train_valid_l=[0.50794, 0.52496, 0.40835, 0.24731, 0.17043, 0.10061] val_valid_l=[0.50794, 0.52483, 0.40829, 0.24795, 0.17070, 0.10067]
[VALID] step=6136 epoch=2.9961 running=1.972417 train_loss=1.982957 val_loss=1.982576 val_acc=0.376717 log_specnorm=145.256199
[TRAIN] step=6200/100000 epoch=3.0273 loss=1.980952 dt=32.23ms
[TRAIN] step=6300/100000 epoch=3.0762 loss=1.972465 dt=32.21ms
[TRAIN] step=6400/100000 epoch=3.1250 loss=1.998855 dt=32.23ms
[TRAIN] step=6500/100000 epoch=3.1738 loss=1.968681 dt=32.24ms
[TRAIN] step=6600/100000 epoch=3.2227 loss=1.985886 dt=32.22ms
[TRAIN] step=6700/100000 epoch=3.2715 loss=1.969114 dt=32.21ms
[TRAIN] step=6800/100000 epoch=3.3203 loss=1.956581 dt=32.22ms
[CHECKPOINT] saved /mnt/beegfs/2a/mb12724/franc/small-language-modelling/data/slm_TR2_uniform_L6_v1/rhm_transformer_v2_P_65536_seed_rules_1_seed_sample_1_seed_model_1/checkpoints/checkpoint_step_6893.pt
[RHM] step=6893 train_peeled_loss_l=[0.00491, 0.00994, 0.04462, 0.55366, 0.42412, 0.36914] val_peeled_loss_l=[0.00491, 0.00991, 0.04458, 0.55483, 0.42376, 0.36965]
[RHM] step=6893 train_Mpos_l=[0.99999, 0.99989, 0.99711, 0.68975, 0.79229, 0.83501] val_Mpos_l=[0.99999, 0.99989, 0.99699, 0.68774, 0.79414, 0.83577] train_valid_l=[0.50794, 0.52496, 0.40835, 0.24731, 0.17043, 0.10061] val_valid_l=[0.50794, 0.52483, 0.40829, 0.24795, 0.17070, 0.10067]
[VALID] step=6893 epoch=3.3657 running=1.965480 train_loss=1.967696 val_loss=1.967796 val_acc=0.377581 log_specnorm=147.304378
[TRAIN] step=6900/100000 epoch=3.3691 loss=1.973688 dt=32.24ms
[TRAIN] step=7000/100000 epoch=3.4180 loss=1.956748 dt=32.21ms
[TRAIN] step=7100/100000 epoch=3.4668 loss=1.963830 dt=32.17ms
[TRAIN] step=7200/100000 epoch=3.5156 loss=1.975072 dt=32.21ms
[TRAIN] step=7300/100000 epoch=3.5645 loss=1.969288 dt=32.18ms
[TRAIN] step=7400/100000 epoch=3.6133 loss=1.954045 dt=32.19ms
[TRAIN] step=7500/100000 epoch=3.6621 loss=1.971452 dt=32.21ms
[TRAIN] step=7600/100000 epoch=3.7109 loss=1.949833 dt=32.20ms
[TRAIN] step=7700/100000 epoch=3.7598 loss=1.944638 dt=32.21ms
[CHECKPOINT] saved /mnt/beegfs/2a/mb12724/franc/small-language-modelling/data/slm_TR2_uniform_L6_v1/rhm_transformer_v2_P_65536_seed_rules_1_seed_sample_1_seed_model_1/checkpoints/checkpoint_step_7743.pt
[RHM] step=7743 train_peeled_loss_l=[0.00573, 0.00809, 0.03680, 0.54958, 0.42225, 0.36791] val_peeled_loss_l=[0.00573, 0.00803, 0.03700, 0.54990, 0.42214, 0.36801]
[RHM] step=7743 train_Mpos_l=[0.99999, 0.99990, 0.99801, 0.68857, 0.79428, 0.83640] val_Mpos_l=[0.99999, 0.99990, 0.99800, 0.68868, 0.79413, 0.83717] train_valid_l=[0.50794, 0.52496, 0.40835, 0.24731, 0.17043, 0.10061] val_valid_l=[0.50794, 0.52483, 0.40829, 0.24795, 0.17070, 0.10067]
[VALID] step=7743 epoch=3.7808 running=1.960600 train_loss=1.960596 val_loss=1.960674 val_acc=0.378649 log_specnorm=149.287315
[TRAIN] step=7800/100000 epoch=3.8086 loss=1.956104 dt=32.23ms
[TRAIN] step=7900/100000 epoch=3.8574 loss=1.960280 dt=32.26ms
[TRAIN] step=8000/100000 epoch=3.9062 loss=1.959555 dt=32.27ms
[TRAIN] step=8100/100000 epoch=3.9551 loss=1.956831 dt=32.25ms
[TRAIN] step=8200/100000 epoch=4.0039 loss=1.963211 dt=32.21ms
[TRAIN] step=8300/100000 epoch=4.0527 loss=1.954545 dt=32.21ms
[TRAIN] step=8400/100000 epoch=4.1016 loss=1.954703 dt=32.20ms
[TRAIN] step=8500/100000 epoch=4.1504 loss=1.955585 dt=32.22ms
[TRAIN] step=8600/100000 epoch=4.1992 loss=1.954956 dt=32.25ms
[CHECKPOINT] saved /mnt/beegfs/2a/mb12724/franc/small-language-modelling/data/slm_TR2_uniform_L6_v1/rhm_transformer_v2_P_65536_seed_rules_1_seed_sample_1_seed_model_1/checkpoints/checkpoint_step_8697.pt
[RHM] step=8697 train_peeled_loss_l=[0.00558, 0.00854, 0.02788, 0.54713, 0.41997, 0.36720] val_peeled_loss_l=[0.00558, 0.00846, 0.02796, 0.54814, 0.41914, 0.36719]
[RHM] step=8697 train_Mpos_l=[0.99998, 0.99976, 0.99865, 0.68757, 0.79567, 0.83403] val_Mpos_l=[0.99998, 0.99980, 0.99874, 0.68602, 0.79611, 0.83605] train_valid_l=[0.50794, 0.52496, 0.40835, 0.24731, 0.17043, 0.10061] val_valid_l=[0.50794, 0.52483, 0.40829, 0.24795, 0.17070, 0.10067]
[VALID] step=8697 epoch=4.2466 running=1.962286 train_loss=1.951269 val_loss=1.951178 val_acc=0.379666 log_specnorm=151.417201
[TRAIN] step=8700/100000 epoch=4.2480 loss=1.944021 dt=32.24ms
[TRAIN] step=8800/100000 epoch=4.2969 loss=1.962036 dt=32.21ms
[TRAIN] step=8900/100000 epoch=4.3457 loss=1.952931 dt=32.19ms
[TRAIN] step=9000/100000 epoch=4.3945 loss=1.955655 dt=32.18ms
[TRAIN] step=9100/100000 epoch=4.4434 loss=1.935339 dt=32.22ms
[TRAIN] step=9200/100000 epoch=4.4922 loss=1.945249 dt=32.19ms
[TRAIN] step=9300/100000 epoch=4.5410 loss=1.968330 dt=32.20ms
[TRAIN] step=9400/100000 epoch=4.5898 loss=1.947202 dt=32.23ms
[TRAIN] step=9500/100000 epoch=4.6387 loss=1.934958 dt=32.19ms
[TRAIN] step=9600/100000 epoch=4.6875 loss=1.940846 dt=32.21ms
[TRAIN] step=9700/100000 epoch=4.7363 loss=1.961123 dt=32.20ms
[CHECKPOINT] saved /mnt/beegfs/2a/mb12724/franc/small-language-modelling/data/slm_TR2_uniform_L6_v1/rhm_transformer_v2_P_65536_seed_rules_1_seed_sample_1_seed_model_1/checkpoints/checkpoint_step_9770.pt
[RHM] step=9770 train_peeled_loss_l=[0.00506, 0.00835, 0.02621, 0.54217, 0.41666, 0.36488] val_peeled_loss_l=[0.00509, 0.00838, 0.02611, 0.54228, 0.41656, 0.36517]
[RHM] step=9770 train_Mpos_l=[0.99999, 0.99993, 0.99924, 0.69796, 0.79687, 0.83662] val_Mpos_l=[0.99998, 0.99991, 0.99926, 0.69678, 0.79806, 0.83858] train_valid_l=[0.50794, 0.52496, 0.40835, 0.24731, 0.17043, 0.10061] val_valid_l=[0.50794, 0.52483, 0.40829, 0.24795, 0.17070, 0.10067]
[VALID] step=9770 epoch=4.7705 running=1.942651 train_loss=1.947802 val_loss=1.947538 val_acc=0.379911 log_specnorm=153.595608
[TRAIN] step=9800/100000 epoch=4.7852 loss=1.937955 dt=32.16ms
[TRAIN] step=9900/100000 epoch=4.8340 loss=1.932015 dt=32.14ms
[TRAIN] step=10000/100000 epoch=4.8828 loss=1.951240 dt=32.16ms
[TRAIN] step=10100/100000 epoch=4.9316 loss=1.937316 dt=32.16ms
[TRAIN] step=10200/100000 epoch=4.9805 loss=1.937056 dt=32.16ms
[TRAIN] step=10300/100000 epoch=5.0293 loss=1.943176 dt=32.14ms
[TRAIN] step=10400/100000 epoch=5.0781 loss=1.948202 dt=32.18ms
[TRAIN] step=10500/100000 epoch=5.1270 loss=1.941697 dt=32.17ms
[TRAIN] step=10600/100000 epoch=5.1758 loss=1.937809 dt=32.12ms
[TRAIN] step=10700/100000 epoch=5.2246 loss=1.936895 dt=32.17ms
[TRAIN] step=10800/100000 epoch=5.2734 loss=1.949134 dt=32.17ms
[TRAIN] step=10900/100000 epoch=5.3223 loss=1.939663 dt=32.17ms
[CHECKPOINT] saved /mnt/beegfs/2a/mb12724/franc/small-language-modelling/data/slm_TR2_uniform_L6_v1/rhm_transformer_v2_P_65536_seed_rules_1_seed_sample_1_seed_model_1/checkpoints/checkpoint_step_10975.pt
[RHM] step=10975 train_peeled_loss_l=[0.00450, 0.00713, 0.02492, 0.54185, 0.41681, 0.36575] val_peeled_loss_l=[0.00452, 0.00708, 0.02481, 0.54352, 0.41589, 0.36525]
[RHM] step=10975 train_Mpos_l=[0.99997, 0.99990, 0.99894, 0.69588, 0.79590, 0.83652] val_Mpos_l=[0.99997, 0.99989, 0.99898, 0.69385, 0.79681, 0.83795] train_valid_l=[0.50794, 0.52496, 0.40835, 0.24731, 0.17043, 0.10061] val_valid_l=[0.50794, 0.52483, 0.40829, 0.24795, 0.17070, 0.10067]
[VALID] step=10975 epoch=5.3589 running=1.947298 train_loss=1.942255 val_loss=1.942934 val_acc=0.381134 log_specnorm=155.777397
[TRAIN] step=11000/100000 epoch=5.3711 loss=1.942300 dt=32.17ms
[TRAIN] step=11100/100000 epoch=5.4199 loss=1.938110 dt=32.18ms
[TRAIN] step=11200/100000 epoch=5.4688 loss=1.933523 dt=32.19ms
[TRAIN] step=11300/100000 epoch=5.5176 loss=1.944249 dt=32.20ms
[TRAIN] step=11400/100000 epoch=5.5664 loss=1.938802 dt=32.15ms
[TRAIN] step=11500/100000 epoch=5.6152 loss=1.935649 dt=32.17ms
[TRAIN] step=11600/100000 epoch=5.6641 loss=1.942204 dt=32.17ms
[TRAIN] step=11700/100000 epoch=5.7129 loss=1.935112 dt=32.15ms
[TRAIN] step=11800/100000 epoch=5.7617 loss=1.941745 dt=32.21ms
[TRAIN] step=11900/100000 epoch=5.8105 loss=1.938070 dt=32.17ms
[TRAIN] step=12000/100000 epoch=5.8594 loss=1.934188 dt=32.17ms
[TRAIN] step=12100/100000 epoch=5.9082 loss=1.943606 dt=32.17ms
[TRAIN] step=12200/100000 epoch=5.9570 loss=1.946118 dt=32.15ms
[TRAIN] step=12300/100000 epoch=6.0059 loss=1.923015 dt=32.16ms
[CHECKPOINT] saved /mnt/beegfs/2a/mb12724/franc/small-language-modelling/data/slm_TR2_uniform_L6_v1/rhm_transformer_v2_P_65536_seed_rules_1_seed_sample_1_seed_model_1/checkpoints/checkpoint_step_12328.pt
[RHM] step=12328 train_peeled_loss_l=[0.00391, 0.00674, 0.01925, 0.53736, 0.41693, 0.36375] val_peeled_loss_l=[0.00393, 0.00678, 0.01928, 0.53818, 0.41678, 0.36505]
[RHM] step=12328 train_Mpos_l=[1.00000, 0.99987, 0.99938, 0.69804, 0.79829, 0.83759] val_Mpos_l=[0.99999, 0.99983, 0.99942, 0.69624, 0.79888, 0.83760] train_valid_l=[0.50794, 0.52496, 0.40835, 0.24731, 0.17043, 0.10061] val_valid_l=[0.50794, 0.52483, 0.40829, 0.24795, 0.17070, 0.10067]
[VALID] step=12328 epoch=6.0195 running=1.934140 train_loss=1.936286 val_loss=1.936217 val_acc=0.381046 log_specnorm=158.349842
[TRAIN] step=12400/100000 epoch=6.0547 loss=1.942732 dt=32.16ms
[TRAIN] step=12500/100000 epoch=6.1035 loss=1.940019 dt=32.15ms
[TRAIN] step=12600/100000 epoch=6.1523 loss=1.937099 dt=32.21ms
[TRAIN] step=12700/100000 epoch=6.2012 loss=1.933367 dt=32.15ms
[TRAIN] step=12800/100000 epoch=6.2500 loss=1.938667 dt=32.15ms
[TRAIN] step=12900/100000 epoch=6.2988 loss=1.936065 dt=32.17ms
[TRAIN] step=13000/100000 epoch=6.3477 loss=1.930193 dt=32.18ms
[TRAIN] step=13100/100000 epoch=6.3965 loss=1.935706 dt=32.19ms
[TRAIN] step=13200/100000 epoch=6.4453 loss=1.941573 dt=32.19ms
[TRAIN] step=13300/100000 epoch=6.4941 loss=1.932081 dt=32.19ms
[TRAIN] step=13400/100000 epoch=6.5430 loss=1.930738 dt=32.18ms
[TRAIN] step=13500/100000 epoch=6.5918 loss=1.943414 dt=32.15ms
[TRAIN] step=13600/100000 epoch=6.6406 loss=1.931879 dt=32.17ms
[TRAIN] step=13700/100000 epoch=6.6895 loss=1.943307 dt=32.16ms
[TRAIN] step=13800/100000 epoch=6.7383 loss=1.922695 dt=32.18ms
[CHECKPOINT] saved /mnt/beegfs/2a/mb12724/franc/small-language-modelling/data/slm_TR2_uniform_L6_v1/rhm_transformer_v2_P_65536_seed_rules_1_seed_sample_1_seed_model_1/checkpoints/checkpoint_step_13849.pt
[RHM] step=13849 train_peeled_loss_l=[0.00426, 0.00658, 0.01782, 0.53544, 0.41534, 0.36319] val_peeled_loss_l=[0.00424, 0.00657, 0.01771, 0.53688, 0.41425, 0.36406]
[RHM] step=13849 train_Mpos_l=[0.99999, 0.99997, 0.99950, 0.69748, 0.79733, 0.83854] val_Mpos_l=[1.00000, 0.99999, 0.99955, 0.69615, 0.79901, 0.83970] train_valid_l=[0.50794, 0.52496, 0.40835, 0.24731, 0.17043, 0.10061] val_valid_l=[0.50794, 0.52483, 0.40829, 0.24795, 0.17070, 0.10067]
[VALID] step=13849 epoch=6.7622 running=1.932671 train_loss=1.932119 val_loss=1.932795 val_acc=0.382013 log_specnorm=160.785938
[TRAIN] step=13900/100000 epoch=6.7871 loss=1.934803 dt=32.19ms
[TRAIN] step=14000/100000 epoch=6.8359 loss=1.935919 dt=32.22ms
[TRAIN] step=14100/100000 epoch=6.8848 loss=1.942318 dt=32.25ms
[TRAIN] step=14200/100000 epoch=6.9336 loss=1.928432 dt=32.24ms
[TRAIN] step=14300/100000 epoch=6.9824 loss=1.931209 dt=32.20ms
[TRAIN] step=14400/100000 epoch=7.0312 loss=1.920593 dt=32.21ms
[TRAIN] step=14500/100000 epoch=7.0801 loss=1.927376 dt=32.19ms
[TRAIN] step=14600/100000 epoch=7.1289 loss=1.949187 dt=32.24ms
[TRAIN] step=14700/100000 epoch=7.1777 loss=1.928915 dt=32.17ms
[TRAIN] step=14800/100000 epoch=7.2266 loss=1.924058 dt=32.19ms
[TRAIN] step=14900/100000 epoch=7.2754 loss=1.930942 dt=32.19ms
[TRAIN] step=15000/100000 epoch=7.3242 loss=1.932973 dt=32.24ms
[TRAIN] step=15100/100000 epoch=7.3730 loss=1.936566 dt=32.22ms
[TRAIN] step=15200/100000 epoch=7.4219 loss=1.939847 dt=32.21ms
[TRAIN] step=15300/100000 epoch=7.4707 loss=1.942337 dt=32.20ms
[TRAIN] step=15400/100000 epoch=7.5195 loss=1.917418 dt=32.21ms
[TRAIN] step=15500/100000 epoch=7.5684 loss=1.919652 dt=32.24ms
[CHECKPOINT] saved /mnt/beegfs/2a/mb12724/franc/small-language-modelling/data/slm_TR2_uniform_L6_v1/rhm_transformer_v2_P_65536_seed_rules_1_seed_sample_1_seed_model_1/checkpoints/checkpoint_step_15557.pt
[RHM] step=15557 train_peeled_loss_l=[0.00353, 0.00672, 0.01917, 0.53085, 0.41269, 0.36229] val_peeled_loss_l=[0.00352, 0.00670, 0.01911, 0.53151, 0.41279, 0.36152]
[RHM] step=15557 train_Mpos_l=[0.99999, 0.99987, 0.99915, 0.70197, 0.79950, 0.83885] val_Mpos_l=[1.00000, 0.99987, 0.99923, 0.70151, 0.80014, 0.83949] train_valid_l=[0.50794, 0.52496, 0.40835, 0.24731, 0.17043, 0.10061] val_valid_l=[0.50794, 0.52483, 0.40829, 0.24795, 0.17070, 0.10067]
[VALID] step=15557 epoch=7.5962 running=1.935908 train_loss=1.929244 val_loss=1.929747 val_acc=0.382062 log_specnorm=163.042125
[TRAIN] step=15600/100000 epoch=7.6172 loss=1.932400 dt=32.23ms
[TRAIN] step=15700/100000 epoch=7.6660 loss=1.923406 dt=32.22ms
[TRAIN] step=15800/100000 epoch=7.7148 loss=1.935748 dt=32.23ms
[TRAIN] step=15900/100000 epoch=7.7637 loss=1.927932 dt=32.23ms
[TRAIN] step=16000/100000 epoch=7.8125 loss=1.929928 dt=32.20ms
[TRAIN] step=16100/100000 epoch=7.8613 loss=1.932075 dt=32.23ms
[TRAIN] step=16200/100000 epoch=7.9102 loss=1.933975 dt=32.23ms
[TRAIN] step=16300/100000 epoch=7.9590 loss=1.933985 dt=32.24ms
[TRAIN] step=16400/100000 epoch=8.0078 loss=1.922462 dt=32.19ms
[TRAIN] step=16500/100000 epoch=8.0566 loss=1.916098 dt=32.22ms
[TRAIN] step=16600/100000 epoch=8.1055 loss=1.918633 dt=32.25ms
[TRAIN] step=16700/100000 epoch=8.1543 loss=1.930639 dt=32.22ms
[TRAIN] step=16800/100000 epoch=8.2031 loss=1.916973 dt=32.21ms
[TRAIN] step=16900/100000 epoch=8.2520 loss=1.938926 dt=32.22ms
[TRAIN] step=17000/100000 epoch=8.3008 loss=1.923257 dt=32.23ms
[TRAIN] step=17100/100000 epoch=8.3496 loss=1.937543 dt=32.20ms
[TRAIN] step=17200/100000 epoch=8.3984 loss=1.923252 dt=32.25ms
[TRAIN] step=17300/100000 epoch=8.4473 loss=1.926036 dt=32.24ms
[TRAIN] step=17400/100000 epoch=8.4961 loss=1.936123 dt=32.19ms
[CHECKPOINT] saved /mnt/beegfs/2a/mb12724/franc/small-language-modelling/data/slm_TR2_uniform_L6_v1/rhm_transformer_v2_P_65536_seed_rules_1_seed_sample_1_seed_model_1/checkpoints/checkpoint_step_17475.pt
[RHM] step=17475 train_peeled_loss_l=[0.00379, 0.00525, 0.01272, 0.51250, 0.41220, 0.36219] val_peeled_loss_l=[0.00380, 0.00525, 0.01269, 0.51301, 0.41246, 0.36164]
[RHM] step=17475 train_Mpos_l=[0.99999, 0.99999, 0.99975, 0.72178, 0.79943, 0.83896] val_Mpos_l=[0.99999, 0.99999, 0.99976, 0.72099, 0.80145, 0.84064] train_valid_l=[0.50794, 0.52496, 0.40835, 0.24731, 0.17043, 0.10061] val_valid_l=[0.50794, 0.52483, 0.40829, 0.24795, 0.17070, 0.10067]
[VALID] step=17475 epoch=8.5327 running=1.929632 train_loss=1.918833 val_loss=1.918602 val_acc=0.385147 log_specnorm=165.421848
[TRAIN] step=17500/100000 epoch=8.5449 loss=1.916173 dt=32.22ms
[TRAIN] step=17600/100000 epoch=8.5938 loss=1.909014 dt=32.18ms
[TRAIN] step=17700/100000 epoch=8.6426 loss=1.911654 dt=32.21ms
[TRAIN] step=17800/100000 epoch=8.6914 loss=1.919496 dt=32.17ms
[TRAIN] step=17900/100000 epoch=8.7402 loss=1.913840 dt=32.20ms
[TRAIN] step=18000/100000 epoch=8.7891 loss=1.927892 dt=32.20ms
[TRAIN] step=18100/100000 epoch=8.8379 loss=1.927942 dt=32.18ms
[TRAIN] step=18200/100000 epoch=8.8867 loss=1.917385 dt=32.18ms
[TRAIN] step=18300/100000 epoch=8.9355 loss=1.923391 dt=32.18ms
[TRAIN] step=18400/100000 epoch=8.9844 loss=1.909372 dt=32.17ms
[TRAIN] step=18500/100000 epoch=9.0332 loss=1.928313 dt=32.17ms
[TRAIN] step=18600/100000 epoch=9.0820 loss=1.923230 dt=32.23ms
[TRAIN] step=18700/100000 epoch=9.1309 loss=1.917123 dt=32.20ms
[TRAIN] step=18800/100000 epoch=9.1797 loss=1.915253 dt=32.25ms
[TRAIN] step=18900/100000 epoch=9.2285 loss=1.912903 dt=32.18ms
[TRAIN] step=19000/100000 epoch=9.2773 loss=1.927258 dt=32.24ms
[TRAIN] step=19100/100000 epoch=9.3262 loss=1.924833 dt=32.19ms
[TRAIN] step=19200/100000 epoch=9.3750 loss=1.927052 dt=32.21ms
[TRAIN] step=19300/100000 epoch=9.4238 loss=1.916896 dt=32.23ms
[TRAIN] step=19400/100000 epoch=9.4727 loss=1.918082 dt=32.15ms
[TRAIN] step=19500/100000 epoch=9.5215 loss=1.917036 dt=32.15ms
[TRAIN] step=19600/100000 epoch=9.5703 loss=1.916101 dt=32.15ms
[CHECKPOINT] saved /mnt/beegfs/2a/mb12724/franc/small-language-modelling/data/slm_TR2_uniform_L6_v1/rhm_transformer_v2_P_65536_seed_rules_1_seed_sample_1_seed_model_1/checkpoints/checkpoint_step_19630.pt
[RHM] step=19630 train_peeled_loss_l=[0.00304, 0.00531, 0.01304, 0.48658, 0.40764, 0.35910] val_peeled_loss_l=[0.00304, 0.00529, 0.01316, 0.48833, 0.40695, 0.35799]
[RHM] step=19630 train_Mpos_l=[0.99995, 0.99986, 0.99903, 0.74865, 0.80502, 0.83887] val_Mpos_l=[0.99995, 0.99987, 0.99899, 0.74745, 0.80643, 0.84149] train_valid_l=[0.50794, 0.52496, 0.40835, 0.24731, 0.17043, 0.10061] val_valid_l=[0.50794, 0.52483, 0.40829, 0.24795, 0.17070, 0.10067]
[VALID] step=19630 epoch=9.5850 running=1.913895 train_loss=1.913205 val_loss=1.913282 val_acc=0.387324 log_specnorm=167.870690
[TRAIN] step=19700/100000 epoch=9.6191 loss=1.914003 dt=32.46ms
[TRAIN] step=19800/100000 epoch=9.6680 loss=1.907923 dt=32.47ms
[TRAIN] step=19900/100000 epoch=9.7168 loss=1.905399 dt=32.65ms
[TRAIN] step=20000/100000 epoch=9.7656 loss=1.904566 dt=32.45ms
[TRAIN] step=20100/100000 epoch=9.8145 loss=1.915797 dt=32.52ms
[TRAIN] step=20200/100000 epoch=9.8633 loss=1.921159 dt=32.54ms
[TRAIN] step=20300/100000 epoch=9.9121 loss=1.910951 dt=32.50ms
[TRAIN] step=20400/100000 epoch=9.9609 loss=1.916054 dt=32.49ms
[TRAIN] step=20500/100000 epoch=10.0098 loss=1.914457 dt=32.47ms
[TRAIN] step=20600/100000 epoch=10.0586 loss=1.909947 dt=32.43ms
[TRAIN] step=20700/100000 epoch=10.1074 loss=1.904419 dt=32.53ms
[TRAIN] step=20800/100000 epoch=10.1562 loss=1.904183 dt=32.55ms
[TRAIN] step=20900/100000 epoch=10.2051 loss=1.906252 dt=32.50ms
[TRAIN] step=21000/100000 epoch=10.2539 loss=1.911851 dt=32.50ms
[TRAIN] step=21100/100000 epoch=10.3027 loss=1.907162 dt=32.51ms
[TRAIN] step=21200/100000 epoch=10.3516 loss=1.898760 dt=32.89ms
[TRAIN] step=21300/100000 epoch=10.4004 loss=1.908990 dt=32.81ms
[TRAIN] step=21400/100000 epoch=10.4492 loss=1.902044 dt=32.93ms
[TRAIN] step=21500/100000 epoch=10.4980 loss=1.904183 dt=32.84ms
[TRAIN] step=21600/100000 epoch=10.5469 loss=1.906190 dt=33.27ms
[TRAIN] step=21700/100000 epoch=10.5957 loss=1.894797 dt=33.30ms
[TRAIN] step=21800/100000 epoch=10.6445 loss=1.915525 dt=33.94ms
[TRAIN] step=21900/100000 epoch=10.6934 loss=1.904287 dt=32.26ms
[TRAIN] step=22000/100000 epoch=10.7422 loss=1.905978 dt=32.24ms
[CHECKPOINT] saved /mnt/beegfs/2a/mb12724/franc/small-language-modelling/data/slm_TR2_uniform_L6_v1/rhm_transformer_v2_P_65536_seed_rules_1_seed_sample_1_seed_model_1/checkpoints/checkpoint_step_22051.pt
[RHM] step=22051 train_peeled_loss_l=[0.00293, 0.00466, 0.01042, 0.42615, 0.40598, 0.35869] val_peeled_loss_l=[0.00282, 0.00462, 0.01053, 0.42816, 0.40672, 0.35769]
[RHM] step=22051 train_Mpos_l=[0.99992, 0.99996, 0.99972, 0.80123, 0.80472, 0.83915] val_Mpos_l=[0.99994, 0.99997, 0.99964, 0.79922, 0.80458, 0.83955] train_valid_l=[0.50794, 0.52496, 0.40835, 0.24731, 0.17043, 0.10061] val_valid_l=[0.50794, 0.52483, 0.40829, 0.24795, 0.17070, 0.10067]
[VALID] step=22051 epoch=10.7671 running=1.904708 train_loss=1.897028 val_loss=1.897383 val_acc=0.390399 log_specnorm=170.434179
[TRAIN] step=22100/100000 epoch=10.7910 loss=1.908310 dt=32.43ms
[TRAIN] step=22200/100000 epoch=10.8398 loss=1.902527 dt=32.26ms
[TRAIN] step=22300/100000 epoch=10.8887 loss=1.905759 dt=35.77ms
[TRAIN] step=22400/100000 epoch=10.9375 loss=1.910164 dt=34.47ms
[TRAIN] step=22500/100000 epoch=10.9863 loss=1.887455 dt=32.68ms
[TRAIN] step=22600/100000 epoch=11.0352 loss=1.892137 dt=32.22ms
[TRAIN] step=22700/100000 epoch=11.0840 loss=1.904776 dt=35.79ms
[TRAIN] step=22800/100000 epoch=11.1328 loss=1.876059 dt=35.88ms
[TRAIN] step=22900/100000 epoch=11.1816 loss=1.901470 dt=32.69ms
[TRAIN] step=23000/100000 epoch=11.2305 loss=1.884041 dt=32.19ms
[TRAIN] step=23100/100000 epoch=11.2793 loss=1.886028 dt=35.91ms
[TRAIN] step=23200/100000 epoch=11.3281 loss=1.896427 dt=35.83ms
[TRAIN] step=23300/100000 epoch=11.3770 loss=1.889879 dt=32.72ms
[TRAIN] step=23400/100000 epoch=11.4258 loss=1.887787 dt=32.19ms
[TRAIN] step=23500/100000 epoch=11.4746 loss=1.902970 dt=35.85ms
[TRAIN] step=23600/100000 epoch=11.5234 loss=1.887716 dt=35.87ms
[TRAIN] step=23700/100000 epoch=11.5723 loss=1.882802 dt=32.76ms
[TRAIN] step=23800/100000 epoch=11.6211 loss=1.876032 dt=32.17ms
[TRAIN] step=23900/100000 epoch=11.6699 loss=1.887376 dt=32.25ms
[TRAIN] step=24000/100000 epoch=11.7188 loss=1.882607 dt=32.18ms
[TRAIN] step=24100/100000 epoch=11.7676 loss=1.873277 dt=35.92ms
[TRAIN] step=24200/100000 epoch=11.8164 loss=1.885455 dt=35.78ms
[TRAIN] step=24300/100000 epoch=11.8652 loss=1.880729 dt=32.74ms
[TRAIN] step=24400/100000 epoch=11.9141 loss=1.875815 dt=32.22ms
[TRAIN] step=24500/100000 epoch=11.9629 loss=1.884195 dt=35.91ms
[TRAIN] step=24600/100000 epoch=12.0117 loss=1.870758 dt=35.80ms
[TRAIN] step=24700/100000 epoch=12.0605 loss=1.862054 dt=32.87ms
[CHECKPOINT] saved /mnt/beegfs/2a/mb12724/franc/small-language-modelling/data/slm_TR2_uniform_L6_v1/rhm_transformer_v2_P_65536_seed_rules_1_seed_sample_1_seed_model_1/checkpoints/checkpoint_step_24771.pt
[RHM] step=24771 train_peeled_loss_l=[0.00306, 0.00514, 0.01064, 0.30218, 0.40490, 0.35595] val_peeled_loss_l=[0.00308, 0.00508, 0.01073, 0.30416, 0.40309, 0.35578]
[RHM] step=24771 train_Mpos_l=[0.99998, 0.99994, 0.99966, 0.88768, 0.80710, 0.84156] val_Mpos_l=[0.99998, 0.99997, 0.99963, 0.88617, 0.80914, 0.84223] train_valid_l=[0.50794, 0.52496, 0.40835, 0.24731, 0.17043, 0.10061] val_valid_l=[0.50794, 0.52483, 0.40829, 0.24795, 0.17070, 0.10067]
[VALID] step=24771 epoch=12.0952 running=1.854088 train_loss=1.866541 val_loss=1.866715 val_acc=0.398059 log_specnorm=173.061525
[TRAIN] step=24800/100000 epoch=12.1094 loss=1.859612 dt=32.25ms
[TRAIN] step=24900/100000 epoch=12.1582 loss=1.867048 dt=32.24ms
[TRAIN] step=25000/100000 epoch=12.2070 loss=1.864188 dt=32.22ms
[TRAIN] step=25100/100000 epoch=12.2559 loss=1.857935 dt=32.22ms
[TRAIN] step=25200/100000 epoch=12.3047 loss=1.850873 dt=32.21ms
[TRAIN] step=25300/100000 epoch=12.3535 loss=1.840170 dt=32.20ms
[TRAIN] step=25400/100000 epoch=12.4023 loss=1.866913 dt=32.18ms
[TRAIN] step=25500/100000 epoch=12.4512 loss=1.854727 dt=32.25ms
[TRAIN] step=25600/100000 epoch=12.5000 loss=1.857192 dt=32.21ms
[TRAIN] step=25700/100000 epoch=12.5488 loss=1.846135 dt=32.21ms
[TRAIN] step=25800/100000 epoch=12.5977 loss=1.844268 dt=32.19ms
[TRAIN] step=25900/100000 epoch=12.6465 loss=1.867700 dt=32.23ms
[TRAIN] step=26000/100000 epoch=12.6953 loss=1.852101 dt=32.21ms
[TRAIN] step=26100/100000 epoch=12.7441 loss=1.866458 dt=32.20ms
[TRAIN] step=26200/100000 epoch=12.7930 loss=1.833748 dt=32.24ms
[TRAIN] step=26300/100000 epoch=12.8418 loss=1.843477 dt=32.18ms
[TRAIN] step=26400/100000 epoch=12.8906 loss=1.848053 dt=32.21ms
[TRAIN] step=26500/100000 epoch=12.9395 loss=1.845287 dt=32.20ms
[TRAIN] step=26600/100000 epoch=12.9883 loss=1.845145 dt=35.39ms
[TRAIN] step=26700/100000 epoch=13.0371 loss=1.842538 dt=35.33ms
[TRAIN] step=26800/100000 epoch=13.0859 loss=1.847017 dt=35.34ms
[TRAIN] step=26900/100000 epoch=13.1348 loss=1.842304 dt=35.35ms
[TRAIN] step=27000/100000 epoch=13.1836 loss=1.843768 dt=34.53ms
[TRAIN] step=27100/100000 epoch=13.2324 loss=1.847847 dt=34.46ms
[TRAIN] step=27200/100000 epoch=13.2812 loss=1.849688 dt=34.42ms
[TRAIN] step=27300/100000 epoch=13.3301 loss=1.823690 dt=34.49ms
[TRAIN] step=27400/100000 epoch=13.3789 loss=1.825827 dt=34.50ms
[TRAIN] step=27500/100000 epoch=13.4277 loss=1.839114 dt=34.48ms
[TRAIN] step=27600/100000 epoch=13.4766 loss=1.838462 dt=34.44ms
[TRAIN] step=27700/100000 epoch=13.5254 loss=1.842544 dt=34.50ms
[TRAIN] step=27800/100000 epoch=13.5742 loss=1.843352 dt=34.43ms
[CHECKPOINT] saved /mnt/beegfs/2a/mb12724/franc/small-language-modelling/data/slm_TR2_uniform_L6_v1/rhm_transformer_v2_P_65536_seed_rules_1_seed_sample_1_seed_model_1/checkpoints/checkpoint_step_27826.pt
[RHM] step=27826 train_peeled_loss_l=[0.00304, 0.00425, 0.00860, 0.17201, 0.39687, 0.35220] val_peeled_loss_l=[0.00305, 0.00424, 0.00847, 0.17472, 0.39664, 0.35256]
[RHM] step=27826 train_Mpos_l=[0.99998, 0.99991, 0.99960, 0.95116, 0.81564, 0.84518] val_Mpos_l=[0.99997, 0.99994, 0.99957, 0.94984, 0.81525, 0.84407] train_valid_l=[0.50794, 0.52496, 0.40835, 0.24731, 0.17043, 0.10061] val_valid_l=[0.50794, 0.52483, 0.40829, 0.24795, 0.17070, 0.10067]
[VALID] step=27826 epoch=13.5869 running=1.831351 train_loss=1.833542 val_loss=1.833646 val_acc=0.405300 log_specnorm=175.082487
[TRAIN] step=27900/100000 epoch=13.6230 loss=1.836247 dt=35.38ms
[TRAIN] step=28000/100000 epoch=13.6719 loss=1.825296 dt=35.42ms
[TRAIN] step=28100/100000 epoch=13.7207 loss=1.828948 dt=35.43ms
[TRAIN] step=28200/100000 epoch=13.7695 loss=1.814591 dt=35.59ms
[TRAIN] step=28300/100000 epoch=13.8184 loss=1.821794 dt=35.43ms
[TRAIN] step=28400/100000 epoch=13.8672 loss=1.844657 dt=35.43ms
[TRAIN] step=28500/100000 epoch=13.9160 loss=1.825219 dt=35.40ms
[TRAIN] step=28600/100000 epoch=13.9648 loss=1.825923 dt=35.43ms
[TRAIN] step=28700/100000 epoch=14.0137 loss=1.831572 dt=35.42ms
[TRAIN] step=28800/100000 epoch=14.0625 loss=1.821606 dt=35.42ms
[TRAIN] step=28900/100000 epoch=14.1113 loss=1.831106 dt=35.38ms
[TRAIN] step=29000/100000 epoch=14.1602 loss=1.809442 dt=35.57ms
[TRAIN] step=29100/100000 epoch=14.2090 loss=1.818005 dt=35.38ms
[TRAIN] step=29200/100000 epoch=14.2578 loss=1.819383 dt=35.39ms
[TRAIN] step=29300/100000 epoch=14.3066 loss=1.796781 dt=35.43ms
[TRAIN] step=29400/100000 epoch=14.3555 loss=1.808952 dt=35.37ms
[TRAIN] step=29500/100000 epoch=14.4043 loss=1.812927 dt=35.40ms
[TRAIN] step=29600/100000 epoch=14.4531 loss=1.824581 dt=35.42ms
[TRAIN] step=29700/100000 epoch=14.5020 loss=1.822101 dt=35.40ms
[TRAIN] step=29800/100000 epoch=14.5508 loss=1.808583 dt=35.41ms
[TRAIN] step=29900/100000 epoch=14.5996 loss=1.818436 dt=35.41ms
[TRAIN] step=30000/100000 epoch=14.6484 loss=1.821369 dt=35.40ms
[TRAIN] step=30100/100000 epoch=14.6973 loss=1.812142 dt=35.39ms
[TRAIN] step=30200/100000 epoch=14.7461 loss=1.805602 dt=35.42ms
[TRAIN] step=30300/100000 epoch=14.7949 loss=1.816070 dt=35.43ms
[TRAIN] step=30400/100000 epoch=14.8438 loss=1.790880 dt=35.39ms
[TRAIN] step=30500/100000 epoch=14.8926 loss=1.817723 dt=35.41ms
[TRAIN] step=30600/100000 epoch=14.9414 loss=1.804131 dt=35.37ms
[TRAIN] step=30700/100000 epoch=14.9902 loss=1.798132 dt=35.39ms
[TRAIN] step=30800/100000 epoch=15.0391 loss=1.797073 dt=35.44ms
[TRAIN] step=30900/100000 epoch=15.0879 loss=1.808291 dt=35.40ms
[TRAIN] step=31000/100000 epoch=15.1367 loss=1.805017 dt=37.62ms
[TRAIN] step=31100/100000 epoch=15.1855 loss=1.796480 dt=37.61ms
[TRAIN] step=31200/100000 epoch=15.2344 loss=1.799650 dt=37.59ms
[CHECKPOINT] saved /mnt/beegfs/2a/mb12724/franc/small-language-modelling/data/slm_TR2_uniform_L6_v1/rhm_transformer_v2_P_65536_seed_rules_1_seed_sample_1_seed_model_1/checkpoints/checkpoint_step_31257.pt
[RHM] step=31257 train_peeled_loss_l=[0.00318, 0.00451, 0.00763, 0.09754, 0.39093, 0.34594] val_peeled_loss_l=[0.00320, 0.00454, 0.00763, 0.09880, 0.39013, 0.34697]
[RHM] step=31257 train_Mpos_l=[0.99997, 0.99991, 0.99982, 0.98198, 0.82128, 0.84620] val_Mpos_l=[0.99996, 0.99989, 0.99982, 0.98122, 0.82090, 0.84627] train_valid_l=[0.50794, 0.52496, 0.40835, 0.24731, 0.17043, 0.10061] val_valid_l=[0.50794, 0.52483, 0.40829, 0.24795, 0.17070, 0.10067]
[VALID] step=31257 epoch=15.2622 running=1.800728 train_loss=1.804950 val_loss=1.805567 val_acc=0.410982 log_specnorm=177.026557
[TRAIN] step=31300/100000 epoch=15.2832 loss=1.802812 dt=35.38ms
[TRAIN] step=31400/100000 epoch=15.3320 loss=1.802446 dt=35.38ms
[TRAIN] step=31500/100000 epoch=15.3809 loss=1.819372 dt=35.37ms
[TRAIN] step=31600/100000 epoch=15.4297 loss=1.807723 dt=35.36ms
[TRAIN] step=31700/100000 epoch=15.4785 loss=1.801400 dt=35.40ms
[TRAIN] step=31800/100000 epoch=15.5273 loss=1.811862 dt=35.39ms
[TRAIN] step=31900/100000 epoch=15.5762 loss=1.809771 dt=35.39ms
[TRAIN] step=32000/100000 epoch=15.6250 loss=1.797752 dt=35.37ms
[TRAIN] step=32100/100000 epoch=15.6738 loss=1.809265 dt=35.37ms
[TRAIN] step=32200/100000 epoch=15.7227 loss=1.793544 dt=35.38ms
[TRAIN] step=32300/100000 epoch=15.7715 loss=1.806998 dt=35.36ms
[TRAIN] step=32400/100000 epoch=15.8203 loss=1.804132 dt=35.38ms
[TRAIN] step=32500/100000 epoch=15.8691 loss=1.787309 dt=35.37ms
[TRAIN] step=32600/100000 epoch=15.9180 loss=1.797773 dt=35.37ms
[TRAIN] step=32700/100000 epoch=15.9668 loss=1.800898 dt=35.53ms
[TRAIN] step=32800/100000 epoch=16.0156 loss=1.793169 dt=35.38ms
[TRAIN] step=32900/100000 epoch=16.0645 loss=1.791535 dt=35.40ms
[TRAIN] step=33000/100000 epoch=16.1133 loss=1.789164 dt=35.38ms
[TRAIN] step=33100/100000 epoch=16.1621 loss=1.790859 dt=35.36ms
[TRAIN] step=33200/100000 epoch=16.2109 loss=1.795571 dt=35.34ms
[TRAIN] step=33300/100000 epoch=16.2598 loss=1.804907 dt=35.37ms
[TRAIN] step=33400/100000 epoch=16.3086 loss=1.787386 dt=35.51ms
[TRAIN] step=33500/100000 epoch=16.3574 loss=1.800339 dt=35.35ms
[TRAIN] step=33600/100000 epoch=16.4062 loss=1.793472 dt=35.36ms
[TRAIN] step=33700/100000 epoch=16.4551 loss=1.803314 dt=35.37ms
[TRAIN] step=33800/100000 epoch=16.5039 loss=1.784489 dt=35.40ms
[TRAIN] step=33900/100000 epoch=16.5527 loss=1.791023 dt=35.37ms
[TRAIN] step=34000/100000 epoch=16.6016 loss=1.783709 dt=35.38ms
[TRAIN] step=34100/100000 epoch=16.6504 loss=1.785571 dt=35.37ms
[TRAIN] step=34200/100000 epoch=16.6992 loss=1.808996 dt=35.34ms
[TRAIN] step=34300/100000 epoch=16.7480 loss=1.791258 dt=35.36ms
[TRAIN] step=34400/100000 epoch=16.7969 loss=1.791207 dt=35.38ms
[TRAIN] step=34500/100000 epoch=16.8457 loss=1.788278 dt=35.38ms
[TRAIN] step=34600/100000 epoch=16.8945 loss=1.796270 dt=35.39ms
[TRAIN] step=34700/100000 epoch=16.9434 loss=1.788312 dt=35.35ms
[TRAIN] step=34800/100000 epoch=16.9922 loss=1.797120 dt=35.36ms
[TRAIN] step=34900/100000 epoch=17.0410 loss=1.789931 dt=35.36ms
[TRAIN] step=35000/100000 epoch=17.0898 loss=1.789719 dt=35.39ms
[TRAIN] step=35100/100000 epoch=17.1387 loss=1.788399 dt=35.54ms
[CHECKPOINT] saved /mnt/beegfs/2a/mb12724/franc/small-language-modelling/data/slm_TR2_uniform_L6_v1/rhm_transformer_v2_P_65536_seed_rules_1_seed_sample_1_seed_model_1/checkpoints/checkpoint_step_35112.pt
[RHM] step=35112 train_peeled_loss_l=[0.00303, 0.00415, 0.00771, 0.06445, 0.38726, 0.34355] val_peeled_loss_l=[0.00303, 0.00422, 0.00777, 0.06568, 0.38613, 0.34515]
[RHM] step=35112 train_Mpos_l=[0.99995, 0.99993, 0.99983, 0.99144, 0.82155, 0.85054] val_Mpos_l=[0.99995, 0.99991, 0.99984, 0.99081, 0.82321, 0.84955] train_valid_l=[0.50794, 0.52496, 0.40835, 0.24731, 0.17043, 0.10061] val_valid_l=[0.50794, 0.52483, 0.40829, 0.24795, 0.17070, 0.10067]
[VALID] step=35112 epoch=17.1445 running=1.792775 train_loss=1.793024 val_loss=1.793044 val_acc=0.412757 log_specnorm=178.830209
[TRAIN] step=35200/100000 epoch=17.1875 loss=1.806192 dt=35.37ms
[TRAIN] step=35300/100000 epoch=17.2363 loss=1.780929 dt=35.37ms
[TRAIN] step=35400/100000 epoch=17.2852 loss=1.794154 dt=35.37ms
[TRAIN] step=35500/100000 epoch=17.3340 loss=1.799588 dt=35.39ms
[TRAIN] step=35600/100000 epoch=17.3828 loss=1.778668 dt=35.38ms
[TRAIN] step=35700/100000 epoch=17.4316 loss=1.788837 dt=35.35ms
[TRAIN] step=35800/100000 epoch=17.4805 loss=1.808380 dt=35.38ms
[TRAIN] step=35900/100000 epoch=17.5293 loss=1.783267 dt=35.37ms
[TRAIN] step=36000/100000 epoch=17.5781 loss=1.788846 dt=35.55ms
[TRAIN] step=36100/100000 epoch=17.6270 loss=1.789810 dt=35.36ms
[TRAIN] step=36200/100000 epoch=17.6758 loss=1.775254 dt=35.37ms
[TRAIN] step=36300/100000 epoch=17.7246 loss=1.789943 dt=34.48ms
[TRAIN] step=36400/100000 epoch=17.7734 loss=1.805039 dt=34.49ms
[TRAIN] step=36500/100000 epoch=17.8223 loss=1.778204 dt=34.47ms
[TRAIN] step=36600/100000 epoch=17.8711 loss=1.786997 dt=34.51ms
[TRAIN] step=36700/100000 epoch=17.9199 loss=1.796362 dt=32.14ms
[TRAIN] step=36800/100000 epoch=17.9688 loss=1.782315 dt=32.15ms
[TRAIN] step=36900/100000 epoch=18.0176 loss=1.800122 dt=32.13ms
[TRAIN] step=37000/100000 epoch=18.0664 loss=1.783961 dt=32.15ms
[TRAIN] step=37100/100000 epoch=18.1152 loss=1.797859 dt=32.14ms
[TRAIN] step=37200/100000 epoch=18.1641 loss=1.792194 dt=32.12ms
[TRAIN] step=37300/100000 epoch=18.2129 loss=1.778410 dt=32.16ms
[TRAIN] step=37400/100000 epoch=18.2617 loss=1.784857 dt=32.11ms
[TRAIN] step=37500/100000 epoch=18.3105 loss=1.773661 dt=32.12ms
[TRAIN] step=37600/100000 epoch=18.3594 loss=1.790796 dt=32.11ms
[TRAIN] step=37700/100000 epoch=18.4082 loss=1.783909 dt=32.11ms
[TRAIN] step=37800/100000 epoch=18.4570 loss=1.802111 dt=32.11ms
[TRAIN] step=37900/100000 epoch=18.5059 loss=1.787926 dt=32.12ms
[TRAIN] step=38000/100000 epoch=18.5547 loss=1.773929 dt=32.15ms
[TRAIN] step=38100/100000 epoch=18.6035 loss=1.796081 dt=32.10ms
[TRAIN] step=38200/100000 epoch=18.6523 loss=1.791412 dt=32.11ms
[TRAIN] step=38300/100000 epoch=18.7012 loss=1.779005 dt=32.14ms
[TRAIN] step=38400/100000 epoch=18.7500 loss=1.788243 dt=32.14ms
[TRAIN] step=38500/100000 epoch=18.7988 loss=1.776178 dt=32.12ms
[TRAIN] step=38600/100000 epoch=18.8477 loss=1.779147 dt=32.11ms
[TRAIN] step=38700/100000 epoch=18.8965 loss=1.785564 dt=32.16ms
[TRAIN] step=38800/100000 epoch=18.9453 loss=1.780238 dt=32.13ms
[TRAIN] step=38900/100000 epoch=18.9941 loss=1.790072 dt=32.13ms
[TRAIN] step=39000/100000 epoch=19.0430 loss=1.777838 dt=32.12ms
[TRAIN] step=39100/100000 epoch=19.0918 loss=1.793780 dt=32.13ms
[TRAIN] step=39200/100000 epoch=19.1406 loss=1.776197 dt=32.14ms
[TRAIN] step=39300/100000 epoch=19.1895 loss=1.770910 dt=32.11ms
[TRAIN] step=39400/100000 epoch=19.2383 loss=1.776884 dt=32.14ms
[CHECKPOINT] saved /mnt/beegfs/2a/mb12724/franc/small-language-modelling/data/slm_TR2_uniform_L6_v1/rhm_transformer_v2_P_65536_seed_rules_1_seed_sample_1_seed_model_1/checkpoints/checkpoint_step_39442.pt
[RHM] step=39442 train_peeled_loss_l=[0.00222, 0.00410, 0.00674, 0.05160, 0.38141, 0.34400] val_peeled_loss_l=[0.00220, 0.00411, 0.00676, 0.05247, 0.38145, 0.34420]
[RHM] step=39442 train_Mpos_l=[0.99999, 0.99997, 0.99981, 0.99418, 0.82492, 0.84932] val_Mpos_l=[0.99999, 0.99997, 0.99981, 0.99379, 0.82619, 0.85022] train_valid_l=[0.50794, 0.52496, 0.40835, 0.24731, 0.17043, 0.10061] val_valid_l=[0.50794, 0.52483, 0.40829, 0.24795, 0.17070, 0.10067]
[VALID] step=39442 epoch=19.2588 running=1.775785 train_loss=1.784646 val_loss=1.784282 val_acc=0.413447 log_specnorm=180.558171
[TRAIN] step=39500/100000 epoch=19.2871 loss=1.781879 dt=38.31ms
[TRAIN] step=39600/100000 epoch=19.3359 loss=1.784210 dt=38.33ms
[TRAIN] step=39700/100000 epoch=19.3848 loss=1.784266 dt=38.33ms
[TRAIN] step=39800/100000 epoch=19.4336 loss=1.789638 dt=38.34ms
[TRAIN] step=39900/100000 epoch=19.4824 loss=1.784814 dt=38.27ms
[TRAIN] step=40000/100000 epoch=19.5312 loss=1.783333 dt=38.37ms
[TRAIN] step=40100/100000 epoch=19.5801 loss=1.783337 dt=38.30ms
[TRAIN] step=40200/100000 epoch=19.6289 loss=1.778305 dt=38.35ms
[TRAIN] step=40300/100000 epoch=19.6777 loss=1.788337 dt=38.30ms
[TRAIN] step=40400/100000 epoch=19.7266 loss=1.781207 dt=34.93ms
[TRAIN] step=40500/100000 epoch=19.7754 loss=1.776356 dt=34.84ms
[TRAIN] step=40600/100000 epoch=19.8242 loss=1.778482 dt=34.86ms
[TRAIN] step=40700/100000 epoch=19.8730 loss=1.782461 dt=34.88ms
[TRAIN] step=40800/100000 epoch=19.9219 loss=1.772793 dt=34.81ms
[TRAIN] step=40900/100000 epoch=19.9707 loss=1.763715 dt=34.78ms
[TRAIN] step=41000/100000 epoch=20.0195 loss=1.790234 dt=34.92ms
[TRAIN] step=41100/100000 epoch=20.0684 loss=1.768756 dt=34.85ms
[TRAIN] step=41200/100000 epoch=20.1172 loss=1.785571 dt=34.84ms
[TRAIN] step=41300/100000 epoch=20.1660 loss=1.783860 dt=34.83ms
[TRAIN] step=41400/100000 epoch=20.2148 loss=1.780527 dt=34.84ms
[TRAIN] step=41500/100000 epoch=20.2637 loss=1.777624 dt=34.85ms
[TRAIN] step=41600/100000 epoch=20.3125 loss=1.787775 dt=34.80ms
[TRAIN] step=41700/100000 epoch=20.3613 loss=1.779099 dt=37.80ms
[TRAIN] step=41800/100000 epoch=20.4102 loss=1.771420 dt=37.64ms
[TRAIN] step=41900/100000 epoch=20.4590 loss=1.799162 dt=37.61ms
[TRAIN] step=42000/100000 epoch=20.5078 loss=1.780565 dt=37.60ms
[TRAIN] step=42100/100000 epoch=20.5566 loss=1.789901 dt=37.57ms
[TRAIN] step=42200/100000 epoch=20.6055 loss=1.771301 dt=37.58ms
[TRAIN] step=42300/100000 epoch=20.6543 loss=1.779382 dt=37.62ms
[TRAIN] step=42400/100000 epoch=20.7031 loss=1.780409 dt=37.60ms
[TRAIN] step=42500/100000 epoch=20.7520 loss=1.779983 dt=37.61ms
[TRAIN] step=42600/100000 epoch=20.8008 loss=1.786912 dt=37.60ms
[TRAIN] step=42700/100000 epoch=20.8496 loss=1.785339 dt=37.61ms
[TRAIN] step=42800/100000 epoch=20.8984 loss=1.780603 dt=37.59ms
[TRAIN] step=42900/100000 epoch=20.9473 loss=1.780563 dt=37.60ms
[TRAIN] step=43000/100000 epoch=20.9961 loss=1.776729 dt=37.60ms
[TRAIN] step=43100/100000 epoch=21.0449 loss=1.776026 dt=37.62ms
[TRAIN] step=43200/100000 epoch=21.0938 loss=1.784167 dt=37.62ms
[TRAIN] step=43300/100000 epoch=21.1426 loss=1.779359 dt=37.58ms
[TRAIN] step=43400/100000 epoch=21.1914 loss=1.777766 dt=37.58ms
[TRAIN] step=43500/100000 epoch=21.2402 loss=1.763766 dt=37.60ms
[TRAIN] step=43600/100000 epoch=21.2891 loss=1.771551 dt=37.64ms
[TRAIN] step=43700/100000 epoch=21.3379 loss=1.771877 dt=37.58ms
[TRAIN] step=43800/100000 epoch=21.3867 loss=1.769415 dt=37.58ms
[TRAIN] step=43900/100000 epoch=21.4355 loss=1.781068 dt=37.58ms
[TRAIN] step=44000/100000 epoch=21.4844 loss=1.774267 dt=37.56ms
[TRAIN] step=44100/100000 epoch=21.5332 loss=1.784566 dt=37.60ms
[TRAIN] step=44200/100000 epoch=21.5820 loss=1.781996 dt=37.59ms
[TRAIN] step=44300/100000 epoch=21.6309 loss=1.783536 dt=37.63ms
[CHECKPOINT] saved /mnt/beegfs/2a/mb12724/franc/small-language-modelling/data/slm_TR2_uniform_L6_v1/rhm_transformer_v2_P_65536_seed_rules_1_seed_sample_1_seed_model_1/checkpoints/checkpoint_step_44306.pt
[RHM] step=44306 train_peeled_loss_l=[0.00249, 0.00388, 0.00513, 0.03760, 0.37675, 0.33969] val_peeled_loss_l=[0.00250, 0.00388, 0.00518, 0.03797, 0.37768, 0.34064]
[RHM] step=44306 train_Mpos_l=[1.00000, 0.99994, 0.99993, 0.99617, 0.82983, 0.85130] val_Mpos_l=[0.99999, 0.99995, 0.99992, 0.99637, 0.82954, 0.85097] train_valid_l=[0.50794, 0.52496, 0.40835, 0.24731, 0.17043, 0.10061] val_valid_l=[0.50794, 0.52483, 0.40829, 0.24795, 0.17070, 0.10067]
[VALID] step=44306 epoch=21.6338 running=1.779585 train_loss=1.778978 val_loss=1.778850 val_acc=0.415157 log_specnorm=182.288768
[TRAIN] step=44400/100000 epoch=21.6797 loss=1.772497 dt=37.55ms
[TRAIN] step=44500/100000 epoch=21.7285 loss=1.780709 dt=37.57ms
[TRAIN] step=44600/100000 epoch=21.7773 loss=1.777304 dt=37.57ms
[TRAIN] step=44700/100000 epoch=21.8262 loss=1.778414 dt=37.56ms
[TRAIN] step=44800/100000 epoch=21.8750 loss=1.782399 dt=37.56ms
[TRAIN] step=44900/100000 epoch=21.9238 loss=1.783917 dt=37.55ms
[TRAIN] step=45000/100000 epoch=21.9727 loss=1.780418 dt=37.54ms
[TRAIN] step=45100/100000 epoch=22.0215 loss=1.771511 dt=37.55ms
[TRAIN] step=45200/100000 epoch=22.0703 loss=1.761185 dt=37.55ms
[TRAIN] step=45300/100000 epoch=22.1191 loss=1.773223 dt=37.57ms
[TRAIN] step=45400/100000 epoch=22.1680 loss=1.779957 dt=37.54ms
[TRAIN] step=45500/100000 epoch=22.2168 loss=1.769560 dt=37.57ms
[TRAIN] step=45600/100000 epoch=22.2656 loss=1.780633 dt=37.60ms
[TRAIN] step=45700/100000 epoch=22.3145 loss=1.779015 dt=37.61ms
[TRAIN] step=45800/100000 epoch=22.3633 loss=1.777716 dt=37.58ms
[TRAIN] step=45900/100000 epoch=22.4121 loss=1.776007 dt=37.56ms
[TRAIN] step=46000/100000 epoch=22.4609 loss=1.785143 dt=37.61ms
[TRAIN] step=46100/100000 epoch=22.5098 loss=1.770432 dt=37.58ms
[TRAIN] step=46200/100000 epoch=22.5586 loss=1.784970 dt=37.55ms
[TRAIN] step=46300/100000 epoch=22.6074 loss=1.771125 dt=37.57ms
[TRAIN] step=46400/100000 epoch=22.6562 loss=1.780776 dt=37.56ms
[TRAIN] step=46500/100000 epoch=22.7051 loss=1.776091 dt=37.55ms
[TRAIN] step=46600/100000 epoch=22.7539 loss=1.779433 dt=37.57ms
[TRAIN] step=46700/100000 epoch=22.8027 loss=1.774885 dt=37.57ms
[TRAIN] step=46800/100000 epoch=22.8516 loss=1.782183 dt=37.58ms
[TRAIN] step=46900/100000 epoch=22.9004 loss=1.781744 dt=37.57ms
[TRAIN] step=47000/100000 epoch=22.9492 loss=1.776970 dt=37.59ms
[TRAIN] step=47100/100000 epoch=22.9980 loss=1.773100 dt=37.51ms
[TRAIN] step=47200/100000 epoch=23.0469 loss=1.781380 dt=37.57ms
[TRAIN] step=47300/100000 epoch=23.0957 loss=1.769768 dt=37.56ms
[TRAIN] step=47400/100000 epoch=23.1445 loss=1.774276 dt=37.59ms
[TRAIN] step=47500/100000 epoch=23.1934 loss=1.782040 dt=37.59ms
[TRAIN] step=47600/100000 epoch=23.2422 loss=1.783204 dt=37.57ms
[TRAIN] step=47700/100000 epoch=23.2910 loss=1.777632 dt=37.54ms
[TRAIN] step=47800/100000 epoch=23.3398 loss=1.767519 dt=37.56ms
[TRAIN] step=47900/100000 epoch=23.3887 loss=1.771628 dt=37.59ms
[TRAIN] step=48000/100000 epoch=23.4375 loss=1.778343 dt=37.55ms
[TRAIN] step=48100/100000 epoch=23.4863 loss=1.767070 dt=37.57ms
[TRAIN] step=48200/100000 epoch=23.5352 loss=1.768922 dt=37.53ms
[TRAIN] step=48300/100000 epoch=23.5840 loss=1.765322 dt=37.55ms
[TRAIN] step=48400/100000 epoch=23.6328 loss=1.777682 dt=37.54ms
[TRAIN] step=48500/100000 epoch=23.6816 loss=1.774177 dt=37.59ms
[TRAIN] step=48600/100000 epoch=23.7305 loss=1.779592 dt=37.55ms
[TRAIN] step=48700/100000 epoch=23.7793 loss=1.799961 dt=37.55ms
[TRAIN] step=48800/100000 epoch=23.8281 loss=1.771360 dt=37.57ms
[TRAIN] step=48900/100000 epoch=23.8770 loss=1.773839 dt=37.56ms
[TRAIN] step=49000/100000 epoch=23.9258 loss=1.771912 dt=37.57ms
[TRAIN] step=49100/100000 epoch=23.9746 loss=1.773162 dt=37.60ms
[TRAIN] step=49200/100000 epoch=24.0234 loss=1.763259 dt=37.58ms
[TRAIN] step=49300/100000 epoch=24.0723 loss=1.775910 dt=37.61ms
[TRAIN] step=49400/100000 epoch=24.1211 loss=1.762133 dt=36.26ms
[TRAIN] step=49500/100000 epoch=24.1699 loss=1.763762 dt=34.82ms
[TRAIN] step=49600/100000 epoch=24.2188 loss=1.801388 dt=34.87ms
[TRAIN] step=49700/100000 epoch=24.2676 loss=1.788298 dt=34.80ms
[CHECKPOINT] saved /mnt/beegfs/2a/mb12724/franc/small-language-modelling/data/slm_TR2_uniform_L6_v1/rhm_transformer_v2_P_65536_seed_rules_1_seed_sample_1_seed_model_1/checkpoints/checkpoint_step_49770.pt
[RHM] step=49770 train_peeled_loss_l=[0.00278, 0.00368, 0.00562, 0.03676, 0.37872, 0.33965] val_peeled_loss_l=[0.00280, 0.00373, 0.00562, 0.03748, 0.37817, 0.34141]
[RHM] step=49770 train_Mpos_l=[0.99998, 0.99998, 0.99988, 0.99623, 0.82756, 0.85242] val_Mpos_l=[0.99997, 0.99996, 0.99992, 0.99604, 0.82882, 0.85049] train_valid_l=[0.50794, 0.52496, 0.40835, 0.24731, 0.17043, 0.10061] val_valid_l=[0.50794, 0.52483, 0.40829, 0.24795, 0.17070, 0.10067]
[VALID] step=49770 epoch=24.3018 running=1.782472 train_loss=1.775479 val_loss=1.775268 val_acc=0.415153 log_specnorm=183.876163
[TRAIN] step=49800/100000 epoch=24.3164 loss=1.790324 dt=38.34ms
[TRAIN] step=49900/100000 epoch=24.3652 loss=1.780373 dt=38.32ms
[TRAIN] step=50000/100000 epoch=24.4141 loss=1.774317 dt=38.33ms
[TRAIN] step=50100/100000 epoch=24.4629 loss=1.777931 dt=38.30ms
[TRAIN] step=50200/100000 epoch=24.5117 loss=1.781627 dt=38.35ms
[TRAIN] step=50300/100000 epoch=24.5605 loss=1.771996 dt=38.27ms
[TRAIN] step=50400/100000 epoch=24.6094 loss=1.776811 dt=38.34ms
[TRAIN] step=50500/100000 epoch=24.6582 loss=1.768726 dt=38.28ms
[TRAIN] step=50600/100000 epoch=24.7070 loss=1.770961 dt=38.32ms
[TRAIN] step=50700/100000 epoch=24.7559 loss=1.780004 dt=38.26ms
[TRAIN] step=50800/100000 epoch=24.8047 loss=1.776605 dt=38.34ms
[TRAIN] step=50900/100000 epoch=24.8535 loss=1.775120 dt=38.25ms
[TRAIN] step=51000/100000 epoch=24.9023 loss=1.767382 dt=38.35ms
[TRAIN] step=51100/100000 epoch=24.9512 loss=1.775698 dt=37.56ms
[TRAIN] step=51200/100000 epoch=25.0000 loss=1.771324 dt=37.55ms
[TRAIN] step=51300/100000 epoch=25.0488 loss=1.773238 dt=37.54ms
[TRAIN] step=51400/100000 epoch=25.0977 loss=1.779991 dt=37.53ms
[TRAIN] step=51500/100000 epoch=25.1465 loss=1.769042 dt=37.55ms
[TRAIN] step=51600/100000 epoch=25.1953 loss=1.776639 dt=37.54ms
[TRAIN] step=51700/100000 epoch=25.2441 loss=1.786624 dt=37.54ms
[TRAIN] step=51800/100000 epoch=25.2930 loss=1.770730 dt=34.79ms
[TRAIN] step=51900/100000 epoch=25.3418 loss=1.776422 dt=34.84ms
[TRAIN] step=52000/100000 epoch=25.3906 loss=1.772539 dt=34.76ms
[TRAIN] step=52100/100000 epoch=25.4395 loss=1.765465 dt=34.80ms
[TRAIN] step=52200/100000 epoch=25.4883 loss=1.782510 dt=34.79ms
[TRAIN] step=52300/100000 epoch=25.5371 loss=1.766042 dt=35.30ms
[TRAIN] step=52400/100000 epoch=25.5859 loss=1.768079 dt=35.31ms
[TRAIN] step=52500/100000 epoch=25.6348 loss=1.772978 dt=37.54ms
[TRAIN] step=52600/100000 epoch=25.6836 loss=1.769426 dt=34.77ms
[TRAIN] step=52700/100000 epoch=25.7324 loss=1.773755 dt=34.78ms
[TRAIN] step=52800/100000 epoch=25.7812 loss=1.780605 dt=34.81ms
[TRAIN] step=52900/100000 epoch=25.8301 loss=1.763218 dt=34.82ms
[TRAIN] step=53000/100000 epoch=25.8789 loss=1.774262 dt=34.78ms
[TRAIN] step=53100/100000 epoch=25.9277 loss=1.765229 dt=34.74ms
[TRAIN] step=53200/100000 epoch=25.9766 loss=1.779855 dt=34.78ms
[TRAIN] step=53300/100000 epoch=26.0254 loss=1.775505 dt=34.82ms
[TRAIN] step=53400/100000 epoch=26.0742 loss=1.770499 dt=34.75ms
[TRAIN] step=53500/100000 epoch=26.1230 loss=1.767699 dt=34.79ms
[TRAIN] step=53600/100000 epoch=26.1719 loss=1.770017 dt=34.80ms
[TRAIN] step=53700/100000 epoch=26.2207 loss=1.784694 dt=34.76ms
[TRAIN] step=53800/100000 epoch=26.2695 loss=1.780949 dt=34.80ms
[TRAIN] step=53900/100000 epoch=26.3184 loss=1.776656 dt=34.75ms
[TRAIN] step=54000/100000 epoch=26.3672 loss=1.770606 dt=34.82ms
[TRAIN] step=54100/100000 epoch=26.4160 loss=1.771613 dt=34.74ms
[TRAIN] step=54200/100000 epoch=26.4648 loss=1.772933 dt=34.82ms
[TRAIN] step=54300/100000 epoch=26.5137 loss=1.764708 dt=34.77ms
[TRAIN] step=54400/100000 epoch=26.5625 loss=1.782628 dt=34.82ms
[TRAIN] step=54500/100000 epoch=26.6113 loss=1.765758 dt=34.82ms
[TRAIN] step=54600/100000 epoch=26.6602 loss=1.759161 dt=34.73ms
[TRAIN] step=54700/100000 epoch=26.7090 loss=1.775204 dt=34.79ms
[TRAIN] step=54800/100000 epoch=26.7578 loss=1.773604 dt=34.73ms
[TRAIN] step=54900/100000 epoch=26.8066 loss=1.778659 dt=34.78ms
[TRAIN] step=55000/100000 epoch=26.8555 loss=1.763434 dt=34.74ms
[TRAIN] step=55100/100000 epoch=26.9043 loss=1.769999 dt=34.80ms
[TRAIN] step=55200/100000 epoch=26.9531 loss=1.768495 dt=34.74ms
[TRAIN] step=55300/100000 epoch=27.0020 loss=1.769230 dt=34.77ms
[TRAIN] step=55400/100000 epoch=27.0508 loss=1.777465 dt=34.75ms
[TRAIN] step=55500/100000 epoch=27.0996 loss=1.772949 dt=34.85ms
[TRAIN] step=55600/100000 epoch=27.1484 loss=1.765610 dt=34.77ms
[TRAIN] step=55700/100000 epoch=27.1973 loss=1.765599 dt=34.82ms
[TRAIN] step=55800/100000 epoch=27.2461 loss=1.780720 dt=34.81ms
[TRAIN] step=55900/100000 epoch=27.2949 loss=1.776418 dt=34.80ms
[CHECKPOINT] saved /mnt/beegfs/2a/mb12724/franc/small-language-modelling/data/slm_TR2_uniform_L6_v1/rhm_transformer_v2_P_65536_seed_rules_1_seed_sample_1_seed_model_1/checkpoints/checkpoint_step_55908.pt
[RHM] step=55908 train_peeled_loss_l=[0.00282, 0.00370, 0.00541, 0.03259, 0.37655, 0.34072] val_peeled_loss_l=[0.00289, 0.00369, 0.00548, 0.03242, 0.37632, 0.34001]
[RHM] step=55908 train_Mpos_l=[0.99997, 0.99996, 0.99984, 0.99681, 0.82847, 0.85107] val_Mpos_l=[0.99996, 0.99995, 0.99984, 0.99681, 0.82971, 0.85193] train_valid_l=[0.50794, 0.52496, 0.40835, 0.24731, 0.17043, 0.10061] val_valid_l=[0.50794, 0.52483, 0.40829, 0.24795, 0.17070, 0.10067]
[VALID] step=55908 epoch=27.2988 running=1.772264 train_loss=1.771893 val_loss=1.772345 val_acc=0.416076 log_specnorm=185.203493
[TRAIN] step=56000/100000 epoch=27.3438 loss=1.759396 dt=38.35ms
[TRAIN] step=56100/100000 epoch=27.3926 loss=1.769201 dt=38.54ms
[TRAIN] step=56200/100000 epoch=27.4414 loss=1.773701 dt=38.34ms
[TRAIN] step=56300/100000 epoch=27.4902 loss=1.770031 dt=38.35ms
[TRAIN] step=56400/100000 epoch=27.5391 loss=1.755525 dt=38.40ms
[TRAIN] step=56500/100000 epoch=27.5879 loss=1.776981 dt=38.33ms
[TRAIN] step=56600/100000 epoch=27.6367 loss=1.771424 dt=38.33ms
[TRAIN] step=56700/100000 epoch=27.6855 loss=1.763401 dt=38.33ms
[TRAIN] step=56800/100000 epoch=27.7344 loss=1.775320 dt=38.39ms
[TRAIN] step=56900/100000 epoch=27.7832 loss=1.775509 dt=38.34ms
[TRAIN] step=57000/100000 epoch=27.8320 loss=1.774174 dt=38.34ms
[TRAIN] step=57100/100000 epoch=27.8809 loss=1.778253 dt=32.24ms
[TRAIN] step=57200/100000 epoch=27.9297 loss=1.766832 dt=32.22ms
[TRAIN] step=57300/100000 epoch=27.9785 loss=1.769011 dt=32.21ms
[TRAIN] step=57400/100000 epoch=28.0273 loss=1.764242 dt=32.25ms
[TRAIN] step=57500/100000 epoch=28.0762 loss=1.765084 dt=32.22ms
[TRAIN] step=57600/100000 epoch=28.1250 loss=1.764051 dt=32.21ms
[TRAIN] step=57700/100000 epoch=28.1738 loss=1.760898 dt=32.23ms
[TRAIN] step=57800/100000 epoch=28.2227 loss=1.777339 dt=32.18ms
[TRAIN] step=57900/100000 epoch=28.2715 loss=1.768700 dt=32.19ms
[TRAIN] step=58000/100000 epoch=28.3203 loss=1.770966 dt=32.21ms
[TRAIN] step=58100/100000 epoch=28.3691 loss=1.765427 dt=32.26ms
[TRAIN] step=58200/100000 epoch=28.4180 loss=1.757493 dt=32.23ms
[TRAIN] step=58300/100000 epoch=28.4668 loss=1.773227 dt=32.20ms
[TRAIN] step=58400/100000 epoch=28.5156 loss=1.767585 dt=32.19ms
[TRAIN] step=58500/100000 epoch=28.5645 loss=1.767353 dt=32.22ms
[TRAIN] step=58600/100000 epoch=28.6133 loss=1.770207 dt=32.19ms
[TRAIN] step=58700/100000 epoch=28.6621 loss=1.767714 dt=32.19ms
[TRAIN] step=58800/100000 epoch=28.7109 loss=1.773544 dt=37.58ms
[TRAIN] step=58900/100000 epoch=28.7598 loss=1.768194 dt=37.60ms
[TRAIN] step=59000/100000 epoch=28.8086 loss=1.768801 dt=37.61ms
[TRAIN] step=59100/100000 epoch=28.8574 loss=1.777278 dt=37.59ms
[TRAIN] step=59200/100000 epoch=28.9062 loss=1.773841 dt=37.59ms
[TRAIN] step=59300/100000 epoch=28.9551 loss=1.762211 dt=37.58ms
[TRAIN] step=59400/100000 epoch=29.0039 loss=1.772378 dt=37.59ms
[TRAIN] step=59500/100000 epoch=29.0527 loss=1.768804 dt=37.56ms
[TRAIN] step=59600/100000 epoch=29.1016 loss=1.764719 dt=37.59ms
[TRAIN] step=59700/100000 epoch=29.1504 loss=1.757298 dt=37.55ms
[TRAIN] step=59800/100000 epoch=29.1992 loss=1.769598 dt=37.57ms
[TRAIN] step=59900/100000 epoch=29.2480 loss=1.767451 dt=37.58ms
[TRAIN] step=60000/100000 epoch=29.2969 loss=1.764901 dt=37.58ms
[TRAIN] step=60100/100000 epoch=29.3457 loss=1.760879 dt=37.56ms
[TRAIN] step=60200/100000 epoch=29.3945 loss=1.771530 dt=37.57ms
[TRAIN] step=60300/100000 epoch=29.4434 loss=1.767737 dt=37.57ms
[TRAIN] step=60400/100000 epoch=29.4922 loss=1.780843 dt=37.59ms
[TRAIN] step=60500/100000 epoch=29.5410 loss=1.769441 dt=37.56ms
[TRAIN] step=60600/100000 epoch=29.5898 loss=1.772316 dt=40.41ms
[TRAIN] step=60700/100000 epoch=29.6387 loss=1.770092 dt=40.33ms
[TRAIN] step=60800/100000 epoch=29.6875 loss=1.754032 dt=40.35ms
[TRAIN] step=60900/100000 epoch=29.7363 loss=1.765424 dt=40.33ms
[TRAIN] step=61000/100000 epoch=29.7852 loss=1.768895 dt=40.39ms
[TRAIN] step=61100/100000 epoch=29.8340 loss=1.774962 dt=40.37ms
[TRAIN] step=61200/100000 epoch=29.8828 loss=1.780473 dt=40.36ms
[TRAIN] step=61300/100000 epoch=29.9316 loss=1.767060 dt=40.34ms
[TRAIN] step=61400/100000 epoch=29.9805 loss=1.775727 dt=40.36ms
[TRAIN] step=61500/100000 epoch=30.0293 loss=1.763998 dt=40.36ms
[TRAIN] step=61600/100000 epoch=30.0781 loss=1.785588 dt=40.36ms
[TRAIN] step=61700/100000 epoch=30.1270 loss=1.775258 dt=40.37ms
[TRAIN] step=61800/100000 epoch=30.1758 loss=1.768756 dt=40.34ms
[TRAIN] step=61900/100000 epoch=30.2246 loss=1.757797 dt=40.40ms
[TRAIN] step=62000/100000 epoch=30.2734 loss=1.767290 dt=40.37ms
[TRAIN] step=62100/100000 epoch=30.3223 loss=1.760810 dt=35.34ms
[TRAIN] step=62200/100000 epoch=30.3711 loss=1.773814 dt=35.51ms
[TRAIN] step=62300/100000 epoch=30.4199 loss=1.767899 dt=35.38ms
[TRAIN] step=62400/100000 epoch=30.4688 loss=1.773632 dt=35.35ms
[TRAIN] step=62500/100000 epoch=30.5176 loss=1.759977 dt=35.35ms
[TRAIN] step=62600/100000 epoch=30.5664 loss=1.767158 dt=35.36ms
[TRAIN] step=62700/100000 epoch=30.6152 loss=1.771345 dt=35.37ms
[TRAIN] step=62800/100000 epoch=30.6641 loss=1.772015 dt=35.37ms
[CHECKPOINT] saved /mnt/beegfs/2a/mb12724/franc/small-language-modelling/data/slm_TR2_uniform_L6_v1/rhm_transformer_v2_P_65536_seed_rules_1_seed_sample_1_seed_model_1/checkpoints/checkpoint_step_62803.pt
[RHM] step=62803 train_peeled_loss_l=[0.00229, 0.00347, 0.00536, 0.02732, 0.37764, 0.34051] val_peeled_loss_l=[0.00230, 0.00344, 0.00534, 0.02762, 0.37824, 0.34018]
[RHM] step=62803 train_Mpos_l=[0.99997, 0.99990, 0.99986, 0.99721, 0.82795, 0.85132] val_Mpos_l=[0.99996, 0.99990, 0.99988, 0.99716, 0.82848, 0.85234] train_valid_l=[0.50794, 0.52496, 0.40835, 0.24731, 0.17043, 0.10061] val_valid_l=[0.50794, 0.52483, 0.40829, 0.24795, 0.17070, 0.10067]
[VALID] step=62803 epoch=30.6655 running=1.769896 train_loss=1.769188 val_loss=1.769393 val_acc=0.415567 log_specnorm=186.368449
[TRAIN] step=62900/100000 epoch=30.7129 loss=1.758917 dt=35.42ms
[TRAIN] step=63000/100000 epoch=30.7617 loss=1.777279 dt=35.41ms
[TRAIN] step=63100/100000 epoch=30.8105 loss=1.780869 dt=35.45ms
[TRAIN] step=63200/100000 epoch=30.8594 loss=1.776175 dt=35.42ms
[TRAIN] step=63300/100000 epoch=30.9082 loss=1.759814 dt=35.41ms
[TRAIN] step=63400/100000 epoch=30.9570 loss=1.762999 dt=35.39ms
[TRAIN] step=63500/100000 epoch=31.0059 loss=1.765420 dt=35.39ms
[TRAIN] step=63600/100000 epoch=31.0547 loss=1.771439 dt=35.40ms
[TRAIN] step=63700/100000 epoch=31.1035 loss=1.770021 dt=35.43ms
[TRAIN] step=63800/100000 epoch=31.1523 loss=1.766715 dt=35.40ms
[TRAIN] step=63900/100000 epoch=31.2012 loss=1.765564 dt=35.39ms
[TRAIN] step=64000/100000 epoch=31.2500 loss=1.763655 dt=35.40ms
[TRAIN] step=64100/100000 epoch=31.2988 loss=1.766824 dt=35.41ms
[TRAIN] step=64200/100000 epoch=31.3477 loss=1.756933 dt=35.42ms
[TRAIN] step=64300/100000 epoch=31.3965 loss=1.779680 dt=35.41ms
[TRAIN] step=64400/100000 epoch=31.4453 loss=1.770810 dt=35.41ms
[TRAIN] step=64500/100000 epoch=31.4941 loss=1.769292 dt=35.36ms
[TRAIN] step=64600/100000 epoch=31.5430 loss=1.766393 dt=35.55ms
[TRAIN] step=64700/100000 epoch=31.5918 loss=1.768522 dt=35.38ms
[TRAIN] step=64800/100000 epoch=31.6406 loss=1.758298 dt=35.52ms
[TRAIN] step=64900/100000 epoch=31.6895 loss=1.766101 dt=35.39ms
[TRAIN] step=65000/100000 epoch=31.7383 loss=1.759690 dt=35.38ms
[TRAIN] step=65100/100000 epoch=31.7871 loss=1.767335 dt=35.40ms
[TRAIN] step=65200/100000 epoch=31.8359 loss=1.767792 dt=35.40ms
[TRAIN] step=65300/100000 epoch=31.8848 loss=1.765595 dt=35.39ms
[TRAIN] step=65400/100000 epoch=31.9336 loss=1.768285 dt=35.40ms
[TRAIN] step=65500/100000 epoch=31.9824 loss=1.776853 dt=35.41ms
[TRAIN] step=65600/100000 epoch=32.0312 loss=1.776276 dt=35.37ms
[TRAIN] step=65700/100000 epoch=32.0801 loss=1.768233 dt=35.39ms
[TRAIN] step=65800/100000 epoch=32.1289 loss=1.764955 dt=35.56ms
[TRAIN] step=65900/100000 epoch=32.1777 loss=1.766811 dt=35.42ms
[TRAIN] step=66000/100000 epoch=32.2266 loss=1.776777 dt=35.37ms
[TRAIN] step=66100/100000 epoch=32.2754 loss=1.777931 dt=35.42ms
[TRAIN] step=66200/100000 epoch=32.3242 loss=1.755690 dt=35.37ms
[TRAIN] step=66300/100000 epoch=32.3730 loss=1.768119 dt=35.41ms
[TRAIN] step=66400/100000 epoch=32.4219 loss=1.772620 dt=35.41ms
[TRAIN] step=66500/100000 epoch=32.4707 loss=1.773067 dt=35.38ms
[TRAIN] step=66600/100000 epoch=32.5195 loss=1.756366 dt=35.40ms
[TRAIN] step=66700/100000 epoch=32.5684 loss=1.763521 dt=35.54ms
[TRAIN] step=66800/100000 epoch=32.6172 loss=1.760081 dt=35.39ms
[TRAIN] step=66900/100000 epoch=32.6660 loss=1.764932 dt=35.39ms
[TRAIN] step=67000/100000 epoch=32.7148 loss=1.768007 dt=35.39ms
[TRAIN] step=67100/100000 epoch=32.7637 loss=1.768412 dt=35.57ms
[TRAIN] step=67200/100000 epoch=32.8125 loss=1.771045 dt=35.35ms
[TRAIN] step=67300/100000 epoch=32.8613 loss=1.763296 dt=35.38ms
[TRAIN] step=67400/100000 epoch=32.9102 loss=1.759732 dt=35.37ms
[TRAIN] step=67500/100000 epoch=32.9590 loss=1.758119 dt=35.34ms
[TRAIN] step=67600/100000 epoch=33.0078 loss=1.768213 dt=35.41ms
[TRAIN] step=67700/100000 epoch=33.0566 loss=1.765761 dt=35.42ms
[TRAIN] step=67800/100000 epoch=33.1055 loss=1.763039 dt=35.39ms
[TRAIN] step=67900/100000 epoch=33.1543 loss=1.767994 dt=35.39ms
[TRAIN] step=68000/100000 epoch=33.2031 loss=1.767573 dt=35.43ms
[TRAIN] step=68100/100000 epoch=33.2520 loss=1.771039 dt=35.40ms
[TRAIN] step=68200/100000 epoch=33.3008 loss=1.761952 dt=35.57ms
[TRAIN] step=68300/100000 epoch=33.3496 loss=1.763376 dt=35.42ms
[TRAIN] step=68400/100000 epoch=33.3984 loss=1.758684 dt=35.38ms
[TRAIN] step=68500/100000 epoch=33.4473 loss=1.761841 dt=35.34ms
[TRAIN] step=68600/100000 epoch=33.4961 loss=1.770328 dt=35.38ms
[TRAIN] step=68700/100000 epoch=33.5449 loss=1.762565 dt=35.42ms
[TRAIN] step=68800/100000 epoch=33.5938 loss=1.760619 dt=35.39ms
[TRAIN] step=68900/100000 epoch=33.6426 loss=1.762801 dt=35.44ms
[TRAIN] step=69000/100000 epoch=33.6914 loss=1.762254 dt=35.41ms
[TRAIN] step=69100/100000 epoch=33.7402 loss=1.755525 dt=35.57ms
[TRAIN] step=69200/100000 epoch=33.7891 loss=1.760379 dt=35.41ms
[TRAIN] step=69300/100000 epoch=33.8379 loss=1.761775 dt=35.37ms
[TRAIN] step=69400/100000 epoch=33.8867 loss=1.760796 dt=35.37ms
[TRAIN] step=69500/100000 epoch=33.9355 loss=1.770370 dt=35.39ms
[TRAIN] step=69600/100000 epoch=33.9844 loss=1.764644 dt=35.38ms
[TRAIN] step=69700/100000 epoch=34.0332 loss=1.776944 dt=35.35ms
[TRAIN] step=69800/100000 epoch=34.0820 loss=1.751653 dt=35.41ms
[TRAIN] step=69900/100000 epoch=34.1309 loss=1.770834 dt=35.38ms
[TRAIN] step=70000/100000 epoch=34.1797 loss=1.767063 dt=35.40ms
[TRAIN] step=70100/100000 epoch=34.2285 loss=1.758042 dt=35.40ms
[TRAIN] step=70200/100000 epoch=34.2773 loss=1.758300 dt=35.44ms
[TRAIN] step=70300/100000 epoch=34.3262 loss=1.778037 dt=35.41ms
[TRAIN] step=70400/100000 epoch=34.3750 loss=1.771974 dt=35.41ms
[TRAIN] step=70500/100000 epoch=34.4238 loss=1.767609 dt=35.59ms
[CHECKPOINT] saved /mnt/beegfs/2a/mb12724/franc/small-language-modelling/data/slm_TR2_uniform_L6_v1/rhm_transformer_v2_P_65536_seed_rules_1_seed_sample_1_seed_model_1/checkpoints/checkpoint_step_70548.pt
[RHM] step=70548 train_peeled_loss_l=[0.00188, 0.00297, 0.00475, 0.02318, 0.37348, 0.33633] val_peeled_loss_l=[0.00190, 0.00296, 0.00478, 0.02348, 0.37321, 0.33678]
[RHM] step=70548 train_Mpos_l=[1.00000, 0.99999, 0.99995, 0.99761, 0.83173, 0.85520] val_Mpos_l=[0.99999, 1.00000, 0.99994, 0.99753, 0.83300, 0.85468] train_valid_l=[0.50794, 0.52496, 0.40835, 0.24731, 0.17043, 0.10061] val_valid_l=[0.50794, 0.52483, 0.40829, 0.24795, 0.17070, 0.10067]
[VALID] step=70548 epoch=34.4473 running=1.764476 train_loss=1.763307 val_loss=1.763886 val_acc=0.416742 log_specnorm=187.407665
[TRAIN] step=70600/100000 epoch=34.4727 loss=1.767916 dt=37.59ms
[TRAIN] step=70700/100000 epoch=34.5215 loss=1.759707 dt=37.58ms
[TRAIN] step=70800/100000 epoch=34.5703 loss=1.768690 dt=37.61ms
[TRAIN] step=70900/100000 epoch=34.6191 loss=1.763115 dt=35.38ms
[TRAIN] step=71000/100000 epoch=34.6680 loss=1.765379 dt=35.34ms
[TRAIN] step=71100/100000 epoch=34.7168 loss=1.774372 dt=35.37ms
[TRAIN] step=71200/100000 epoch=34.7656 loss=1.769735 dt=35.54ms
[TRAIN] step=71300/100000 epoch=34.8145 loss=1.757314 dt=35.35ms
[TRAIN] step=71400/100000 epoch=34.8633 loss=1.759213 dt=35.34ms
[TRAIN] step=71500/100000 epoch=34.9121 loss=1.761767 dt=35.40ms
[TRAIN] step=71600/100000 epoch=34.9609 loss=1.778158 dt=37.55ms
[TRAIN] step=71700/100000 epoch=35.0098 loss=1.762935 dt=37.57ms
[TRAIN] step=71800/100000 epoch=35.0586 loss=1.758010 dt=37.61ms
[TRAIN] step=71900/100000 epoch=35.1074 loss=1.766609 dt=37.60ms
[TRAIN] step=72000/100000 epoch=35.1562 loss=1.763877 dt=37.64ms
[TRAIN] step=72100/100000 epoch=35.2051 loss=1.764836 dt=37.63ms
[TRAIN] step=72200/100000 epoch=35.2539 loss=1.780911 dt=37.56ms
[TRAIN] step=72300/100000 epoch=35.3027 loss=1.772069 dt=37.59ms
[TRAIN] step=72400/100000 epoch=35.3516 loss=1.770837 dt=37.58ms
[TRAIN] step=72500/100000 epoch=35.4004 loss=1.770500 dt=37.56ms
[TRAIN] step=72600/100000 epoch=35.4492 loss=1.774329 dt=37.57ms
[TRAIN] step=72700/100000 epoch=35.4980 loss=1.755062 dt=37.59ms
[TRAIN] step=72800/100000 epoch=35.5469 loss=1.769673 dt=37.59ms
[TRAIN] step=72900/100000 epoch=35.5957 loss=1.759854 dt=37.60ms
[TRAIN] step=73000/100000 epoch=35.6445 loss=1.764855 dt=37.59ms
[TRAIN] step=73100/100000 epoch=35.6934 loss=1.758523 dt=37.54ms
[TRAIN] step=73200/100000 epoch=35.7422 loss=1.773772 dt=37.58ms
[TRAIN] step=73300/100000 epoch=35.7910 loss=1.763225 dt=37.60ms
[TRAIN] step=73400/100000 epoch=35.8398 loss=1.757532 dt=37.58ms
[TRAIN] step=73500/100000 epoch=35.8887 loss=1.759636 dt=37.57ms
[TRAIN] step=73600/100000 epoch=35.9375 loss=1.750913 dt=37.61ms
[TRAIN] step=73700/100000 epoch=35.9863 loss=1.766109 dt=37.56ms
[TRAIN] step=73800/100000 epoch=36.0352 loss=1.765938 dt=37.59ms
[TRAIN] step=73900/100000 epoch=36.0840 loss=1.761819 dt=37.61ms
[TRAIN] step=74000/100000 epoch=36.1328 loss=1.766662 dt=37.60ms
[TRAIN] step=74100/100000 epoch=36.1816 loss=1.761856 dt=37.57ms
[TRAIN] step=74200/100000 epoch=36.2305 loss=1.771474 dt=37.60ms
[TRAIN] step=74300/100000 epoch=36.2793 loss=1.782643 dt=37.57ms
[TRAIN] step=74400/100000 epoch=36.3281 loss=1.766054 dt=35.36ms
[TRAIN] step=74500/100000 epoch=36.3770 loss=1.774428 dt=35.35ms
[TRAIN] step=74600/100000 epoch=36.4258 loss=1.764552 dt=35.36ms
[TRAIN] step=74700/100000 epoch=36.4746 loss=1.766828 dt=35.36ms
[TRAIN] step=74800/100000 epoch=36.5234 loss=1.764073 dt=35.52ms
[TRAIN] step=74900/100000 epoch=36.5723 loss=1.765916 dt=35.37ms
[TRAIN] step=75000/100000 epoch=36.6211 loss=1.768175 dt=35.36ms
[TRAIN] step=75100/100000 epoch=36.6699 loss=1.757223 dt=35.35ms
[TRAIN] step=75200/100000 epoch=36.7188 loss=1.777313 dt=35.36ms
[TRAIN] step=75300/100000 epoch=36.7676 loss=1.757877 dt=35.34ms
[TRAIN] step=75400/100000 epoch=36.8164 loss=1.764508 dt=35.38ms
[TRAIN] step=75500/100000 epoch=36.8652 loss=1.755358 dt=35.37ms
[TRAIN] step=75600/100000 epoch=36.9141 loss=1.763825 dt=35.52ms
[TRAIN] step=75700/100000 epoch=36.9629 loss=1.763620 dt=35.35ms
[TRAIN] step=75800/100000 epoch=37.0117 loss=1.773587 dt=35.36ms
[TRAIN] step=75900/100000 epoch=37.0605 loss=1.766906 dt=35.52ms
[TRAIN] step=76000/100000 epoch=37.1094 loss=1.759423 dt=35.36ms
[TRAIN] step=76100/100000 epoch=37.1582 loss=1.769358 dt=35.47ms
[TRAIN] step=76200/100000 epoch=37.2070 loss=1.769287 dt=35.34ms
[TRAIN] step=76300/100000 epoch=37.2559 loss=1.762407 dt=35.36ms
[TRAIN] step=76400/100000 epoch=37.3047 loss=1.757535 dt=35.41ms
[TRAIN] step=76500/100000 epoch=37.3535 loss=1.768097 dt=35.36ms
[TRAIN] step=76600/100000 epoch=37.4023 loss=1.760377 dt=35.38ms
[TRAIN] step=76700/100000 epoch=37.4512 loss=1.769540 dt=35.54ms
[TRAIN] step=76800/100000 epoch=37.5000 loss=1.757895 dt=35.35ms
[TRAIN] step=76900/100000 epoch=37.5488 loss=1.773612 dt=35.37ms
[TRAIN] step=77000/100000 epoch=37.5977 loss=1.755115 dt=35.40ms
[TRAIN] step=77100/100000 epoch=37.6465 loss=1.764139 dt=35.51ms
[TRAIN] step=77200/100000 epoch=37.6953 loss=1.769684 dt=35.37ms
[TRAIN] step=77300/100000 epoch=37.7441 loss=1.762208 dt=35.37ms
[TRAIN] step=77400/100000 epoch=37.7930 loss=1.764281 dt=35.50ms
[TRAIN] step=77500/100000 epoch=37.8418 loss=1.750086 dt=35.39ms
[TRAIN] step=77600/100000 epoch=37.8906 loss=1.767932 dt=35.37ms
[TRAIN] step=77700/100000 epoch=37.9395 loss=1.763839 dt=35.37ms
[TRAIN] step=77800/100000 epoch=37.9883 loss=1.759010 dt=35.36ms
[TRAIN] step=77900/100000 epoch=38.0371 loss=1.756608 dt=35.34ms
[TRAIN] step=78000/100000 epoch=38.0859 loss=1.759395 dt=35.34ms
[TRAIN] step=78100/100000 epoch=38.1348 loss=1.761083 dt=35.41ms
[TRAIN] step=78200/100000 epoch=38.1836 loss=1.752671 dt=35.32ms
[TRAIN] step=78300/100000 epoch=38.2324 loss=1.773064 dt=35.36ms
[TRAIN] step=78400/100000 epoch=38.2812 loss=1.766023 dt=35.37ms
[TRAIN] step=78500/100000 epoch=38.3301 loss=1.758389 dt=35.35ms
[TRAIN] step=78600/100000 epoch=38.3789 loss=1.761149 dt=35.35ms
[TRAIN] step=78700/100000 epoch=38.4277 loss=1.750172 dt=35.37ms
[TRAIN] step=78800/100000 epoch=38.4766 loss=1.769752 dt=35.35ms
[TRAIN] step=78900/100000 epoch=38.5254 loss=1.777966 dt=35.31ms
[TRAIN] step=79000/100000 epoch=38.5742 loss=1.755412 dt=35.36ms
[TRAIN] step=79100/100000 epoch=38.6230 loss=1.766550 dt=35.35ms
[TRAIN] step=79200/100000 epoch=38.6719 loss=1.764251 dt=35.35ms
[CHECKPOINT] saved /mnt/beegfs/2a/mb12724/franc/small-language-modelling/data/slm_TR2_uniform_L6_v1/rhm_transformer_v2_P_65536_seed_rules_1_seed_sample_1_seed_model_1/checkpoints/checkpoint_step_79248.pt
[RHM] step=79248 train_peeled_loss_l=[0.00163, 0.00267, 0.00465, 0.02440, 0.37414, 0.33822] val_peeled_loss_l=[0.00160, 0.00266, 0.00467, 0.02478, 0.37433, 0.33808]
[RHM] step=79248 train_Mpos_l=[0.99999, 0.99999, 0.99996, 0.99729, 0.83082, 0.85219] val_Mpos_l=[0.99999, 0.99998, 0.99996, 0.99719, 0.83177, 0.85198] train_valid_l=[0.50794, 0.52496, 0.40835, 0.24731, 0.17043, 0.10061] val_valid_l=[0.50794, 0.52483, 0.40829, 0.24795, 0.17070, 0.10067]
[VALID] step=79248 epoch=38.6953 running=1.775258 train_loss=1.763936 val_loss=1.763814 val_acc=0.417600 log_specnorm=188.324404
[TRAIN] step=79300/100000 epoch=38.7207 loss=1.766940 dt=35.40ms
[TRAIN] step=79400/100000 epoch=38.7695 loss=1.760747 dt=35.59ms
[TRAIN] step=79500/100000 epoch=38.8184 loss=1.766061 dt=35.40ms
[TRAIN] step=79600/100000 epoch=38.8672 loss=1.764418 dt=35.40ms
[TRAIN] step=79700/100000 epoch=38.9160 loss=1.761340 dt=35.40ms
[TRAIN] step=79800/100000 epoch=38.9648 loss=1.755958 dt=35.36ms
[TRAIN] step=79900/100000 epoch=39.0137 loss=1.752150 dt=37.63ms
[TRAIN] step=80000/100000 epoch=39.0625 loss=1.765228 dt=37.60ms
[TRAIN] step=80100/100000 epoch=39.1113 loss=1.775267 dt=37.62ms
[TRAIN] step=80200/100000 epoch=39.1602 loss=1.766015 dt=37.60ms
[TRAIN] step=80300/100000 epoch=39.2090 loss=1.769186 dt=37.59ms
[TRAIN] step=80400/100000 epoch=39.2578 loss=1.753873 dt=37.60ms
[TRAIN] step=80500/100000 epoch=39.3066 loss=1.751685 dt=37.60ms
[TRAIN] step=80600/100000 epoch=39.3555 loss=1.757539 dt=37.57ms
[TRAIN] step=80700/100000 epoch=39.4043 loss=1.765758 dt=37.62ms
[TRAIN] step=80800/100000 epoch=39.4531 loss=1.768898 dt=37.59ms
[TRAIN] step=80900/100000 epoch=39.5020 loss=1.764289 dt=37.61ms
[TRAIN] step=81000/100000 epoch=39.5508 loss=1.757433 dt=35.34ms
[TRAIN] step=81100/100000 epoch=39.5996 loss=1.768242 dt=35.53ms
[TRAIN] step=81200/100000 epoch=39.6484 loss=1.757176 dt=35.41ms
[TRAIN] step=81300/100000 epoch=39.6973 loss=1.767793 dt=35.32ms
[TRAIN] step=81400/100000 epoch=39.7461 loss=1.768233 dt=35.40ms
[TRAIN] step=81500/100000 epoch=39.7949 loss=1.766233 dt=35.42ms
[TRAIN] step=81600/100000 epoch=39.8438 loss=1.757672 dt=35.38ms
[TRAIN] step=81700/100000 epoch=39.8926 loss=1.766940 dt=35.34ms
[TRAIN] step=81800/100000 epoch=39.9414 loss=1.761561 dt=35.39ms
[TRAIN] step=81900/100000 epoch=39.9902 loss=1.776739 dt=35.53ms
[TRAIN] step=82000/100000 epoch=40.0391 loss=1.750461 dt=35.37ms
[TRAIN] step=82100/100000 epoch=40.0879 loss=1.767424 dt=35.34ms
[TRAIN] step=82200/100000 epoch=40.1367 loss=1.774643 dt=35.38ms
[TRAIN] step=82300/100000 epoch=40.1855 loss=1.766562 dt=35.42ms
[TRAIN] step=82400/100000 epoch=40.2344 loss=1.763104 dt=35.34ms
[TRAIN] step=82500/100000 epoch=40.2832 loss=1.754431 dt=35.36ms
[TRAIN] step=82600/100000 epoch=40.3320 loss=1.757193 dt=35.33ms
[TRAIN] step=82700/100000 epoch=40.3809 loss=1.759109 dt=35.36ms
[TRAIN] step=82800/100000 epoch=40.4297 loss=1.763423 dt=35.39ms
[TRAIN] step=82900/100000 epoch=40.4785 loss=1.758180 dt=35.40ms
[TRAIN] step=83000/100000 epoch=40.5273 loss=1.765192 dt=35.38ms
[TRAIN] step=83100/100000 epoch=40.5762 loss=1.764322 dt=35.34ms
[TRAIN] step=83200/100000 epoch=40.6250 loss=1.765626 dt=35.37ms
[TRAIN] step=83300/100000 epoch=40.6738 loss=1.766641 dt=35.36ms
[TRAIN] step=83400/100000 epoch=40.7227 loss=1.762860 dt=35.35ms
[TRAIN] step=83500/100000 epoch=40.7715 loss=1.769583 dt=35.37ms
[TRAIN] step=83600/100000 epoch=40.8203 loss=1.761209 dt=35.32ms
[TRAIN] step=83700/100000 epoch=40.8691 loss=1.763023 dt=35.37ms
[TRAIN] step=83800/100000 epoch=40.9180 loss=1.772072 dt=35.35ms
[TRAIN] step=83900/100000 epoch=40.9668 loss=1.764279 dt=35.36ms
[TRAIN] step=84000/100000 epoch=41.0156 loss=1.758871 dt=35.36ms
[TRAIN] step=84100/100000 epoch=41.0645 loss=1.762602 dt=35.37ms
[TRAIN] step=84200/100000 epoch=41.1133 loss=1.763780 dt=35.35ms
[TRAIN] step=84300/100000 epoch=41.1621 loss=1.770612 dt=35.38ms
[TRAIN] step=84400/100000 epoch=41.2109 loss=1.773270 dt=35.37ms
[TRAIN] step=84500/100000 epoch=41.2598 loss=1.752257 dt=35.34ms
[TRAIN] step=84600/100000 epoch=41.3086 loss=1.757994 dt=35.38ms
[TRAIN] step=84700/100000 epoch=41.3574 loss=1.762617 dt=35.32ms
[TRAIN] step=84800/100000 epoch=41.4062 loss=1.760946 dt=35.34ms
[TRAIN] step=84900/100000 epoch=41.4551 loss=1.754240 dt=35.38ms
[TRAIN] step=85000/100000 epoch=41.5039 loss=1.767224 dt=35.33ms
[TRAIN] step=85100/100000 epoch=41.5527 loss=1.772720 dt=35.37ms
[TRAIN] step=85200/100000 epoch=41.6016 loss=1.758210 dt=35.44ms
[TRAIN] step=85300/100000 epoch=41.6504 loss=1.757357 dt=35.34ms
[TRAIN] step=85400/100000 epoch=41.6992 loss=1.751357 dt=35.37ms
[TRAIN] step=85500/100000 epoch=41.7480 loss=1.765063 dt=35.37ms
[TRAIN] step=85600/100000 epoch=41.7969 loss=1.756619 dt=35.37ms
[TRAIN] step=85700/100000 epoch=41.8457 loss=1.767197 dt=35.37ms
[TRAIN] step=85800/100000 epoch=41.8945 loss=1.765295 dt=35.36ms
[TRAIN] step=85900/100000 epoch=41.9434 loss=1.767794 dt=35.35ms
[TRAIN] step=86000/100000 epoch=41.9922 loss=1.755364 dt=35.37ms
[TRAIN] step=86100/100000 epoch=42.0410 loss=1.771116 dt=35.35ms
[TRAIN] step=86200/100000 epoch=42.0898 loss=1.763375 dt=35.49ms
[TRAIN] step=86300/100000 epoch=42.1387 loss=1.762025 dt=35.33ms
[TRAIN] step=86400/100000 epoch=42.1875 loss=1.763068 dt=35.35ms
[TRAIN] step=86500/100000 epoch=42.2363 loss=1.770467 dt=35.51ms
[TRAIN] step=86600/100000 epoch=42.2852 loss=1.757014 dt=35.37ms
[TRAIN] step=86700/100000 epoch=42.3340 loss=1.759816 dt=35.38ms
[TRAIN] step=86800/100000 epoch=42.3828 loss=1.757846 dt=35.38ms
[TRAIN] step=86900/100000 epoch=42.4316 loss=1.768976 dt=35.33ms
[TRAIN] step=87000/100000 epoch=42.4805 loss=1.760252 dt=35.35ms
[TRAIN] step=87100/100000 epoch=42.5293 loss=1.765880 dt=35.51ms
[TRAIN] step=87200/100000 epoch=42.5781 loss=1.756626 dt=35.36ms
[TRAIN] step=87300/100000 epoch=42.6270 loss=1.755453 dt=35.39ms
[TRAIN] step=87400/100000 epoch=42.6758 loss=1.766507 dt=35.35ms
[TRAIN] step=87500/100000 epoch=42.7246 loss=1.759200 dt=35.37ms
[TRAIN] step=87600/100000 epoch=42.7734 loss=1.756095 dt=35.36ms
[TRAIN] step=87700/100000 epoch=42.8223 loss=1.766646 dt=35.36ms
[TRAIN] step=87800/100000 epoch=42.8711 loss=1.755942 dt=35.35ms
[TRAIN] step=87900/100000 epoch=42.9199 loss=1.750772 dt=35.37ms
[TRAIN] step=88000/100000 epoch=42.9688 loss=1.761838 dt=35.37ms
[TRAIN] step=88100/100000 epoch=43.0176 loss=1.765868 dt=35.36ms
[TRAIN] step=88200/100000 epoch=43.0664 loss=1.758492 dt=35.37ms
[TRAIN] step=88300/100000 epoch=43.1152 loss=1.760659 dt=35.91ms
[TRAIN] step=88400/100000 epoch=43.1641 loss=1.757353 dt=35.34ms
[TRAIN] step=88500/100000 epoch=43.2129 loss=1.759583 dt=35.34ms
[TRAIN] step=88600/100000 epoch=43.2617 loss=1.759284 dt=35.33ms
[TRAIN] step=88700/100000 epoch=43.3105 loss=1.767965 dt=35.36ms
[TRAIN] step=88800/100000 epoch=43.3594 loss=1.755665 dt=35.34ms
[TRAIN] step=88900/100000 epoch=43.4082 loss=1.756795 dt=35.34ms
[TRAIN] step=89000/100000 epoch=43.4570 loss=1.760067 dt=38.36ms
[CHECKPOINT] saved /mnt/beegfs/2a/mb12724/franc/small-language-modelling/data/slm_TR2_uniform_L6_v1/rhm_transformer_v2_P_65536_seed_rules_1_seed_sample_1_seed_model_1/checkpoints/checkpoint_step_89022.pt
[RHM] step=89022 train_peeled_loss_l=[0.00178, 0.00254, 0.00408, 0.01833, 0.37014, 0.33586] val_peeled_loss_l=[0.00178, 0.00257, 0.00405, 0.01871, 0.37069, 0.33691]
[RHM] step=89022 train_Mpos_l=[0.99999, 0.99997, 0.99979, 0.99789, 0.83233, 0.85353] val_Mpos_l=[1.00000, 0.99995, 0.99981, 0.99778, 0.83354, 0.85340] train_valid_l=[0.50794, 0.52496, 0.40835, 0.24731, 0.17043, 0.10061] val_valid_l=[0.50794, 0.52483, 0.40829, 0.24795, 0.17070, 0.10067]
[VALID] step=89022 epoch=43.4678 running=1.757507 train_loss=1.760553 val_loss=1.760454 val_acc=0.417313 log_specnorm=188.975481
[TRAIN] step=89100/100000 epoch=43.5059 loss=1.759777 dt=35.16ms
[TRAIN] step=89200/100000 epoch=43.5547 loss=1.749490 dt=34.97ms
[TRAIN] step=89300/100000 epoch=43.6035 loss=1.765839 dt=32.42ms
[TRAIN] step=89400/100000 epoch=43.6523 loss=1.755998 dt=41.47ms
[TRAIN] step=89500/100000 epoch=43.7012 loss=1.754009 dt=34.83ms
[TRAIN] step=89600/100000 epoch=43.7500 loss=1.762850 dt=35.11ms
[TRAIN] step=89700/100000 epoch=43.7988 loss=1.765289 dt=34.91ms
[TRAIN] step=89800/100000 epoch=43.8477 loss=1.763421 dt=34.98ms
[TRAIN] step=89900/100000 epoch=43.8965 loss=1.764219 dt=35.07ms
[TRAIN] step=90000/100000 epoch=43.9453 loss=1.769122 dt=35.06ms
[TRAIN] step=90100/100000 epoch=43.9941 loss=1.752697 dt=34.09ms
[TRAIN] step=90200/100000 epoch=44.0430 loss=1.760270 dt=34.20ms
[TRAIN] step=90300/100000 epoch=44.0918 loss=1.760297 dt=35.13ms
[TRAIN] step=90400/100000 epoch=44.1406 loss=1.752799 dt=35.03ms
[TRAIN] step=90500/100000 epoch=44.1895 loss=1.759799 dt=35.16ms
[TRAIN] step=90600/100000 epoch=44.2383 loss=1.755860 dt=34.74ms
[TRAIN] step=90700/100000 epoch=44.2871 loss=1.759032 dt=35.22ms
[TRAIN] step=90800/100000 epoch=44.3359 loss=1.764250 dt=34.75ms
[TRAIN] step=90900/100000 epoch=44.3848 loss=1.763637 dt=33.03ms
[TRAIN] step=91000/100000 epoch=44.4336 loss=1.765223 dt=35.12ms
[TRAIN] step=91100/100000 epoch=44.4824 loss=1.764555 dt=34.91ms
[TRAIN] step=91200/100000 epoch=44.5312 loss=1.759623 dt=35.06ms
[TRAIN] step=91300/100000 epoch=44.5801 loss=1.777271 dt=35.18ms
[TRAIN] step=91400/100000 epoch=44.6289 loss=1.761517 dt=35.25ms
[TRAIN] step=91500/100000 epoch=44.6777 loss=1.759440 dt=34.62ms
[TRAIN] step=91600/100000 epoch=44.7266 loss=1.758662 dt=32.47ms
[TRAIN] step=91700/100000 epoch=44.7754 loss=1.754136 dt=35.16ms
[TRAIN] step=91800/100000 epoch=44.8242 loss=1.762685 dt=35.06ms
[TRAIN] step=91900/100000 epoch=44.8730 loss=1.752387 dt=34.94ms
[TRAIN] step=92000/100000 epoch=44.9219 loss=1.754152 dt=35.22ms
[TRAIN] step=92100/100000 epoch=44.9707 loss=1.753949 dt=35.15ms
[TRAIN] step=92200/100000 epoch=45.0195 loss=1.753306 dt=35.37ms
[TRAIN] step=92300/100000 epoch=45.0684 loss=1.750856 dt=34.37ms
[TRAIN] step=92400/100000 epoch=45.1172 loss=1.758791 dt=34.01ms
[TRAIN] step=92500/100000 epoch=45.1660 loss=1.764315 dt=35.11ms
[TRAIN] step=92600/100000 epoch=45.2148 loss=1.756491 dt=34.70ms
[TRAIN] step=92700/100000 epoch=45.2637 loss=1.764958 dt=35.07ms
[TRAIN] step=92800/100000 epoch=45.3125 loss=1.759484 dt=35.05ms
[TRAIN] step=92900/100000 epoch=45.3613 loss=1.749606 dt=34.44ms
[TRAIN] step=93000/100000 epoch=45.4102 loss=1.761958 dt=34.76ms
[TRAIN] step=93100/100000 epoch=45.4590 loss=1.771270 dt=32.63ms
[TRAIN] step=93200/100000 epoch=45.5078 loss=1.763043 dt=34.72ms
[TRAIN] step=93300/100000 epoch=45.5566 loss=1.749053 dt=34.74ms
[TRAIN] step=93400/100000 epoch=45.6055 loss=1.760528 dt=34.95ms
[TRAIN] step=93500/100000 epoch=45.6543 loss=1.760275 dt=35.05ms
[TRAIN] step=93600/100000 epoch=45.7031 loss=1.769645 dt=35.05ms
[TRAIN] step=93700/100000 epoch=45.7520 loss=1.766004 dt=34.80ms
[TRAIN] step=93800/100000 epoch=45.8008 loss=1.767849 dt=32.50ms
[TRAIN] step=93900/100000 epoch=45.8496 loss=1.763916 dt=41.37ms
[TRAIN] step=94000/100000 epoch=45.8984 loss=1.770990 dt=39.20ms
[TRAIN] step=94100/100000 epoch=45.9473 loss=1.763731 dt=39.10ms
[TRAIN] step=94200/100000 epoch=45.9961 loss=1.760876 dt=39.12ms
[TRAIN] step=94300/100000 epoch=46.0449 loss=1.759064 dt=38.68ms
[TRAIN] step=94400/100000 epoch=46.0938 loss=1.761496 dt=42.48ms
[TRAIN] step=94500/100000 epoch=46.1426 loss=1.759876 dt=38.25ms
[TRAIN] step=94600/100000 epoch=46.1914 loss=1.755476 dt=35.83ms
[TRAIN] step=94700/100000 epoch=46.2402 loss=1.756375 dt=35.98ms
[TRAIN] step=94800/100000 epoch=46.2891 loss=1.751390 dt=35.95ms
[TRAIN] step=94900/100000 epoch=46.3379 loss=1.767822 dt=36.52ms
[TRAIN] step=95000/100000 epoch=46.3867 loss=1.763254 dt=37.00ms
[TRAIN] step=95100/100000 epoch=46.4355 loss=1.761149 dt=40.27ms
[TRAIN] step=95200/100000 epoch=46.4844 loss=1.769667 dt=38.91ms
[TRAIN] step=95300/100000 epoch=46.5332 loss=1.761321 dt=38.33ms
[TRAIN] step=95400/100000 epoch=46.5820 loss=1.763068 dt=35.09ms
[TRAIN] step=95500/100000 epoch=46.6309 loss=1.769766 dt=35.07ms
[TRAIN] step=95600/100000 epoch=46.6797 loss=1.762240 dt=34.62ms
[TRAIN] step=95700/100000 epoch=46.7285 loss=1.764451 dt=32.76ms
[TRAIN] step=95800/100000 epoch=46.7773 loss=1.754068 dt=32.63ms
[TRAIN] step=95900/100000 epoch=46.8262 loss=1.745686 dt=35.08ms
[TRAIN] step=96000/100000 epoch=46.8750 loss=1.765512 dt=34.64ms
[TRAIN] step=96100/100000 epoch=46.9238 loss=1.758695 dt=35.01ms
[TRAIN] step=96200/100000 epoch=46.9727 loss=1.765409 dt=35.02ms
[TRAIN] step=96300/100000 epoch=47.0215 loss=1.756612 dt=35.22ms
[TRAIN] step=96400/100000 epoch=47.0703 loss=1.772805 dt=34.86ms
[TRAIN] step=96500/100000 epoch=47.1191 loss=1.762345 dt=32.38ms
[TRAIN] step=96600/100000 epoch=47.1680 loss=1.763422 dt=34.55ms
[TRAIN] step=96700/100000 epoch=47.2168 loss=1.757547 dt=34.99ms
[TRAIN] step=96800/100000 epoch=47.2656 loss=1.764047 dt=35.07ms
[TRAIN] step=96900/100000 epoch=47.3145 loss=1.764750 dt=35.05ms
[TRAIN] step=97000/100000 epoch=47.3633 loss=1.766755 dt=35.03ms
[TRAIN] step=97100/100000 epoch=47.4121 loss=1.750545 dt=35.31ms
[TRAIN] step=97200/100000 epoch=47.4609 loss=1.748146 dt=34.43ms
[TRAIN] step=97300/100000 epoch=47.5098 loss=1.761209 dt=34.22ms
[TRAIN] step=97400/100000 epoch=47.5586 loss=1.768307 dt=34.80ms
[TRAIN] step=97500/100000 epoch=47.6074 loss=1.754492 dt=34.98ms
[TRAIN] step=97600/100000 epoch=47.6562 loss=1.755487 dt=35.08ms
[TRAIN] step=97700/100000 epoch=47.7051 loss=1.763141 dt=35.18ms
[TRAIN] step=97800/100000 epoch=47.7539 loss=1.769340 dt=34.98ms
[TRAIN] step=97900/100000 epoch=47.8027 loss=1.759650 dt=34.45ms
[TRAIN] step=98000/100000 epoch=47.8516 loss=1.763280 dt=34.56ms
[TRAIN] step=98100/100000 epoch=47.9004 loss=1.755461 dt=34.90ms
[TRAIN] step=98200/100000 epoch=47.9492 loss=1.756931 dt=43.14ms
[TRAIN] step=98300/100000 epoch=47.9980 loss=1.766273 dt=34.99ms
[TRAIN] step=98400/100000 epoch=48.0469 loss=1.766968 dt=35.15ms
[TRAIN] step=98500/100000 epoch=48.0957 loss=1.768870 dt=41.97ms
[TRAIN] step=98600/100000 epoch=48.1445 loss=1.766316 dt=35.35ms
[TRAIN] step=98700/100000 epoch=48.1934 loss=1.761180 dt=35.19ms
[TRAIN] step=98800/100000 epoch=48.2422 loss=1.769602 dt=34.17ms
[TRAIN] step=98900/100000 epoch=48.2910 loss=1.759508 dt=35.10ms
[TRAIN] step=99000/100000 epoch=48.3398 loss=1.749382 dt=34.98ms
[TRAIN] step=99100/100000 epoch=48.3887 loss=1.753826 dt=35.03ms
[TRAIN] step=99200/100000 epoch=48.4375 loss=1.760924 dt=34.95ms
[TRAIN] step=99300/100000 epoch=48.4863 loss=1.761596 dt=35.27ms
[TRAIN] step=99400/100000 epoch=48.5352 loss=1.755754 dt=35.24ms
[TRAIN] step=99500/100000 epoch=48.5840 loss=1.761789 dt=34.83ms
[TRAIN] step=99600/100000 epoch=48.6328 loss=1.760464 dt=35.21ms
[TRAIN] step=99700/100000 epoch=48.6816 loss=1.761336 dt=34.78ms
[TRAIN] step=99800/100000 epoch=48.7305 loss=1.759608 dt=35.03ms
[TRAIN] step=99900/100000 epoch=48.7793 loss=1.765173 dt=34.87ms
[TRAIN] step=100000/100000 epoch=48.8281 loss=1.764865 dt=34.86ms
[CHECKPOINT] saved /mnt/beegfs/2a/mb12724/franc/small-language-modelling/data/slm_TR2_uniform_L6_v1/rhm_transformer_v2_P_65536_seed_rules_1_seed_sample_1_seed_model_1/checkpoints/checkpoint_step_100000.pt
[RHM] step=100000 train_peeled_loss_l=[0.00172, 0.00269, 0.00386, 0.02052, 0.36932, 0.33569] val_peeled_loss_l=[0.00178, 0.00266, 0.00403, 0.02056, 0.37058, 0.33597]
[RHM] step=100000 train_Mpos_l=[0.99998, 0.99999, 0.99991, 0.99761, 0.83340, 0.85470] val_Mpos_l=[0.99996, 1.00000, 0.99986, 0.99749, 0.83442, 0.85523] train_valid_l=[0.50794, 0.52496, 0.40835, 0.24731, 0.17043, 0.10061] val_valid_l=[0.50794, 0.52483, 0.40829, 0.24795, 0.17070, 0.10067]
[VALID] step=100000 epoch=48.8281 running=1.764865 train_loss=1.759985 val_loss=1.759620 val_acc=0.418034 log_specnorm=189.506609
[END] status=0 time=2026-06-18 11:48:27
